"../../../Engine/Plugins/2D/Paper2D/Content/PlaceholderTextures/DummySpriteTexture.ubulk" 0
"../../../Engine/Plugins/2D/Paper2D/Content/PlaceholderTextures/DummySpriteTexture.uasset" 1
"../../../Engine/Plugins/2D/Paper2D/Content/PlaceholderTextures/DummySpriteTexture.uexp" 2
"../../../Engine/Plugins/2D/Paper2D/Content/DummySprite.uasset" 3
"../../../Engine/Plugins/2D/Paper2D/Content/DummySprite.uexp" 4
"../../../Engine/Plugins/2D/Paper2D/Content/DefaultPaperTerrainMaterial.uasset" 5
"../../../Engine/Plugins/2D/Paper2D/Content/DefaultPaperTerrainMaterial.uexp" 6
"../../../Engine/Content/Animation/DefaultRecorderBoneCompression.uasset" 7
"../../../Engine/Content/Animation/DefaultRecorderBoneCompression.uexp" 8
"../../../Engine/Content/EngineFonts/Faces/DroidSansFallback.uexp" 9
"../../../Engine/Content/EngineFonts/Faces/DroidSansFallback.uasset" 10
"../../../Engine/Content/EngineFonts/Faces/DroidSansFallback.ufont" 11
"../../../Engine/Content/EngineFonts/Faces/RobotoRegular.uexp" 12
"../../../Engine/Content/EngineFonts/Faces/RobotoRegular.uasset" 13
"../../../Engine/Content/EngineFonts/Faces/RobotoRegular.ufont" 14
"../../../Engine/Content/EngineFonts/Faces/RobotoLight.uexp" 15
"../../../Engine/Content/EngineFonts/Faces/RobotoLight.uasset" 16
"../../../Engine/Content/EngineFonts/Faces/RobotoLight.ufont" 17
"../../../Engine/Content/EngineFonts/Faces/RobotoItalic.uexp" 18
"../../../Engine/Content/EngineFonts/Faces/RobotoItalic.uasset" 19
"../../../Engine/Content/EngineFonts/Faces/RobotoItalic.ufont" 20
"../../../Engine/Content/EngineFonts/Faces/RobotoBoldItalic.uexp" 21
"../../../Engine/Content/EngineFonts/Faces/RobotoBoldItalic.uasset" 22
"../../../Engine/Content/EngineFonts/Faces/RobotoBoldItalic.ufont" 23
"../../../Engine/Content/EngineFonts/Faces/RobotoBold.uexp" 24
"../../../Engine/Content/EngineFonts/Faces/RobotoBold.uasset" 25
"../../../Engine/Content/EngineFonts/Faces/RobotoBold.ufont" 26
"../../../Engine/Content/EngineFonts/Roboto.uasset" 27
"../../../Engine/Content/EngineFonts/Roboto.uexp" 28
"../../../Engine/Content/EngineFonts/Faces/DroidSansMono.uexp" 29
"../../../Engine/Content/EngineFonts/Faces/DroidSansMono.uasset" 30
"../../../Engine/Content/EngineFonts/Faces/DroidSansMono.ufont" 31
"../../../Engine/Content/EngineFonts/DroidSansMono.uasset" 32
"../../../Engine/Content/EngineFonts/DroidSansMono.uexp" 33
"../../../Engine/Plugins/Animation/ControlRig/Content/Controls/DefaultGizmoLibraryNormalized.uasset" 34
"../../../Engine/Plugins/Animation/ControlRig/Content/Controls/DefaultGizmoLibraryNormalized.uexp" 35
"../../../Engine/Content/EngineSounds/Master.uasset" 36
"../../../Engine/Content/EngineSounds/Master.uexp" 37
"../../../Engine/Content/EngineMaterials/DefaultPhysicalMaterial.uasset" 38
"../../../Engine/Content/EngineMaterials/DefaultPhysicalMaterial.uexp" 39
"../../../Engine/Content/EngineMaterials/DefaultDestructiblePhysicalMaterial.uasset" 40
"../../../Engine/Content/EngineMaterials/DefaultDestructiblePhysicalMaterial.uexp" 41
"../../../Engine/Plugins/Interchange/Runtime/Content/Pipelines/DefaultTexturePipeline.uasset" 42
"../../../Engine/Plugins/Interchange/Runtime/Content/Pipelines/DefaultTexturePipeline.uexp" 43
"../../../Engine/Plugins/Interchange/Runtime/Content/Pipelines/DefaultSceneLevelPipeline.uasset" 44
"../../../Engine/Plugins/Interchange/Runtime/Content/Pipelines/DefaultSceneLevelPipeline.uexp" 45
"../../../Engine/Plugins/Interchange/Runtime/Content/Pipelines/DefaultSceneAssetsPipeline.uasset" 46
"../../../Engine/Plugins/Interchange/Runtime/Content/Pipelines/DefaultSceneAssetsPipeline.uexp" 47
"../../../Engine/Plugins/Interchange/Runtime/Content/Pipelines/DefaultMaterialXPipeline.uasset" 48
"../../../Engine/Plugins/Interchange/Runtime/Content/Pipelines/DefaultMaterialXPipeline.uexp" 49
"../../../Engine/Plugins/Interchange/Runtime/Content/Pipelines/DefaultMaterialPipeline.uasset" 50
"../../../Engine/Plugins/Interchange/Runtime/Content/Pipelines/DefaultMaterialPipeline.uexp" 51
"../../../Engine/Plugins/Interchange/Runtime/Content/Pipelines/DefaultGLTFSceneAssetsPipeline.uasset" 52
"../../../Engine/Plugins/Interchange/Runtime/Content/Pipelines/DefaultGLTFSceneAssetsPipeline.uexp" 53
"../../../Engine/Plugins/Interchange/Runtime/Content/Pipelines/DefaultGLTFPipeline.uasset" 54
"../../../Engine/Plugins/Interchange/Runtime/Content/Pipelines/DefaultGLTFPipeline.uexp" 55
"../../../Engine/Plugins/Interchange/Runtime/Content/Pipelines/DefaultGLTFAssetsPipeline.uasset" 56
"../../../Engine/Plugins/Interchange/Runtime/Content/Pipelines/DefaultGLTFAssetsPipeline.uexp" 57
"../../../Engine/Plugins/Interchange/Runtime/Content/Pipelines/DefaultAssetsPipeline.uasset" 58
"../../../Engine/Plugins/Interchange/Runtime/Content/Pipelines/DefaultAssetsPipeline.uexp" 59
"../../../Engine/Content/EngineResources/GradientTexture0.uasset" 60
"../../../Engine/Content/EngineResources/GradientTexture0.uexp" 61
"../../../Engine/Content/EngineResources/Black.uasset" 62
"../../../Engine/Content/EngineResources/Black.uexp" 63
"../../../Engine/Plugins/NNE/NNEDenoiser/Content/NNEDTOM_Output_Default.uasset" 64
"../../../Engine/Plugins/NNE/NNEDenoiser/Content/NNEDTOM_Output_Default.uexp" 65
"../../../Engine/Plugins/NNE/NNEDenoiser/Content/NNEDTOM_Output_Alpha.uasset" 66
"../../../Engine/Plugins/NNE/NNEDenoiser/Content/NNEDTOM_Output_Alpha.uexp" 67
"../../../Engine/Plugins/NNE/NNEDenoiser/Content/NNEDTIM_ColorAlbedoNormal_Default.uasset" 68
"../../../Engine/Plugins/NNE/NNEDenoiser/Content/NNEDTIM_ColorAlbedoNormal_Default.uexp" 69
"../../../Engine/Plugins/NNE/NNEDenoiser/Content/NNEDTIM_ColorAlbedoNormal_Alpha.uasset" 70
"../../../Engine/Plugins/NNE/NNEDenoiser/Content/NNEDTIM_ColorAlbedoNormal_Alpha.uexp" 71
"../../../Engine/Plugins/NNE/NNEDenoiser/Content/NNEDOM_Output_Default.uasset" 72
"../../../Engine/Plugins/NNE/NNEDenoiser/Content/NNEDOM_Output_Default.uexp" 73
"../../../Engine/Plugins/NNE/NNEDenoiser/Content/NNEDOM_Output_Alpha.uasset" 74
"../../../Engine/Plugins/NNE/NNEDenoiser/Content/NNEDOM_Output_Alpha.uexp" 75
"../../../Engine/Plugins/NNE/NNEDenoiser/Content/NNEDIM_HighQuality_Default.uasset" 76
"../../../Engine/Plugins/NNE/NNEDenoiser/Content/NNEDIM_HighQuality_Default.uexp" 77
"../../../Engine/Plugins/NNE/NNEDenoiser/Content/NNEDIM_HighQuality_Alpha.uasset" 78
"../../../Engine/Plugins/NNE/NNEDenoiser/Content/NNEDIM_HighQuality_Alpha.uexp" 79
"../../../Engine/Plugins/NNE/NNEDenoiser/Content/NNEDIM_ColorAlbedoNormal_Default.uasset" 80
"../../../Engine/Plugins/NNE/NNEDenoiser/Content/NNEDIM_ColorAlbedoNormal_Default.uexp" 81
"../../../Engine/Plugins/NNE/NNEDenoiser/Content/NNEDIM_ColorAlbedoNormal_Alpha.uasset" 82
"../../../Engine/Plugins/NNE/NNEDenoiser/Content/NNEDIM_ColorAlbedoNormal_Alpha.uexp" 83
"../../../Engine/Content/EngineDamageTypes/DmgTypeBP_Environmental.uasset" 84
"../../../Engine/Content/EngineDamageTypes/DmgTypeBP_Environmental.uexp" 85
"../../../Engine/Content/EditorResources/S_TriggerSphere.uasset" 86
"../../../Engine/Content/EditorResources/S_TriggerSphere.uexp" 87
"../../../Engine/Content/EditorResources/S_TriggerCapsule.uasset" 88
"../../../Engine/Content/EditorResources/S_TriggerCapsule.uexp" 89
"../../../Engine/Content/EditorResources/S_TriggerBox.uasset" 90
"../../../Engine/Content/EditorResources/S_TriggerBox.uexp" 91
"../../../Engine/Content/EditorResources/S_Trigger.ubulk" 92
"../../../Engine/Content/EditorResources/S_Trigger.uasset" 93
"../../../Engine/Content/EditorResources/S_Trigger.uexp" 94
"../../../Engine/Content/EditorResources/S_Terrain.ubulk" 95
"../../../Engine/Content/EditorResources/S_Terrain.uasset" 96
"../../../Engine/Content/EditorResources/S_Terrain.uexp" 97
"../../../Engine/Content/EditorResources/S_Solver.ubulk" 98
"../../../Engine/Content/EditorResources/S_Solver.uasset" 99
"../../../Engine/Content/EditorResources/S_Solver.uexp" 100
"../../../Engine/Content/EditorResources/S_BoxReflectionCapture.uasset" 101
"../../../Engine/Content/EditorResources/S_BoxReflectionCapture.uexp" 102
"../../../Engine/Content/EditorResources/S_Actor.ubulk" 103
"../../../Engine/Content/EditorResources/S_Actor.uasset" 104
"../../../Engine/Content/EditorResources/S_Actor.uexp" 105
"../../../Engine/Content/EditorResources/BSPVertex.uasset" 106
"../../../Engine/Content/EditorResources/BSPVertex.uexp" 107
"../../../Engine/Content/EngineMaterials/PreintegratedSkinBRDF.uasset" 108
"../../../Engine/Content/EngineMaterials/PreintegratedSkinBRDF.uexp" 109
"../../../Engine/Content/EngineMaterials/MiniFont.uasset" 110
"../../../Engine/Content/EngineMaterials/MiniFont.uexp" 111
"../../../Engine/Content/EngineMaterials/FastBlueNoise_vec2_128x128x64.uasset" 112
"../../../Engine/Content/EngineMaterials/FastBlueNoise_vec2_128x128x64.uexp" 113
"../../../Engine/Content/EngineMaterials/FastBlueNoise_scalar_128x128x8.uasset" 114
"../../../Engine/Content/EngineMaterials/FastBlueNoise_scalar_128x128x8.uexp" 115
"../../../Engine/Content/EngineMaterials/FastBlueNoise_scalar_128x128x64.uasset" 116
"../../../Engine/Content/EngineMaterials/FastBlueNoise_scalar_128x128x64.uexp" 117
"../../../Engine/Content/EngineMaterials/DefaultWhiteGrid.ubulk" 118
"../../../Engine/Content/EngineMaterials/DefaultWhiteGrid.uasset" 119
"../../../Engine/Content/EngineMaterials/DefaultWhiteGrid.uexp" 120
"../../../Engine/Content/EngineMaterials/DefaultBokeh.uasset" 121
"../../../Engine/Content/EngineMaterials/DefaultBokeh.uexp" 122
"../../../Engine/Content/EngineMaterials/DefaultBloomKernel.uasset" 123
"../../../Engine/Content/EngineMaterials/DefaultBloomKernel.uexp" 124
"../../../Engine/Plugins/Runtime/AudioWidgets/Content/Resources/ScrubHandleDown_Clamped.uasset" 125
"../../../Engine/Plugins/Runtime/AudioWidgets/Content/Resources/ScrubHandleDown_Clamped.uexp" 126
"../../../Engine/Content/EditorMaterials/ParticleSystems/PSysThumbnail_OOD.ubulk" 127
"../../../Engine/Content/EditorMaterials/ParticleSystems/PSysThumbnail_OOD.uasset" 128
"../../../Engine/Content/EditorMaterials/ParticleSystems/PSysThumbnail_OOD.uexp" 129
"../../../Engine/Content/EditorMaterials/ParticleSystems/PSysThumbnail_NoImage.ubulk" 130
"../../../Engine/Content/EditorMaterials/ParticleSystems/PSysThumbnail_NoImage.uasset" 131
"../../../Engine/Content/EditorMaterials/ParticleSystems/PSysThumbnail_NoImage.uexp" 132
"../../../Engine/Content/EngineResources/FilmGrains/Marcie_Grain_v3_128_M2_000.uasset" 133
"../../../Engine/Content/EngineResources/FilmGrains/Marcie_Grain_v3_128_M2_000.uexp" 134
"../../../Engine/Content/EngineResources/Development/ZenLogo_64.uasset" 135
"../../../Engine/Content/EngineResources/Development/ZenLogo_64.uexp" 136
"../../../Engine/Content/EngineMaterials/LTC/Sheen_LTC.uasset" 137
"../../../Engine/Content/EngineMaterials/LTC/Sheen_LTC.uexp" 138
"../../../Engine/Content/EngineMaterials/LTC/GGX_LTCMat.uasset" 139
"../../../Engine/Content/EngineMaterials/LTC/GGX_LTCMat.uexp" 140
"../../../Engine/Content/EngineMaterials/LTC/GGX_LTCAmp.uasset" 141
"../../../Engine/Content/EngineMaterials/LTC/GGX_LTCAmp.uexp" 142
"../../../Engine/Content/EngineMaterials/EnergyConservation/Sheen_Energy.uasset" 143
"../../../Engine/Content/EngineMaterials/EnergyConservation/Sheen_Energy.uexp" 144
"../../../Engine/Content/EngineMaterials/EnergyConservation/SheenLegacy_Energy.uasset" 145
"../../../Engine/Content/EngineMaterials/EnergyConservation/SheenLegacy_Energy.uexp" 146
"../../../Engine/Content/EngineMaterials/EnergyConservation/GGX_TransmissionEnergyArray.uasset" 147
"../../../Engine/Content/EngineMaterials/EnergyConservation/GGX_TransmissionEnergyArray.uexp" 148
"../../../Engine/Content/EngineMaterials/EnergyConservation/GGX_ReflectionEnergy.uasset" 149
"../../../Engine/Content/EngineMaterials/EnergyConservation/GGX_ReflectionEnergy.uexp" 150
"../../../Engine/Content/EngineMaterials/EnergyConservation/Diffuse_Energy.uasset" 151
"../../../Engine/Content/EngineMaterials/EnergyConservation/Diffuse_Energy.uexp" 152
"../../../Engine/Content/EditorResources/SequenceRecorder/RecordingIndicator.uasset" 153
"../../../Engine/Content/EditorResources/SequenceRecorder/RecordingIndicator.uexp" 154
"../../../Engine/Content/EditorResources/SequenceRecorder/Countdown.uasset" 155
"../../../Engine/Content/EditorResources/SequenceRecorder/Countdown.uexp" 156
"../../../Engine/Content/Functions/Engine_MaterialFunctions01/Shading/PowerToRoughness.uasset" 157
"../../../Engine/Content/Functions/Engine_MaterialFunctions01/Shading/PowerToRoughness.uexp" 158
"../../../Engine/Content/Functions/Engine_MaterialFunctions01/Shading/ConvertFromDiffSpec.uasset" 159
"../../../Engine/Content/Functions/Engine_MaterialFunctions01/Shading/ConvertFromDiffSpec.uexp" 160
"../../../Engine/Content/EngineMeshes/Sphere.ubulk" 161
"../../../Engine/Content/EngineMeshes/Sphere.uasset" 162
"../../../Engine/Content/EngineMeshes/Sphere.uexp" 163
"../../../Engine/Content/EngineMaterials/Substrate/GLints/AGlintTex2dArray.uasset" 164
"../../../Engine/Content/EngineMaterials/Substrate/GLints/AGlintTex2dArray.uexp" 165
"../../../Engine/Content/EngineMaterials/Substrate/Glints2/AGlintTex2dArray2.uasset" 166
"../../../Engine/Content/EngineMaterials/Substrate/Glints2/AGlintTex2dArray2.uexp" 167
"../../../Engine/Content/EngineMaterials/T_Default_Material_Grid_M.ubulk" 168
"../../../Engine/Content/EngineMaterials/T_Default_Material_Grid_M.uasset" 169
"../../../Engine/Content/EngineMaterials/T_Default_Material_Grid_M.uexp" 170
"../../../Engine/Content/Functions/Engine_MaterialFunctions01/Opacity/CameraDepthFade.uasset" 171
"../../../Engine/Content/Functions/Engine_MaterialFunctions01/Opacity/CameraDepthFade.uexp" 172
"../../../Engine/Content/EngineMaterials/T_Default_Material_Grid_N.ubulk" 173
"../../../Engine/Content/EngineMaterials/T_Default_Material_Grid_N.uasset" 174
"../../../Engine/Content/EngineMaterials/T_Default_Material_Grid_N.uexp" 175
"../../../Engine/Content/EngineMaterials/WorldGridMaterial.uasset" 176
"../../../Engine/Content/EngineMaterials/WorldGridMaterial.uexp" 177
"../../../Engine/Content/ArtTools/RenderToTexture/Meshes/S_1_Unit_Plane.ubulk" 178
"../../../Engine/Content/ArtTools/RenderToTexture/Meshes/S_1_Unit_Plane.uasset" 179
"../../../Engine/Content/ArtTools/RenderToTexture/Meshes/S_1_Unit_Plane.uexp" 180
"../../../Engine/Content/VREditor/TransformGizmo/TranslucentTransformGizmoMaterial.uasset" 181
"../../../Engine/Content/VREditor/TransformGizmo/TranslucentTransformGizmoMaterial.uexp" 182
"../../../Engine/Content/VREditor/LaserPointer/VR_LaserPower_01.ubulk" 183
"../../../Engine/Content/VREditor/LaserPointer/VR_LaserPower_01.uasset" 184
"../../../Engine/Content/VREditor/LaserPointer/VR_LaserPower_01.uexp" 185
"../../../Engine/Content/VREditor/TransformGizmo/TransformGizmoMaterial.uasset" 186
"../../../Engine/Content/VREditor/TransformGizmo/TransformGizmoMaterial.uexp" 187
"../../../Engine/Content/VREditor/TransformGizmo/BoundingBoxCorner.ubulk" 188
"../../../Engine/Content/VREditor/TransformGizmo/BoundingBoxCorner.uasset" 189
"../../../Engine/Content/VREditor/TransformGizmo/BoundingBoxCorner.uexp" 190
"../../../Engine/Content/VREditor/TransformGizmo/BoundingBoxEdge.ubulk" 191
"../../../Engine/Content/VREditor/TransformGizmo/BoundingBoxEdge.uasset" 192
"../../../Engine/Content/VREditor/TransformGizmo/BoundingBoxEdge.uexp" 193
"../../../Engine/Content/VREditor/TransformGizmo/Xray.uasset" 194
"../../../Engine/Content/VREditor/TransformGizmo/Xray.uexp" 195
"../../../Engine/Content/VREditor/TransformGizmo/Main.uasset" 196
"../../../Engine/Content/VREditor/TransformGizmo/Main.uexp" 197
"../../../Engine/Content/VREditor/TransformGizmo/SM_Sequencer_Node.ubulk" 198
"../../../Engine/Content/VREditor/TransformGizmo/SM_Sequencer_Node.uasset" 199
"../../../Engine/Content/VREditor/TransformGizmo/SM_Sequencer_Node.uexp" 200
"../../../Engine/Content/Functions/Engine_MaterialFunctions02/Utility/MakeFloat3.uasset" 201
"../../../Engine/Content/Functions/Engine_MaterialFunctions02/Utility/MakeFloat3.uexp" 202
"../../../Engine/Content/Functions/Engine_MaterialFunctions02/Utility/BreakOutFloat3Components.uasset" 203
"../../../Engine/Content/Functions/Engine_MaterialFunctions02/Utility/BreakOutFloat3Components.uexp" 204
"../../../Engine/Plugins/Interchange/Assets/Content/Utilities/New_LUT.uasset" 205
"../../../Engine/Plugins/Interchange/Assets/Content/Utilities/New_LUT.uexp" 206
"../../../Engine/Content/Functions/Engine_MaterialFunctions03/Math/RemapValueRange.uasset" 207
"../../../Engine/Content/Functions/Engine_MaterialFunctions03/Math/RemapValueRange.uexp" 208
"../../../Engine/Plugins/Interchange/Assets/Content/Functions/MF_Iridescence.uasset" 209
"../../../Engine/Plugins/Interchange/Assets/Content/Functions/MF_Iridescence.uexp" 210
"../../../Engine/Plugins/Interchange/Assets/Content/gltf/Textures/T_White_srgb.uasset" 211
"../../../Engine/Plugins/Interchange/Assets/Content/gltf/Textures/T_White_srgb.uexp" 212
"../../../Engine/Plugins/Interchange/Assets/Content/gltf/MaterialFunctions/MF_BaseColor.uasset" 213
"../../../Engine/Plugins/Interchange/Assets/Content/gltf/MaterialFunctions/MF_BaseColor.uexp" 214
"../../../Engine/Plugins/Interchange/Assets/Content/gltf/MaterialFunctions/MF_RotateV2.uasset" 215
"../../../Engine/Plugins/Interchange/Assets/Content/gltf/MaterialFunctions/MF_RotateV2.uexp" 216
"../../../Engine/Plugins/Interchange/Assets/Content/gltf/MaterialFunctions/MF_TransformUVs.uasset" 217
"../../../Engine/Plugins/Interchange/Assets/Content/gltf/MaterialFunctions/MF_TransformUVs.uexp" 218
"../../../Engine/Plugins/Interchange/Assets/Content/gltf/MaterialFunctions/MF_IOR.uasset" 219
"../../../Engine/Plugins/Interchange/Assets/Content/gltf/MaterialFunctions/MF_IOR.uexp" 220
"../../../Engine/Plugins/Interchange/Assets/Content/Functions/MF_IridescenceNoLUT.uasset" 221
"../../../Engine/Plugins/Interchange/Assets/Content/Functions/MF_IridescenceNoLUT.uexp" 222
"../../../Engine/Plugins/Interchange/Assets/Content/gltf/MaterialFunctions/MF_Iridescence.uasset" 223
"../../../Engine/Plugins/Interchange/Assets/Content/gltf/MaterialFunctions/MF_Iridescence.uexp" 224
"../../../Engine/Plugins/Interchange/Assets/Content/gltf/Textures/T_White_Linear.uasset" 225
"../../../Engine/Plugins/Interchange/Assets/Content/gltf/Textures/T_White_Linear.uexp" 226
"../../../Engine/Plugins/Interchange/Assets/Content/gltf/MaterialFunctions/MF_MetallicRoughness.uasset" 227
"../../../Engine/Plugins/Interchange/Assets/Content/gltf/MaterialFunctions/MF_MetallicRoughness.uexp" 228
"../../../Engine/Content/Functions/Engine_MaterialFunctions02/Math/Transform3x3Matrix.uasset" 229
"../../../Engine/Content/Functions/Engine_MaterialFunctions02/Math/Transform3x3Matrix.uexp" 230
"../../../Engine/Plugins/Interchange/Assets/Content/gltf/MaterialFunctions/MF_RotateNormals_TS.uasset" 231
"../../../Engine/Plugins/Interchange/Assets/Content/gltf/MaterialFunctions/MF_RotateNormals_TS.uexp" 232
"../../../Engine/Plugins/Interchange/Assets/Content/gltf/MaterialFunctions/MF_ScaleNormal.uasset" 233
"../../../Engine/Plugins/Interchange/Assets/Content/gltf/MaterialFunctions/MF_ScaleNormal.uexp" 234
"../../../Engine/Plugins/Interchange/Assets/Content/gltf/Textures/T_Generic_N.uasset" 235
"../../../Engine/Plugins/Interchange/Assets/Content/gltf/Textures/T_Generic_N.uexp" 236
"../../../Engine/Plugins/Interchange/Assets/Content/gltf/MaterialFunctions/MF_Normals.uasset" 237
"../../../Engine/Plugins/Interchange/Assets/Content/gltf/MaterialFunctions/MF_Normals.uexp" 238
"../../../Engine/Plugins/Interchange/Assets/Content/gltf/MaterialFunctions/MF_Occlusion.uasset" 239
"../../../Engine/Plugins/Interchange/Assets/Content/gltf/MaterialFunctions/MF_Occlusion.uexp" 240
"../../../Engine/Plugins/Interchange/Assets/Content/gltf/MaterialFunctions/MF_Specular.uasset" 241
"../../../Engine/Plugins/Interchange/Assets/Content/gltf/MaterialFunctions/MF_Specular.uexp" 242
"../../../Engine/Plugins/Interchange/Assets/Content/gltf/Textures/T_Anisotropy_Direction_Linear.uasset" 243
"../../../Engine/Plugins/Interchange/Assets/Content/gltf/Textures/T_Anisotropy_Direction_Linear.uexp" 244
"../../../Engine/Plugins/Interchange/Assets/Content/gltf/MaterialFunctions/MF_SpecularAnisotropy.uasset" 245
"../../../Engine/Plugins/Interchange/Assets/Content/gltf/MaterialFunctions/MF_SpecularAnisotropy.uexp" 246
"../../../Engine/Plugins/Interchange/Assets/Content/gltf/MaterialFunctions/MF_Emissive.uasset" 247
"../../../Engine/Plugins/Interchange/Assets/Content/gltf/MaterialFunctions/MF_Emissive.uexp" 248
"../../../Engine/Content/Functions/Engine_MaterialFunctions01/Texturing/FlattenNormal.uasset" 249
"../../../Engine/Content/Functions/Engine_MaterialFunctions01/Texturing/FlattenNormal.uexp" 250
"../../../Engine/Plugins/Interchange/Assets/Content/gltf/MaterialFunctions/MF_Clearcoat.uasset" 251
"../../../Engine/Plugins/Interchange/Assets/Content/gltf/MaterialFunctions/MF_Clearcoat.uexp" 252
"../../../Engine/Plugins/Interchange/Assets/Content/gltf/MaterialBodies/MF_ClearCoat_Body.uasset" 253
"../../../Engine/Plugins/Interchange/Assets/Content/gltf/MaterialBodies/MF_ClearCoat_Body.uexp" 254
"../../../Engine/Plugins/Interchange/Assets/Content/gltf/M_ClearCoat.uasset" 255
"../../../Engine/Plugins/Interchange/Assets/Content/gltf/M_ClearCoat.uexp" 256
"../../../Engine/Plugins/Interchange/Assets/Content/gltf/MaterialInstances/MI_ClearCoat_Blend.uasset" 257
"../../../Engine/Plugins/Interchange/Assets/Content/gltf/MaterialInstances/MI_ClearCoat_Blend.uexp" 258
"../../../Engine/Plugins/Interchange/Assets/Content/gltf/MaterialInstances/MI_ClearCoat_Blend_DS.uasset" 259
"../../../Engine/Plugins/Interchange/Assets/Content/gltf/MaterialInstances/MI_ClearCoat_Blend_DS.uexp" 260
"../../../Engine/Plugins/Interchange/Assets/Content/gltf/MaterialInstances/MI_ClearCoat_Mask.uasset" 261
"../../../Engine/Plugins/Interchange/Assets/Content/gltf/MaterialInstances/MI_ClearCoat_Mask.uexp" 262
"../../../Engine/Plugins/Interchange/Assets/Content/gltf/MaterialInstances/MI_ClearCoat_Mask_DS.uasset" 263
"../../../Engine/Plugins/Interchange/Assets/Content/gltf/MaterialInstances/MI_ClearCoat_Mask_DS.uexp" 264
"../../../Engine/Plugins/Interchange/Assets/Content/gltf/MaterialInstances/MI_ClearCoat_Opaque.uasset" 265
"../../../Engine/Plugins/Interchange/Assets/Content/gltf/MaterialInstances/MI_ClearCoat_Opaque.uexp" 266
"../../../Engine/Plugins/Interchange/Assets/Content/gltf/MaterialInstances/MI_ClearCoat_Opaque_DS.uasset" 267
"../../../Engine/Plugins/Interchange/Assets/Content/gltf/MaterialInstances/MI_ClearCoat_Opaque_DS.uexp" 268
"../../../Engine/Plugins/Interchange/Assets/Content/gltf/MaterialBodies/MF_Default_Body.uasset" 269
"../../../Engine/Plugins/Interchange/Assets/Content/gltf/MaterialBodies/MF_Default_Body.uexp" 270
"../../../Engine/Plugins/Interchange/Assets/Content/gltf/M_Default.uasset" 271
"../../../Engine/Plugins/Interchange/Assets/Content/gltf/M_Default.uexp" 272
"../../../Engine/Plugins/Interchange/Assets/Content/gltf/MaterialInstances/MI_Default_Blend.uasset" 273
"../../../Engine/Plugins/Interchange/Assets/Content/gltf/MaterialInstances/MI_Default_Blend.uexp" 274
"../../../Engine/Plugins/Interchange/Assets/Content/gltf/MaterialInstances/MI_Default_Mask.uasset" 275
"../../../Engine/Plugins/Interchange/Assets/Content/gltf/MaterialInstances/MI_Default_Mask.uexp" 276
"../../../Engine/Plugins/Interchange/Assets/Content/gltf/MaterialInstances/MI_Default_Opaque.uasset" 277
"../../../Engine/Plugins/Interchange/Assets/Content/gltf/MaterialInstances/MI_Default_Opaque.uexp" 278
"../../../Engine/Plugins/Interchange/Assets/Content/gltf/MaterialFunctions/MF_Sheen.uasset" 279
"../../../Engine/Plugins/Interchange/Assets/Content/gltf/MaterialFunctions/MF_Sheen.uexp" 280
"../../../Engine/Plugins/Interchange/Assets/Content/gltf/MaterialBodies/MF_Sheen_Body.uasset" 281
"../../../Engine/Plugins/Interchange/Assets/Content/gltf/MaterialBodies/MF_Sheen_Body.uexp" 282
"../../../Engine/Plugins/Interchange/Assets/Content/gltf/M_Sheen.uasset" 283
"../../../Engine/Plugins/Interchange/Assets/Content/gltf/M_Sheen.uexp" 284
"../../../Engine/Plugins/Interchange/Assets/Content/gltf/MaterialInstances/MI_Sheen_Blend.uasset" 285
"../../../Engine/Plugins/Interchange/Assets/Content/gltf/MaterialInstances/MI_Sheen_Blend.uexp" 286
"../../../Engine/Plugins/Interchange/Assets/Content/gltf/MaterialInstances/MI_Sheen_Blend_DS.uasset" 287
"../../../Engine/Plugins/Interchange/Assets/Content/gltf/MaterialInstances/MI_Sheen_Blend_DS.uexp" 288
"../../../Engine/Plugins/Interchange/Assets/Content/gltf/MaterialInstances/MI_Sheen_Mask.uasset" 289
"../../../Engine/Plugins/Interchange/Assets/Content/gltf/MaterialInstances/MI_Sheen_Mask.uexp" 290
"../../../Engine/Plugins/Interchange/Assets/Content/gltf/MaterialInstances/MI_Sheen_Mask_DS.uasset" 291
"../../../Engine/Plugins/Interchange/Assets/Content/gltf/MaterialInstances/MI_Sheen_Mask_DS.uexp" 292
"../../../Engine/Plugins/Interchange/Assets/Content/gltf/MaterialInstances/MI_Sheen_Opaque.uasset" 293
"../../../Engine/Plugins/Interchange/Assets/Content/gltf/MaterialInstances/MI_Sheen_Opaque.uexp" 294
"../../../Engine/Plugins/Interchange/Assets/Content/gltf/MaterialInstances/MI_Sheen_Opaque_DS.uasset" 295
"../../../Engine/Plugins/Interchange/Assets/Content/gltf/MaterialInstances/MI_Sheen_Opaque_DS.uexp" 296
"../../../Engine/Content/Functions/Engine_MaterialFunctions02/Math/AddComponents.uasset" 297
"../../../Engine/Content/Functions/Engine_MaterialFunctions02/Math/AddComponents.uexp" 298
"../../../Engine/Plugins/Interchange/Assets/Content/gltf/MaterialFunctions/MF_DiffuseSpecGloss.uasset" 299
"../../../Engine/Plugins/Interchange/Assets/Content/gltf/MaterialFunctions/MF_DiffuseSpecGloss.uexp" 300
"../../../Engine/Plugins/Interchange/Assets/Content/gltf/MaterialFunctions/MF_MaxComponentValue.uasset" 301
"../../../Engine/Plugins/Interchange/Assets/Content/gltf/MaterialFunctions/MF_MaxComponentValue.uexp" 302
"../../../Engine/Plugins/Interchange/Assets/Content/gltf/MaterialFunctions/MF_PerceivedBrightness.uasset" 303
"../../../Engine/Plugins/Interchange/Assets/Content/gltf/MaterialFunctions/MF_PerceivedBrightness.uexp" 304
"../../../Engine/Plugins/Interchange/Assets/Content/gltf/MaterialFunctions/MF_SpecGlossToMetalRoughness.uasset" 305
"../../../Engine/Plugins/Interchange/Assets/Content/gltf/MaterialFunctions/MF_SpecGlossToMetalRoughness.uexp" 306
"../../../Engine/Plugins/Interchange/Assets/Content/gltf/MaterialBodies/MF_SpecularGlossiness_Body.uasset" 307
"../../../Engine/Plugins/Interchange/Assets/Content/gltf/MaterialBodies/MF_SpecularGlossiness_Body.uexp" 308
"../../../Engine/Plugins/Interchange/Assets/Content/gltf/M_SpecularGlossiness.uasset" 309
"../../../Engine/Plugins/Interchange/Assets/Content/gltf/M_SpecularGlossiness.uexp" 310
"../../../Engine/Plugins/Interchange/Assets/Content/gltf/MaterialInstances/MI_SpecularGlossiness_Blend.uasset" 311
"../../../Engine/Plugins/Interchange/Assets/Content/gltf/MaterialInstances/MI_SpecularGlossiness_Blend.uexp" 312
"../../../Engine/Plugins/Interchange/Assets/Content/gltf/MaterialInstances/MI_SpecularGlossiness_Blend_DS.uasset" 313
"../../../Engine/Plugins/Interchange/Assets/Content/gltf/MaterialInstances/MI_SpecularGlossiness_Blend_DS.uexp" 314
"../../../Engine/Plugins/Interchange/Assets/Content/gltf/MaterialInstances/MI_SpecularGlossiness_Mask.uasset" 315
"../../../Engine/Plugins/Interchange/Assets/Content/gltf/MaterialInstances/MI_SpecularGlossiness_Mask.uexp" 316
"../../../Engine/Plugins/Interchange/Assets/Content/gltf/MaterialInstances/MI_SpecularGlossiness_Mask_DS.uasset" 317
"../../../Engine/Plugins/Interchange/Assets/Content/gltf/MaterialInstances/MI_SpecularGlossiness_Mask_DS.uexp" 318
"../../../Engine/Plugins/Interchange/Assets/Content/gltf/MaterialInstances/MI_SpecularGlossiness_Opaque.uasset" 319
"../../../Engine/Plugins/Interchange/Assets/Content/gltf/MaterialInstances/MI_SpecularGlossiness_Opaque.uexp" 320
"../../../Engine/Plugins/Interchange/Assets/Content/gltf/MaterialInstances/MI_SpecularGlossiness_Opaque_DS.uasset" 321
"../../../Engine/Plugins/Interchange/Assets/Content/gltf/MaterialInstances/MI_SpecularGlossiness_Opaque_DS.uexp" 322
"../../../Engine/Content/Functions/Engine_MaterialFunctions02/Utility/CameraDirectionVector.uasset" 323
"../../../Engine/Content/Functions/Engine_MaterialFunctions02/Utility/CameraDirectionVector.uexp" 324
"../../../Engine/Content/EngineMaterials/Good64x64TilingNoiseHighFreq.uasset" 325
"../../../Engine/Content/EngineMaterials/Good64x64TilingNoiseHighFreq.uexp" 326
"../../../Engine/Content/Functions/Engine_MaterialFunctions02/Texturing/ScreenAlignedPixelToPixelUVs.uasset" 327
"../../../Engine/Content/Functions/Engine_MaterialFunctions02/Texturing/ScreenAlignedPixelToPixelUVs.uexp" 328
"../../../Engine/Plugins/Interchange/Assets/Content/gltf/MaterialFunctions/MF_Fresnel_DS.uasset" 329
"../../../Engine/Plugins/Interchange/Assets/Content/gltf/MaterialFunctions/MF_Fresnel_DS.uexp" 330
"../../../Engine/Plugins/Interchange/Assets/Content/gltf/MaterialFunctions/MF_Temporal_Blur.uasset" 331
"../../../Engine/Plugins/Interchange/Assets/Content/gltf/MaterialFunctions/MF_Temporal_Blur.uexp" 332
"../../../Engine/Plugins/Interchange/Assets/Content/gltf/MaterialFunctions/MF_Transmission.uasset" 333
"../../../Engine/Plugins/Interchange/Assets/Content/gltf/MaterialFunctions/MF_Transmission.uexp" 334
"../../../Engine/Plugins/Interchange/Assets/Content/gltf/MaterialBodies/MF_Transmission_Body.uasset" 335
"../../../Engine/Plugins/Interchange/Assets/Content/gltf/MaterialBodies/MF_Transmission_Body.uexp" 336
"../../../Engine/Plugins/Interchange/Assets/Content/gltf/M_Transmission.uasset" 337
"../../../Engine/Plugins/Interchange/Assets/Content/gltf/M_Transmission.uexp" 338
"../../../Engine/Plugins/Interchange/Assets/Content/gltf/MaterialInstances/MI_Transmission.uasset" 339
"../../../Engine/Plugins/Interchange/Assets/Content/gltf/MaterialInstances/MI_Transmission.uexp" 340
"../../../Engine/Plugins/Interchange/Assets/Content/gltf/MaterialBodies/MF_Unlit_Body.uasset" 341
"../../../Engine/Plugins/Interchange/Assets/Content/gltf/MaterialBodies/MF_Unlit_Body.uexp" 342
"../../../Engine/Plugins/Interchange/Assets/Content/gltf/M_Unlit.uasset" 343
"../../../Engine/Plugins/Interchange/Assets/Content/gltf/M_Unlit.uexp" 344
"../../../Engine/Plugins/Interchange/Assets/Content/gltf/MaterialInstances/MI_Unlit_Blend.uasset" 345
"../../../Engine/Plugins/Interchange/Assets/Content/gltf/MaterialInstances/MI_Unlit_Blend.uexp" 346
"../../../Engine/Plugins/Interchange/Assets/Content/gltf/MaterialInstances/MI_Unlit_Blend_DS.uasset" 347
"../../../Engine/Plugins/Interchange/Assets/Content/gltf/MaterialInstances/MI_Unlit_Blend_DS.uexp" 348
"../../../Engine/Plugins/Interchange/Assets/Content/gltf/MaterialInstances/MI_Unlit_Mask.uasset" 349
"../../../Engine/Plugins/Interchange/Assets/Content/gltf/MaterialInstances/MI_Unlit_Mask.uexp" 350
"../../../Engine/Plugins/Interchange/Assets/Content/gltf/MaterialInstances/MI_Unlit_Mask_DS.uasset" 351
"../../../Engine/Plugins/Interchange/Assets/Content/gltf/MaterialInstances/MI_Unlit_Mask_DS.uexp" 352
"../../../Engine/Plugins/Interchange/Assets/Content/gltf/MaterialInstances/MI_Unlit_Opaque.uasset" 353
"../../../Engine/Plugins/Interchange/Assets/Content/gltf/MaterialInstances/MI_Unlit_Opaque.uexp" 354
"../../../Engine/Plugins/Interchange/Assets/Content/gltf/MaterialInstances/MI_Unlit_Opaque_DS.uasset" 355
"../../../Engine/Plugins/Interchange/Assets/Content/gltf/MaterialInstances/MI_Unlit_Opaque_DS.uexp" 356
"../../../Engine/Content/EditorMaterials/Camera/CineMat.uasset" 357
"../../../Engine/Content/EditorMaterials/Camera/CineMat.uexp" 358
"../../../Engine/Content/EditorMaterials/Camera/MI_CineMat_Rig.uasset" 359
"../../../Engine/Content/EditorMaterials/Camera/MI_CineMat_Rig.uexp" 360
"../../../Engine/Content/EditorMeshes/Camera/SM_CraneRig_Arm.ubulk" 361
"../../../Engine/Content/EditorMeshes/Camera/SM_CraneRig_Arm.uasset" 362
"../../../Engine/Content/EditorMeshes/Camera/SM_CraneRig_Arm.uexp" 363
"../../../Engine/Content/EditorMeshes/Camera/SM_CraneRig_Base.ubulk" 364
"../../../Engine/Content/EditorMeshes/Camera/SM_CraneRig_Base.uasset" 365
"../../../Engine/Content/EditorMeshes/Camera/SM_CraneRig_Base.uexp" 366
"../../../Engine/Content/EditorMeshes/Camera/SM_CraneRig_Body.ubulk" 367
"../../../Engine/Content/EditorMeshes/Camera/SM_CraneRig_Body.uasset" 368
"../../../Engine/Content/EditorMeshes/Camera/SM_CraneRig_Body.uexp" 369
"../../../Engine/Content/EditorMeshes/Camera/SM_CraneRig_Mount.ubulk" 370
"../../../Engine/Content/EditorMeshes/Camera/SM_CraneRig_Mount.uasset" 371
"../../../Engine/Content/EditorMeshes/Camera/SM_CraneRig_Mount.uexp" 372
"../../../Engine/Content/EditorMeshes/Camera/SM_RailRig_Mount.ubulk" 373
"../../../Engine/Content/EditorMeshes/Camera/SM_RailRig_Mount.uasset" 374
"../../../Engine/Content/EditorMeshes/Camera/SM_RailRig_Mount.uexp" 375
"../../../Engine/Content/EditorMeshes/Camera/SM_RailRig_Track.ubulk" 376
"../../../Engine/Content/EditorMeshes/Camera/SM_RailRig_Track.uasset" 377
"../../../Engine/Content/EditorMeshes/Camera/SM_RailRig_Track.uexp" 378
"../../../Engine/Content/EditorMaterials/Dataflow/DataflowTwoSidedVertexMaterial.uasset" 379
"../../../Engine/Content/EditorMaterials/Dataflow/DataflowTwoSidedVertexMaterial.uexp" 380
"../../../Engine/Content/EditorMaterials/Dataflow/DataflowVertexMaterial.uasset" 381
"../../../Engine/Content/EditorMaterials/Dataflow/DataflowVertexMaterial.uexp" 382
"../../../Engine/Plugins/Interchange/Assets/Content/Functions/MX_AbsorptionVDF.uasset" 383
"../../../Engine/Plugins/Interchange/Assets/Content/Functions/MX_AbsorptionVDF.uexp" 384
"../../../Engine/Plugins/Interchange/Assets/Content/Functions/MX_AnisotropicVDF.uasset" 385
"../../../Engine/Plugins/Interchange/Assets/Content/Functions/MX_AnisotropicVDF.uexp" 386
"../../../Engine/Plugins/Interchange/Assets/Content/Functions/MX_BurleyDiffuseBSDF.uasset" 387
"../../../Engine/Plugins/Interchange/Assets/Content/Functions/MX_BurleyDiffuseBSDF.uexp" 388
"../../../Engine/Plugins/Interchange/Assets/Content/Functions/MX_ConductorBSDF.uasset" 389
"../../../Engine/Plugins/Interchange/Assets/Content/Functions/MX_ConductorBSDF.uexp" 390
"../../../Engine/Plugins/Interchange/Assets/Content/Functions/MX_ConicalEDF.uasset" 391
"../../../Engine/Plugins/Interchange/Assets/Content/Functions/MX_ConicalEDF.uexp" 392
"../../../Engine/Plugins/Interchange/Assets/Content/Functions/MX_DielectricBSDF.uasset" 393
"../../../Engine/Plugins/Interchange/Assets/Content/Functions/MX_DielectricBSDF.uexp" 394
"../../../Engine/Plugins/Interchange/Assets/Content/Functions/MX_Displacement.uasset" 395
"../../../Engine/Plugins/Interchange/Assets/Content/Functions/MX_Displacement.uexp" 396
"../../../Engine/Plugins/Interchange/Assets/Content/Functions/MX_GeneralizedSchlickBSDF.uasset" 397
"../../../Engine/Plugins/Interchange/Assets/Content/Functions/MX_GeneralizedSchlickBSDF.uexp" 398
"../../../Engine/Plugins/Interchange/Assets/Content/Functions/MX_MeasuredEDF.uasset" 399
"../../../Engine/Plugins/Interchange/Assets/Content/Functions/MX_MeasuredEDF.uexp" 400
"../../../Engine/Plugins/Interchange/Assets/Content/Functions/MX_StandardSurface.uasset" 401
"../../../Engine/Plugins/Interchange/Assets/Content/Functions/MX_StandardSurface.uexp" 402
"../../../Engine/Plugins/Interchange/Assets/Content/Functions/MX_OpenPBR_Opaque.uasset" 403
"../../../Engine/Plugins/Interchange/Assets/Content/Functions/MX_OpenPBR_Opaque.uexp" 404
"../../../Engine/Plugins/Interchange/Assets/Content/Functions/MX_TransmissionSurface.uasset" 405
"../../../Engine/Plugins/Interchange/Assets/Content/Functions/MX_TransmissionSurface.uexp" 406
"../../../Engine/Plugins/Interchange/Assets/Content/Functions/MX_OpenPBR_Translucent.uasset" 407
"../../../Engine/Plugins/Interchange/Assets/Content/Functions/MX_OpenPBR_Translucent.uexp" 408
"../../../Engine/Plugins/Interchange/Assets/Content/Functions/MX_OrenNayarBSDF.uasset" 409
"../../../Engine/Plugins/Interchange/Assets/Content/Functions/MX_OrenNayarBSDF.uexp" 410
"../../../Engine/Plugins/Interchange/Assets/Content/Functions/MX_SheenBSDF.uasset" 411
"../../../Engine/Plugins/Interchange/Assets/Content/Functions/MX_SheenBSDF.uexp" 412
"../../../Engine/Plugins/Interchange/Assets/Content/Functions/MX_SubsurfaceBSDF.uasset" 413
"../../../Engine/Plugins/Interchange/Assets/Content/Functions/MX_SubsurfaceBSDF.uexp" 414
"../../../Engine/Plugins/Interchange/Assets/Content/Functions/MX_Surface.uasset" 415
"../../../Engine/Plugins/Interchange/Assets/Content/Functions/MX_Surface.uexp" 416
"../../../Engine/Plugins/Interchange/Assets/Content/Functions/MX_SurfaceUnlit.uasset" 417
"../../../Engine/Plugins/Interchange/Assets/Content/Functions/MX_SurfaceUnlit.uexp" 418
"../../../Engine/Plugins/Interchange/Assets/Content/Functions/MX_ThinFilmBSDF.uasset" 419
"../../../Engine/Plugins/Interchange/Assets/Content/Functions/MX_ThinFilmBSDF.uexp" 420
"../../../Engine/Plugins/Interchange/Assets/Content/Functions/MX_TranslucentBSDF.uasset" 421
"../../../Engine/Plugins/Interchange/Assets/Content/Functions/MX_TranslucentBSDF.uexp" 422
"../../../Engine/Plugins/Interchange/Assets/Content/Functions/MX_UniformEDF.uasset" 423
"../../../Engine/Plugins/Interchange/Assets/Content/Functions/MX_UniformEDF.uexp" 424
"../../../Engine/Plugins/Interchange/Assets/Content/Functions/MX_UsdPreviewSurface.uasset" 425
"../../../Engine/Plugins/Interchange/Assets/Content/Functions/MX_UsdPreviewSurface.uexp" 426
"../../../Engine/Plugins/Runtime/HairStrands/Content/Materials/HairCardsDefaultMaterial.uasset" 427
"../../../Engine/Plugins/Runtime/HairStrands/Content/Materials/HairCardsDefaultMaterial.uexp" 428
"../../../Engine/Content/Functions/Engine_MaterialFunctions02/Utility/MakeFloat2.uasset" 429
"../../../Engine/Content/Functions/Engine_MaterialFunctions02/Utility/MakeFloat2.uexp" 430
"../../../Engine/Content/EngineMaterials/HairDebugColor.uasset" 431
"../../../Engine/Content/EngineMaterials/HairDebugColor.uexp" 432
"../../../Engine/Content/EngineMaterials/HairColorMap.uasset" 433
"../../../Engine/Content/EngineMaterials/HairColorMap.uexp" 434
"../../../Engine/Plugins/Runtime/HairStrands/Content/Materials/HairGroupColors.uasset" 435
"../../../Engine/Plugins/Runtime/HairStrands/Content/Materials/HairGroupColors.uexp" 436
"../../../Engine/Plugins/Runtime/HairStrands/Content/Materials/HairDebugMaterial.uasset" 437
"../../../Engine/Plugins/Runtime/HairStrands/Content/Materials/HairDebugMaterial.uexp" 438
"../../../Engine/Plugins/Runtime/HairStrands/Content/Materials/HairDefaultMaterial.uasset" 439
"../../../Engine/Plugins/Runtime/HairStrands/Content/Materials/HairDefaultMaterial.uexp" 440
"../../../Engine/Plugins/Runtime/HairStrands/Content/Materials/HairMeshesDefaultMaterial.uasset" 441
"../../../Engine/Plugins/Runtime/HairStrands/Content/Materials/HairMeshesDefaultMaterial.uexp" 442
"../../../Engine/Plugins/VirtualProduction/CameraCalibrationCore/Content/Materials/M_DefaultEvenSquare.uasset" 443
"../../../Engine/Plugins/VirtualProduction/CameraCalibrationCore/Content/Materials/M_DefaultEvenSquare.uexp" 444
"../../../Engine/Plugins/VirtualProduction/CameraCalibrationCore/Content/Materials/M_DefaultOddSquare.uasset" 445
"../../../Engine/Plugins/VirtualProduction/CameraCalibrationCore/Content/Materials/M_DefaultOddSquare.uexp" 446
"../../../Engine/Content/EngineMaterials/DefaultDiffuse.ubulk" 447
"../../../Engine/Content/EngineMaterials/DefaultDiffuse.uasset" 448
"../../../Engine/Content/EngineMaterials/DefaultDiffuse.uexp" 449
"../../../Engine/Content/EngineMaterials/DefaultDeferredDecalMaterial.uasset" 450
"../../../Engine/Content/EngineMaterials/DefaultDeferredDecalMaterial.uexp" 451
"../../../Engine/Content/EngineMaterials/DefaultLightFunctionMaterial.uasset" 452
"../../../Engine/Content/EngineMaterials/DefaultLightFunctionMaterial.uexp" 453
"../../../Engine/Content/Functions/Engine_MaterialFunctions02/Utility/BreakOutFloat2Components.uasset" 454
"../../../Engine/Content/Functions/Engine_MaterialFunctions02/Utility/BreakOutFloat2Components.uexp" 455
"../../../Engine/Content/EngineMaterials/DefaultPostProcessMaterial.uasset" 456
"../../../Engine/Content/EngineMaterials/DefaultPostProcessMaterial.uexp" 457
"../../../Engine/Content/EngineFonts/RobotoDistanceField.uasset" 458
"../../../Engine/Content/EngineFonts/RobotoDistanceField.uexp" 459
"../../../Engine/Content/EngineMaterials/DefaultTextMaterialOpaque.uasset" 460
"../../../Engine/Content/EngineMaterials/DefaultTextMaterialOpaque.uexp" 461
"../../../Engine/Content/EngineMaterials/DefaultWhiteGrid_Low.uasset" 462
"../../../Engine/Content/EngineMaterials/DefaultWhiteGrid_Low.uexp" 463
"../../../Engine/Content/EngineMaterials/EmissiveMeshMaterial.uasset" 464
"../../../Engine/Content/EngineMaterials/EmissiveMeshMaterial.uexp" 465
"../../../Engine/Content/EngineMaterials/BaseFlattenNormalMap.uasset" 466
"../../../Engine/Content/EngineMaterials/BaseFlattenNormalMap.uexp" 467
"../../../Engine/Content/EngineMaterials/BaseFlattenDiffuseMap.uasset" 468
"../../../Engine/Content/EngineMaterials/BaseFlattenDiffuseMap.uexp" 469
"../../../Engine/Content/EngineMaterials/BaseFlattenEmissiveMap.uasset" 470
"../../../Engine/Content/EngineMaterials/BaseFlattenEmissiveMap.uexp" 471
"../../../Engine/Content/EngineMaterials/BaseFlattenGrayscaleMap.uasset" 472
"../../../Engine/Content/EngineMaterials/BaseFlattenGrayscaleMap.uexp" 473
"../../../Engine/Content/EngineMaterials/BaseFlattenLinearColor.uasset" 474
"../../../Engine/Content/EngineMaterials/BaseFlattenLinearColor.uexp" 475
"../../../Engine/Content/Functions/Engine_MaterialFunctions02/PivotPainter2/Black_1x1_EXR_Texture.uasset" 476
"../../../Engine/Content/Functions/Engine_MaterialFunctions02/PivotPainter2/Black_1x1_EXR_Texture.uexp" 477
"../../../Engine/Content/EngineMaterials/FlattenMaterial.uasset" 478
"../../../Engine/Content/EngineMaterials/FlattenMaterial.uexp" 479
"../../../Engine/Content/EngineMaterials/BaseFlattenDiffuseMap_VT.ubulk" 480
"../../../Engine/Content/EngineMaterials/BaseFlattenDiffuseMap_VT.uasset" 481
"../../../Engine/Content/EngineMaterials/BaseFlattenDiffuseMap_VT.uexp" 482
"../../../Engine/Content/EngineMaterials/BaseFlattenEmissiveMap_VT.ubulk" 483
"../../../Engine/Content/EngineMaterials/BaseFlattenEmissiveMap_VT.uasset" 484
"../../../Engine/Content/EngineMaterials/BaseFlattenEmissiveMap_VT.uexp" 485
"../../../Engine/Content/EngineMaterials/BaseFlattenGrayscaleMap_VT.ubulk" 486
"../../../Engine/Content/EngineMaterials/BaseFlattenGrayscaleMap_VT.uasset" 487
"../../../Engine/Content/EngineMaterials/BaseFlattenGrayscaleMap_VT.uexp" 488
"../../../Engine/Content/EngineMaterials/BaseFlattenLinearColor_VT.ubulk" 489
"../../../Engine/Content/EngineMaterials/BaseFlattenLinearColor_VT.uasset" 490
"../../../Engine/Content/EngineMaterials/BaseFlattenLinearColor_VT.uexp" 491
"../../../Engine/Content/EngineMaterials/BaseFlattenNormalMap_VT.ubulk" 492
"../../../Engine/Content/EngineMaterials/BaseFlattenNormalMap_VT.uasset" 493
"../../../Engine/Content/EngineMaterials/BaseFlattenNormalMap_VT.uexp" 494
"../../../Engine/Content/EngineMaterials/Black_1x1_EXR_Texture_VT.ubulk" 495
"../../../Engine/Content/EngineMaterials/Black_1x1_EXR_Texture_VT.uasset" 496
"../../../Engine/Content/EngineMaterials/Black_1x1_EXR_Texture_VT.uexp" 497
"../../../Engine/Content/EngineMaterials/FlattenMaterial_VT.uasset" 498
"../../../Engine/Content/EngineMaterials/FlattenMaterial_VT.uexp" 499
"../../../Engine/Content/EngineMaterials/FlattenMaterial_WS_Normal_VT.uasset" 500
"../../../Engine/Content/EngineMaterials/FlattenMaterial_WS_Normal_VT.uexp" 501
"../../../Engine/Content/EngineMaterials/GizmoMaterial.uasset" 502
"../../../Engine/Content/EngineMaterials/GizmoMaterial.uexp" 503
"../../../Engine/Content/EngineMaterials/InvalidLightmapSettings.ubulk" 504
"../../../Engine/Content/EngineMaterials/InvalidLightmapSettings.uasset" 505
"../../../Engine/Content/EngineMaterials/InvalidLightmapSettings.uexp" 506
"../../../Engine/Content/EngineMaterials/M_InvalidLightmapSettings.uasset" 507
"../../../Engine/Content/EngineMaterials/M_InvalidLightmapSettings.uexp" 508
"../../../Engine/Content/EngineMaterials/NaniteHiddenSectionMaterial.uasset" 509
"../../../Engine/Content/EngineMaterials/NaniteHiddenSectionMaterial.uexp" 510
"../../../Engine/Content/Functions/Engine_MaterialFunctions02/WorldPositionOffset/CameraOffset.uasset" 511
"../../../Engine/Content/Functions/Engine_MaterialFunctions02/WorldPositionOffset/CameraOffset.uexp" 512
"../../../Engine/Content/EngineMaterials/PhAT_JointLimitMaterial.uasset" 513
"../../../Engine/Content/EngineMaterials/PhAT_JointLimitMaterial.uexp" 514
"../../../Engine/Content/EngineMaterials/DefaultCalibrationColor.uasset" 515
"../../../Engine/Content/EngineMaterials/DefaultCalibrationColor.uexp" 516
"../../../Engine/Content/EngineMaterials/PPM_DefaultCalibrationColor.uasset" 517
"../../../Engine/Content/EngineMaterials/PPM_DefaultCalibrationColor.uexp" 518
"../../../Engine/Content/EngineMaterials/DefaultCalibrationGrayscale.uasset" 519
"../../../Engine/Content/EngineMaterials/DefaultCalibrationGrayscale.uexp" 520
"../../../Engine/Content/EngineMaterials/PPM_DefaultCalibrationGrayscale.uasset" 521
"../../../Engine/Content/EngineMaterials/PPM_DefaultCalibrationGrayscale.uexp" 522
"../../../Engine/Content/EngineMaterials/RemoveSurfaceMaterial.uasset" 523
"../../../Engine/Content/EngineMaterials/RemoveSurfaceMaterial.uexp" 524
"../../../Engine/Content/EngineMaterials/WeightMapPlaceholderTexture.uasset" 525
"../../../Engine/Content/EngineMaterials/WeightMapPlaceholderTexture.uexp" 526
"../../../Engine/Content/EngineMaterials/WeightMapArrayPlaceholderTexture.uasset" 527
"../../../Engine/Content/EngineMaterials/WeightMapArrayPlaceholderTexture.uexp" 528
"../../../Engine/Content/EngineResources/WhiteSquareTexture.uasset" 529
"../../../Engine/Content/EngineResources/WhiteSquareTexture.uexp" 530
"../../../Engine/Content/EngineMaterials/Widget3DPassThrough.uasset" 531
"../../../Engine/Content/EngineMaterials/Widget3DPassThrough.uexp" 532
"../../../Engine/Content/EngineMaterials/Widget3DPassThrough_Masked.uasset" 533
"../../../Engine/Content/EngineMaterials/Widget3DPassThrough_Masked.uexp" 534
"../../../Engine/Content/EngineMaterials/Widget3DPassThrough_Opaque.uasset" 535
"../../../Engine/Content/EngineMaterials/Widget3DPassThrough_Opaque.uexp" 536
"../../../Engine/Content/EngineMaterials/Widget3DPassThrough_Masked_OneSided.uasset" 537
"../../../Engine/Content/EngineMaterials/Widget3DPassThrough_Masked_OneSided.uexp" 538
"../../../Engine/Content/EngineMaterials/Widget3DPassThrough_Opaque_OneSided.uasset" 539
"../../../Engine/Content/EngineMaterials/Widget3DPassThrough_Opaque_OneSided.uexp" 540
"../../../Engine/Content/EngineMaterials/Widget3DPassThrough_Translucent.uasset" 541
"../../../Engine/Content/EngineMaterials/Widget3DPassThrough_Translucent.uexp" 542
"../../../Engine/Content/EngineMaterials/Widget3DPassThrough_Translucent_OneSided.uasset" 543
"../../../Engine/Content/EngineMaterials/Widget3DPassThrough_Translucent_OneSided.uexp" 544
"../../../Engine/Plugins/Animation/ControlRig/Content/Controls/ControlRigGizmoMaterial.uasset" 545
"../../../Engine/Plugins/Animation/ControlRig/Content/Controls/ControlRigGizmoMaterial.uexp" 546
"../../../Engine/Plugins/Animation/ControlRig/Content/Controls/ControlRigXRayMaterial.uasset" 547
"../../../Engine/Plugins/Animation/ControlRig/Content/Controls/ControlRigXRayMaterial.uexp" 548
"../../../Engine/Plugins/Animation/ControlRig/Content/Controls/ControlRig_Arrow2_1mm.ubulk" 549
"../../../Engine/Plugins/Animation/ControlRig/Content/Controls/ControlRig_Arrow2_1mm.uasset" 550
"../../../Engine/Plugins/Animation/ControlRig/Content/Controls/ControlRig_Arrow2_1mm.uexp" 551
"../../../Engine/Plugins/Animation/ControlRig/Content/Controls/ControlRig_Arrow2_3mm.ubulk" 552
"../../../Engine/Plugins/Animation/ControlRig/Content/Controls/ControlRig_Arrow2_3mm.uasset" 553
"../../../Engine/Plugins/Animation/ControlRig/Content/Controls/ControlRig_Arrow2_3mm.uexp" 554
"../../../Engine/Plugins/Animation/ControlRig/Content/Controls/ControlRig_Arrow2_solid.ubulk" 555
"../../../Engine/Plugins/Animation/ControlRig/Content/Controls/ControlRig_Arrow2_solid.uasset" 556
"../../../Engine/Plugins/Animation/ControlRig/Content/Controls/ControlRig_Arrow2_solid.uexp" 557
"../../../Engine/Plugins/Animation/ControlRig/Content/Controls/ControlRig_Arrow4_1mm.ubulk" 558
"../../../Engine/Plugins/Animation/ControlRig/Content/Controls/ControlRig_Arrow4_1mm.uasset" 559
"../../../Engine/Plugins/Animation/ControlRig/Content/Controls/ControlRig_Arrow4_1mm.uexp" 560
"../../../Engine/Plugins/Animation/ControlRig/Content/Controls/ControlRig_Arrow4_3mm.ubulk" 561
"../../../Engine/Plugins/Animation/ControlRig/Content/Controls/ControlRig_Arrow4_3mm.uasset" 562
"../../../Engine/Plugins/Animation/ControlRig/Content/Controls/ControlRig_Arrow4_3mm.uexp" 563
"../../../Engine/Plugins/Animation/ControlRig/Content/Controls/ControlRig_Arrow4_solid.ubulk" 564
"../../../Engine/Plugins/Animation/ControlRig/Content/Controls/ControlRig_Arrow4_solid.uasset" 565
"../../../Engine/Plugins/Animation/ControlRig/Content/Controls/ControlRig_Arrow4_solid.uexp" 566
"../../../Engine/Plugins/Animation/ControlRig/Content/Controls/ControlRig_Arrow_1mm.ubulk" 567
"../../../Engine/Plugins/Animation/ControlRig/Content/Controls/ControlRig_Arrow_1mm.uasset" 568
"../../../Engine/Plugins/Animation/ControlRig/Content/Controls/ControlRig_Arrow_1mm.uexp" 569
"../../../Engine/Plugins/Animation/ControlRig/Content/Controls/ControlRig_Arrow_3mm.ubulk" 570
"../../../Engine/Plugins/Animation/ControlRig/Content/Controls/ControlRig_Arrow_3mm.uasset" 571
"../../../Engine/Plugins/Animation/ControlRig/Content/Controls/ControlRig_Arrow_3mm.uexp" 572
"../../../Engine/Plugins/Animation/ControlRig/Content/Controls/ControlRig_Arrow_solid.ubulk" 573
"../../../Engine/Plugins/Animation/ControlRig/Content/Controls/ControlRig_Arrow_solid.uasset" 574
"../../../Engine/Plugins/Animation/ControlRig/Content/Controls/ControlRig_Arrow_solid.uexp" 575
"../../../Engine/Plugins/Animation/ControlRig/Content/Controls/ControlRig_Box_1mm.ubulk" 576
"../../../Engine/Plugins/Animation/ControlRig/Content/Controls/ControlRig_Box_1mm.uasset" 577
"../../../Engine/Plugins/Animation/ControlRig/Content/Controls/ControlRig_Box_1mm.uexp" 578
"../../../Engine/Plugins/Animation/ControlRig/Content/Controls/ControlRig_Box_3mm.ubulk" 579
"../../../Engine/Plugins/Animation/ControlRig/Content/Controls/ControlRig_Box_3mm.uasset" 580
"../../../Engine/Plugins/Animation/ControlRig/Content/Controls/ControlRig_Box_3mm.uexp" 581
"../../../Engine/Plugins/Animation/ControlRig/Content/Controls/ControlRig_Box_solid.ubulk" 582
"../../../Engine/Plugins/Animation/ControlRig/Content/Controls/ControlRig_Box_solid.uasset" 583
"../../../Engine/Plugins/Animation/ControlRig/Content/Controls/ControlRig_Box_solid.uexp" 584
"../../../Engine/Plugins/Animation/ControlRig/Content/Controls/ControlRig_Circle_1mm.ubulk" 585
"../../../Engine/Plugins/Animation/ControlRig/Content/Controls/ControlRig_Circle_1mm.uasset" 586
"../../../Engine/Plugins/Animation/ControlRig/Content/Controls/ControlRig_Circle_1mm.uexp" 587
"../../../Engine/Plugins/Animation/ControlRig/Content/Controls/ControlRig_Circle_3mm.ubulk" 588
"../../../Engine/Plugins/Animation/ControlRig/Content/Controls/ControlRig_Circle_3mm.uasset" 589
"../../../Engine/Plugins/Animation/ControlRig/Content/Controls/ControlRig_Circle_3mm.uexp" 590
"../../../Engine/Plugins/Animation/ControlRig/Content/Controls/ControlRig_Circle_solid.ubulk" 591
"../../../Engine/Plugins/Animation/ControlRig/Content/Controls/ControlRig_Circle_solid.uasset" 592
"../../../Engine/Plugins/Animation/ControlRig/Content/Controls/ControlRig_Circle_solid.uexp" 593
"../../../Engine/Plugins/Animation/ControlRig/Content/Controls/ControlRig_Diamond_1mm.ubulk" 594
"../../../Engine/Plugins/Animation/ControlRig/Content/Controls/ControlRig_Diamond_1mm.uasset" 595
"../../../Engine/Plugins/Animation/ControlRig/Content/Controls/ControlRig_Diamond_1mm.uexp" 596
"../../../Engine/Plugins/Animation/ControlRig/Content/Controls/ControlRig_Diamond_3mm.ubulk" 597
"../../../Engine/Plugins/Animation/ControlRig/Content/Controls/ControlRig_Diamond_3mm.uasset" 598
"../../../Engine/Plugins/Animation/ControlRig/Content/Controls/ControlRig_Diamond_3mm.uexp" 599
"../../../Engine/Plugins/Animation/ControlRig/Content/Controls/ControlRig_Diamond_solid.ubulk" 600
"../../../Engine/Plugins/Animation/ControlRig/Content/Controls/ControlRig_Diamond_solid.uasset" 601
"../../../Engine/Plugins/Animation/ControlRig/Content/Controls/ControlRig_Diamond_solid.uexp" 602
"../../../Engine/Plugins/Animation/ControlRig/Content/Controls/ControlRig_HalfCircle_1mm.ubulk" 603
"../../../Engine/Plugins/Animation/ControlRig/Content/Controls/ControlRig_HalfCircle_1mm.uasset" 604
"../../../Engine/Plugins/Animation/ControlRig/Content/Controls/ControlRig_HalfCircle_1mm.uexp" 605
"../../../Engine/Plugins/Animation/ControlRig/Content/Controls/ControlRig_HalfCircle_3mm.ubulk" 606
"../../../Engine/Plugins/Animation/ControlRig/Content/Controls/ControlRig_HalfCircle_3mm.uasset" 607
"../../../Engine/Plugins/Animation/ControlRig/Content/Controls/ControlRig_HalfCircle_3mm.uexp" 608
"../../../Engine/Plugins/Animation/ControlRig/Content/Controls/ControlRig_HalfCircle_solid.ubulk" 609
"../../../Engine/Plugins/Animation/ControlRig/Content/Controls/ControlRig_HalfCircle_solid.uasset" 610
"../../../Engine/Plugins/Animation/ControlRig/Content/Controls/ControlRig_HalfCircle_solid.uexp" 611
"../../../Engine/Plugins/Animation/ControlRig/Content/Controls/ControlRig_Hexagon_1mm.ubulk" 612
"../../../Engine/Plugins/Animation/ControlRig/Content/Controls/ControlRig_Hexagon_1mm.uasset" 613
"../../../Engine/Plugins/Animation/ControlRig/Content/Controls/ControlRig_Hexagon_1mm.uexp" 614
"../../../Engine/Plugins/Animation/ControlRig/Content/Controls/ControlRig_Hexagon_3mm.ubulk" 615
"../../../Engine/Plugins/Animation/ControlRig/Content/Controls/ControlRig_Hexagon_3mm.uasset" 616
"../../../Engine/Plugins/Animation/ControlRig/Content/Controls/ControlRig_Hexagon_3mm.uexp" 617
"../../../Engine/Plugins/Animation/ControlRig/Content/Controls/ControlRig_Hexagon_solid.ubulk" 618
"../../../Engine/Plugins/Animation/ControlRig/Content/Controls/ControlRig_Hexagon_solid.uasset" 619
"../../../Engine/Plugins/Animation/ControlRig/Content/Controls/ControlRig_Hexagon_solid.uexp" 620
"../../../Engine/Plugins/Animation/ControlRig/Content/Controls/ControlRig_Octagon_1mm.ubulk" 621
"../../../Engine/Plugins/Animation/ControlRig/Content/Controls/ControlRig_Octagon_1mm.uasset" 622
"../../../Engine/Plugins/Animation/ControlRig/Content/Controls/ControlRig_Octagon_1mm.uexp" 623
"../../../Engine/Plugins/Animation/ControlRig/Content/Controls/ControlRig_Octagon_3mm.ubulk" 624
"../../../Engine/Plugins/Animation/ControlRig/Content/Controls/ControlRig_Octagon_3mm.uasset" 625
"../../../Engine/Plugins/Animation/ControlRig/Content/Controls/ControlRig_Octagon_3mm.uexp" 626
"../../../Engine/Plugins/Animation/ControlRig/Content/Controls/ControlRig_Octagon_solid.ubulk" 627
"../../../Engine/Plugins/Animation/ControlRig/Content/Controls/ControlRig_Octagon_solid.uasset" 628
"../../../Engine/Plugins/Animation/ControlRig/Content/Controls/ControlRig_Octagon_solid.uexp" 629
"../../../Engine/Plugins/Animation/ControlRig/Content/Controls/ControlRig_Pyramid_1mm.ubulk" 630
"../../../Engine/Plugins/Animation/ControlRig/Content/Controls/ControlRig_Pyramid_1mm.uasset" 631
"../../../Engine/Plugins/Animation/ControlRig/Content/Controls/ControlRig_Pyramid_1mm.uexp" 632
"../../../Engine/Plugins/Animation/ControlRig/Content/Controls/ControlRig_Pyramid_3mm.ubulk" 633
"../../../Engine/Plugins/Animation/ControlRig/Content/Controls/ControlRig_Pyramid_3mm.uasset" 634
"../../../Engine/Plugins/Animation/ControlRig/Content/Controls/ControlRig_Pyramid_3mm.uexp" 635
"../../../Engine/Plugins/Animation/ControlRig/Content/Controls/ControlRig_Pyramid_solid.ubulk" 636
"../../../Engine/Plugins/Animation/ControlRig/Content/Controls/ControlRig_Pyramid_solid.uasset" 637
"../../../Engine/Plugins/Animation/ControlRig/Content/Controls/ControlRig_Pyramid_solid.uexp" 638
"../../../Engine/Plugins/Animation/ControlRig/Content/Controls/ControlRig_QuarterCircle_1mm.ubulk" 639
"../../../Engine/Plugins/Animation/ControlRig/Content/Controls/ControlRig_QuarterCircle_1mm.uasset" 640
"../../../Engine/Plugins/Animation/ControlRig/Content/Controls/ControlRig_QuarterCircle_1mm.uexp" 641
"../../../Engine/Plugins/Animation/ControlRig/Content/Controls/ControlRig_QuarterCircle_3mm.ubulk" 642
"../../../Engine/Plugins/Animation/ControlRig/Content/Controls/ControlRig_QuarterCircle_3mm.uasset" 643
"../../../Engine/Plugins/Animation/ControlRig/Content/Controls/ControlRig_QuarterCircle_3mm.uexp" 644
"../../../Engine/Plugins/Animation/ControlRig/Content/Controls/ControlRig_QuarterCircle_solid.ubulk" 645
"../../../Engine/Plugins/Animation/ControlRig/Content/Controls/ControlRig_QuarterCircle_solid.uasset" 646
"../../../Engine/Plugins/Animation/ControlRig/Content/Controls/ControlRig_QuarterCircle_solid.uexp" 647
"../../../Engine/Plugins/Animation/ControlRig/Content/Controls/ControlRig_RoundedSquare_1mm.ubulk" 648
"../../../Engine/Plugins/Animation/ControlRig/Content/Controls/ControlRig_RoundedSquare_1mm.uasset" 649
"../../../Engine/Plugins/Animation/ControlRig/Content/Controls/ControlRig_RoundedSquare_1mm.uexp" 650
"../../../Engine/Plugins/Animation/ControlRig/Content/Controls/ControlRig_RoundedSquare_3mm.ubulk" 651
"../../../Engine/Plugins/Animation/ControlRig/Content/Controls/ControlRig_RoundedSquare_3mm.uasset" 652
"../../../Engine/Plugins/Animation/ControlRig/Content/Controls/ControlRig_RoundedSquare_3mm.uexp" 653
"../../../Engine/Plugins/Animation/ControlRig/Content/Controls/ControlRig_RoundedSquare_solid.ubulk" 654
"../../../Engine/Plugins/Animation/ControlRig/Content/Controls/ControlRig_RoundedSquare_solid.uasset" 655
"../../../Engine/Plugins/Animation/ControlRig/Content/Controls/ControlRig_RoundedSquare_solid.uexp" 656
"../../../Engine/Plugins/Animation/ControlRig/Content/Controls/ControlRig_RoundedTriangle_1mm.ubulk" 657
"../../../Engine/Plugins/Animation/ControlRig/Content/Controls/ControlRig_RoundedTriangle_1mm.uasset" 658
"../../../Engine/Plugins/Animation/ControlRig/Content/Controls/ControlRig_RoundedTriangle_1mm.uexp" 659
"../../../Engine/Plugins/Animation/ControlRig/Content/Controls/ControlRig_RoundedTriangle_3mm.ubulk" 660
"../../../Engine/Plugins/Animation/ControlRig/Content/Controls/ControlRig_RoundedTriangle_3mm.uasset" 661
"../../../Engine/Plugins/Animation/ControlRig/Content/Controls/ControlRig_RoundedTriangle_3mm.uexp" 662
"../../../Engine/Plugins/Animation/ControlRig/Content/Controls/ControlRig_RoundedTriangle_solid.ubulk" 663
"../../../Engine/Plugins/Animation/ControlRig/Content/Controls/ControlRig_RoundedTriangle_solid.uasset" 664
"../../../Engine/Plugins/Animation/ControlRig/Content/Controls/ControlRig_RoundedTriangle_solid.uexp" 665
"../../../Engine/Plugins/Animation/ControlRig/Content/Controls/ControlRig_Sphere_1mm.ubulk" 666
"../../../Engine/Plugins/Animation/ControlRig/Content/Controls/ControlRig_Sphere_1mm.uasset" 667
"../../../Engine/Plugins/Animation/ControlRig/Content/Controls/ControlRig_Sphere_1mm.uexp" 668
"../../../Engine/Plugins/Animation/ControlRig/Content/Controls/ControlRig_Sphere_3mm.ubulk" 669
"../../../Engine/Plugins/Animation/ControlRig/Content/Controls/ControlRig_Sphere_3mm.uasset" 670
"../../../Engine/Plugins/Animation/ControlRig/Content/Controls/ControlRig_Sphere_3mm.uexp" 671
"../../../Engine/Plugins/Animation/ControlRig/Content/Controls/ControlRig_Sphere_solid.ubulk" 672
"../../../Engine/Plugins/Animation/ControlRig/Content/Controls/ControlRig_Sphere_solid.uasset" 673
"../../../Engine/Plugins/Animation/ControlRig/Content/Controls/ControlRig_Sphere_solid.uexp" 674
"../../../Engine/Plugins/Animation/ControlRig/Content/Controls/ControlRig_Square_1mm.ubulk" 675
"../../../Engine/Plugins/Animation/ControlRig/Content/Controls/ControlRig_Square_1mm.uasset" 676
"../../../Engine/Plugins/Animation/ControlRig/Content/Controls/ControlRig_Square_1mm.uexp" 677
"../../../Engine/Plugins/Animation/ControlRig/Content/Controls/ControlRig_Square_3mm.ubulk" 678
"../../../Engine/Plugins/Animation/ControlRig/Content/Controls/ControlRig_Square_3mm.uasset" 679
"../../../Engine/Plugins/Animation/ControlRig/Content/Controls/ControlRig_Square_3mm.uexp" 680
"../../../Engine/Plugins/Animation/ControlRig/Content/Controls/ControlRig_Square_solid.ubulk" 681
"../../../Engine/Plugins/Animation/ControlRig/Content/Controls/ControlRig_Square_solid.uasset" 682
"../../../Engine/Plugins/Animation/ControlRig/Content/Controls/ControlRig_Square_solid.uexp" 683
"../../../Engine/Plugins/Animation/ControlRig/Content/Controls/ControlRig_Star4_1mm.ubulk" 684
"../../../Engine/Plugins/Animation/ControlRig/Content/Controls/ControlRig_Star4_1mm.uasset" 685
"../../../Engine/Plugins/Animation/ControlRig/Content/Controls/ControlRig_Star4_1mm.uexp" 686
"../../../Engine/Plugins/Animation/ControlRig/Content/Controls/ControlRig_Star4_3mm.ubulk" 687
"../../../Engine/Plugins/Animation/ControlRig/Content/Controls/ControlRig_Star4_3mm.uasset" 688
"../../../Engine/Plugins/Animation/ControlRig/Content/Controls/ControlRig_Star4_3mm.uexp" 689
"../../../Engine/Plugins/Animation/ControlRig/Content/Controls/ControlRig_Star4_solid.ubulk" 690
"../../../Engine/Plugins/Animation/ControlRig/Content/Controls/ControlRig_Star4_solid.uasset" 691
"../../../Engine/Plugins/Animation/ControlRig/Content/Controls/ControlRig_Star4_solid.uexp" 692
"../../../Engine/Plugins/Animation/ControlRig/Content/Controls/ControlRig_Triangle_1mm.ubulk" 693
"../../../Engine/Plugins/Animation/ControlRig/Content/Controls/ControlRig_Triangle_1mm.uasset" 694
"../../../Engine/Plugins/Animation/ControlRig/Content/Controls/ControlRig_Triangle_1mm.uexp" 695
"../../../Engine/Plugins/Animation/ControlRig/Content/Controls/ControlRig_Triangle_3mm.ubulk" 696
"../../../Engine/Plugins/Animation/ControlRig/Content/Controls/ControlRig_Triangle_3mm.uasset" 697
"../../../Engine/Plugins/Animation/ControlRig/Content/Controls/ControlRig_Triangle_3mm.uexp" 698
"../../../Engine/Plugins/Animation/ControlRig/Content/Controls/ControlRig_Triangle_solid.ubulk" 699
"../../../Engine/Plugins/Animation/ControlRig/Content/Controls/ControlRig_Triangle_solid.uasset" 700
"../../../Engine/Plugins/Animation/ControlRig/Content/Controls/ControlRig_Triangle_solid.uexp" 701
"../../../Engine/Plugins/Animation/ControlRig/Content/Controls/ControlRig_Wedge_1mm.ubulk" 702
"../../../Engine/Plugins/Animation/ControlRig/Content/Controls/ControlRig_Wedge_1mm.uasset" 703
"../../../Engine/Plugins/Animation/ControlRig/Content/Controls/ControlRig_Wedge_1mm.uexp" 704
"../../../Engine/Plugins/Animation/ControlRig/Content/Controls/ControlRig_Wedge_3mm.ubulk" 705
"../../../Engine/Plugins/Animation/ControlRig/Content/Controls/ControlRig_Wedge_3mm.uasset" 706
"../../../Engine/Plugins/Animation/ControlRig/Content/Controls/ControlRig_Wedge_3mm.uexp" 707
"../../../Engine/Plugins/Animation/ControlRig/Content/Controls/ControlRig_Wedge_solid.ubulk" 708
"../../../Engine/Plugins/Animation/ControlRig/Content/Controls/ControlRig_Wedge_solid.uasset" 709
"../../../Engine/Plugins/Animation/ControlRig/Content/Controls/ControlRig_Wedge_solid.uexp" 710
"../../../Engine/Content/Functions/Engine_MaterialFunctions02/Utility/VectorLength.uasset" 711
"../../../Engine/Content/Functions/Engine_MaterialFunctions02/Utility/VectorLength.uexp" 712
"../../../Engine/Content/Functions/Engine_MaterialFunctions02/WorldPositionOffset/ObjectScale.uasset" 713
"../../../Engine/Content/Functions/Engine_MaterialFunctions02/WorldPositionOffset/ObjectScale.uexp" 714
"../../../Engine/Content/Functions/Engine_MaterialFunctions02/SafeNormalize.uasset" 715
"../../../Engine/Content/Functions/Engine_MaterialFunctions02/SafeNormalize.uexp" 716
"../../../Engine/Plugins/Editor/SpeedTreeImporter/Content/SpeedTree9/UnpackInteger3.uasset" 717
"../../../Engine/Plugins/Editor/SpeedTreeImporter/Content/SpeedTree9/UnpackInteger3.uexp" 718
"../../../Engine/Plugins/Editor/SpeedTreeImporter/Content/SpeedTree9/UnpackDirection.uasset" 719
"../../../Engine/Plugins/Editor/SpeedTreeImporter/Content/SpeedTree9/UnpackDirection.uexp" 720
"../../../Engine/Plugins/Editor/SpeedTreeImporter/Content/SpeedTree9/game_wind_noise.ubulk" 721
"../../../Engine/Plugins/Editor/SpeedTreeImporter/Content/SpeedTree9/game_wind_noise.uasset" 722
"../../../Engine/Plugins/Editor/SpeedTreeImporter/Content/SpeedTree9/game_wind_noise.uexp" 723
"../../../Engine/Plugins/Editor/SpeedTreeImporter/Content/SpeedTree9/SpeedTreeWindMotion.uasset" 724
"../../../Engine/Plugins/Editor/SpeedTreeImporter/Content/SpeedTree9/SpeedTreeWindMotion.uexp" 725
"../../../Engine/Plugins/Editor/SpeedTreeImporter/Content/SpeedTree9/SpeedTreeBranchMotion.uasset" 726
"../../../Engine/Plugins/Editor/SpeedTreeImporter/Content/SpeedTree9/SpeedTreeBranchMotion.uexp" 727
"../../../Engine/Content/Functions/Engine_MaterialFunctions02/ObjectLocalBounds.uasset" 728
"../../../Engine/Content/Functions/Engine_MaterialFunctions02/ObjectLocalBounds.uexp" 729
"../../../Engine/Content/Functions/Engine_MaterialFunctions02/UVs/BoundingBoxBased_0-1_UVW.uasset" 730
"../../../Engine/Content/Functions/Engine_MaterialFunctions02/UVs/BoundingBoxBased_0-1_UVW.uexp" 731
"../../../Engine/Plugins/Editor/SpeedTreeImporter/Content/SpeedTree9/SpeedTreeWind.uasset" 732
"../../../Engine/Plugins/Editor/SpeedTreeImporter/Content/SpeedTree9/SpeedTreeWind.uexp" 733
"../../../Engine/Plugins/Editor/SpeedTreeImporter/Content/SpeedTree9/EmptyNormal.uasset" 734
"../../../Engine/Plugins/Editor/SpeedTreeImporter/Content/SpeedTree9/EmptyNormal.uexp" 735
"../../../Engine/Plugins/Editor/SpeedTreeImporter/Content/SpeedTree9/Empty.uasset" 736
"../../../Engine/Plugins/Editor/SpeedTreeImporter/Content/SpeedTree9/Empty.uexp" 737
"../../../Engine/Plugins/Editor/SpeedTreeImporter/Content/SpeedTree9/SpeedTreeBillboard.uasset" 738
"../../../Engine/Plugins/Editor/SpeedTreeImporter/Content/SpeedTree9/SpeedTreeBillboard.uexp" 739
"../../../Engine/Plugins/Editor/SpeedTreeImporter/Content/SpeedTree9/SpeedTreeBillboardMaster.uasset" 740
"../../../Engine/Plugins/Editor/SpeedTreeImporter/Content/SpeedTree9/SpeedTreeBillboardMaster.uexp" 741
"../../../Engine/Plugins/Editor/SpeedTreeImporter/Content/SpeedTree9/SpeedTreeCameraFacing.uasset" 742
"../../../Engine/Plugins/Editor/SpeedTreeImporter/Content/SpeedTree9/SpeedTreeCameraFacing.uexp" 743
"../../../Engine/Plugins/Editor/SpeedTreeImporter/Content/SpeedTree9/SpeedTreeMaster.uasset" 744
"../../../Engine/Plugins/Editor/SpeedTreeImporter/Content/SpeedTree9/SpeedTreeMaster.uexp" 745
"../../../Engine/Content/EditorLandscapeResources/DefaultAlphaTexture.uasset" 746
"../../../Engine/Content/EditorLandscapeResources/DefaultAlphaTexture.uexp" 747
"../../../Engine/Content/EditorLandscapeResources/ColorMaskBrushMaterial.uasset" 748
"../../../Engine/Content/EditorLandscapeResources/ColorMaskBrushMaterial.uexp" 749
"../../../Engine/Content/EditorLandscapeResources/ColorMaskBrushMaterial_MaskedRegion.uasset" 750
"../../../Engine/Content/EditorLandscapeResources/ColorMaskBrushMaterial_MaskedRegion.uexp" 751
"../../../Engine/Content/EditorLandscapeResources/LandscapeDirtyMaterial.uasset" 752
"../../../Engine/Content/EditorLandscapeResources/LandscapeDirtyMaterial.uexp" 753
"../../../Engine/Content/Functions/Engine_MaterialFunctions01/Texturing/ScaleUVsByCenter.uasset" 754
"../../../Engine/Content/Functions/Engine_MaterialFunctions01/Texturing/ScaleUVsByCenter.uexp" 755
"../../../Engine/Content/Functions/Engine_MaterialFunctions02/WorldPositionOffset/LocalPosition.uasset" 756
"../../../Engine/Content/Functions/Engine_MaterialFunctions02/WorldPositionOffset/LocalPosition.uexp" 757
"../../../Engine/Content/Functions/Engine_MaterialFunctions01/Texturing/TextureCropping.uasset" 758
"../../../Engine/Content/Functions/Engine_MaterialFunctions01/Texturing/TextureCropping.uexp" 759
"../../../Engine/Content/Functions/Engine_MaterialFunctions02/ExampleContent/DebugNumberStrip.uasset" 760
"../../../Engine/Content/Functions/Engine_MaterialFunctions02/ExampleContent/DebugNumberStrip.uexp" 761
"../../../Engine/Content/Functions/Engine_MaterialFunctions01/Debug/DebugIntValues.uasset" 762
"../../../Engine/Content/Functions/Engine_MaterialFunctions01/Debug/DebugIntValues.uexp" 763
"../../../Engine/Content/EditorLandscapeResources/LandscapeLayerUsageMaterial.uasset" 764
"../../../Engine/Content/EditorLandscapeResources/LandscapeLayerUsageMaterial.uexp" 765
"../../../Engine/Content/EditorLandscapeResources/WhiteSquareTexture.uasset" 766
"../../../Engine/Content/EditorLandscapeResources/WhiteSquareTexture.uexp" 767
"../../../Engine/Content/EditorLandscapeResources/LayerVisMaterial.uasset" 768
"../../../Engine/Content/EditorLandscapeResources/LayerVisMaterial.uexp" 769
"../../../Engine/Content/Functions/Engine_MaterialFunctions03/Math/WithinRangeFloat2.uasset" 770
"../../../Engine/Content/Functions/Engine_MaterialFunctions03/Math/WithinRangeFloat2.uexp" 771
"../../../Engine/Content/EditorLandscapeResources/MaskBrushMaterial.uasset" 772
"../../../Engine/Content/EditorLandscapeResources/MaskBrushMaterial.uexp" 773
"../../../Engine/Content/EditorLandscapeResources/MaskBrushMaterial_MaskedRegion.uasset" 774
"../../../Engine/Content/EditorLandscapeResources/MaskBrushMaterial_MaskedRegion.uexp" 775
"../../../Engine/Content/EditorLandscapeResources/SelectBrushMaterial.uasset" 776
"../../../Engine/Content/EditorLandscapeResources/SelectBrushMaterial.uexp" 777
"../../../Engine/Content/EditorLandscapeResources/SelectBrushMaterial_Selected.uasset" 778
"../../../Engine/Content/EditorLandscapeResources/SelectBrushMaterial_Selected.uexp" 779
"../../../Engine/Content/EditorLandscapeResources/SelectBrushMaterial_SelectedRegion.uasset" 780
"../../../Engine/Content/EditorLandscapeResources/SelectBrushMaterial_SelectedRegion.uexp" 781
"../../../Engine/Content/EditorLandscapeResources/SplineEditorMeshMat.uasset" 782
"../../../Engine/Content/EditorLandscapeResources/SplineEditorMeshMat.uexp" 783
"../../../Engine/Content/EditorLandscapeResources/SplineEditorMesh.ubulk" 784
"../../../Engine/Content/EditorLandscapeResources/SplineEditorMesh.uasset" 785
"../../../Engine/Content/EditorLandscapeResources/SplineEditorMesh.uexp" 786
"../../../Engine/Content/EditorMaterials/PhAT_NoCollisionMaterial.uasset" 787
"../../../Engine/Content/EditorMaterials/PhAT_NoCollisionMaterial.uexp" 788
"../../../Engine/Content/EditorMaterials/PhAT_UnselectedMaterial.uasset" 789
"../../../Engine/Content/EditorMaterials/PhAT_UnselectedMaterial.uexp" 790
"../../../Engine/Content/EditorMaterials/PreviewShadowIndicator.ubulk" 791
"../../../Engine/Content/EditorMaterials/PreviewShadowIndicator.uasset" 792
"../../../Engine/Content/EditorMaterials/PreviewShadowIndicator.uexp" 793
"../../../Engine/Content/EditorMaterials/PreviewShadowIndicatorMaterial.uasset" 794
"../../../Engine/Content/EditorMaterials/PreviewShadowIndicatorMaterial.uexp" 795
"../../../Engine/Content/EngineDebugMaterials/DebugEditorMaterial.uasset" 796
"../../../Engine/Content/EngineDebugMaterials/DebugEditorMaterial.uexp" 797
"../../../Engine/Content/EngineDebugMaterials/DebugMeshMaterial.uasset" 798
"../../../Engine/Content/EngineDebugMaterials/DebugMeshMaterial.uexp" 799
"../../../Engine/Content/EngineDebugMaterials/M_SimpleUnlitTranslucent.uasset" 800
"../../../Engine/Content/EngineDebugMaterials/M_SimpleUnlitTranslucent.uexp" 801
"../../../Engine/Content/EngineDebugMaterials/VolumeToRender.uasset" 802
"../../../Engine/Content/EngineDebugMaterials/VolumeToRender.uexp" 803
"../../../Engine/Content/EngineDebugMaterials/M_VolumeRenderSphereTracePP.uasset" 804
"../../../Engine/Content/EngineDebugMaterials/M_VolumeRenderSphereTracePP.uexp" 805
"../../../Engine/Content/BasicShapes/BasicShapeMaterial.uasset" 806
"../../../Engine/Content/BasicShapes/BasicShapeMaterial.uexp" 807
"../../../Engine/Content/EngineMaterials/DefaultMaterial.uasset" 808
"../../../Engine/Content/EngineMaterials/DefaultMaterial.uexp" 809
"../../../Engine/Content/BasicShapes/Cone.ubulk" 810
"../../../Engine/Content/BasicShapes/Cone.uasset" 811
"../../../Engine/Content/BasicShapes/Cone.uexp" 812
"../../../Engine/Content/BasicShapes/Plane.ubulk" 813
"../../../Engine/Content/BasicShapes/Plane.uasset" 814
"../../../Engine/Content/BasicShapes/Plane.uexp" 815
"../../../Engine/Content/BasicShapes/Sphere.ubulk" 816
"../../../Engine/Content/BasicShapes/Sphere.uasset" 817
"../../../Engine/Content/BasicShapes/Sphere.uexp" 818
"../../../Engine/Plugins/Animation/ControlRig/Content/M_Manip.uasset" 819
"../../../Engine/Plugins/Animation/ControlRig/Content/M_Manip.uexp" 820
"../../../Engine/Plugins/Media/MediaPlate/Content/SM_MediaPlateScreen.ubulk" 821
"../../../Engine/Plugins/Media/MediaPlate/Content/SM_MediaPlateScreen.uasset" 822
"../../../Engine/Plugins/Media/MediaPlate/Content/SM_MediaPlateScreen.uexp" 823
"../../../Engine/Plugins/2D/Paper2D/Content/DefaultSpriteMaterial.uasset" 824
"../../../Engine/Plugins/2D/Paper2D/Content/DefaultSpriteMaterial.uexp" 825
"../../../Engine/Plugins/2D/Paper2D/Content/MaskedUnlitSpriteMaterial.uasset" 826
"../../../Engine/Plugins/2D/Paper2D/Content/MaskedUnlitSpriteMaterial.uexp" 827
"../../../Engine/Plugins/2D/Paper2D/Content/OpaqueUnlitSpriteMaterial.uasset" 828
"../../../Engine/Plugins/2D/Paper2D/Content/OpaqueUnlitSpriteMaterial.uexp" 829
"../../../Engine/Plugins/NNE/NNEDenoiser/Content/NNE_oidn2-3-0_rt_hdr_calb_cnrm_large__dyn__fp16_opset11_ForwardAlpha.uasset" 830
"../../../Engine/Plugins/NNE/NNEDenoiser/Content/NNE_oidn2-3-0_rt_hdr_calb_cnrm_large__dyn__fp16_opset11_ForwardAlpha.uexp" 831
"../../../Engine/Plugins/NNE/NNEDenoiser/Content/NNE_oidn2-3-0_rt_hdr_calb_cnrm_large__dyn__fp16_opset11_DenoiseAlpha.uasset" 832
"../../../Engine/Plugins/NNE/NNEDenoiser/Content/NNE_oidn2-3-0_rt_hdr_calb_cnrm_large__dyn__fp16_opset11_DenoiseAlpha.uexp" 833
"../../../Engine/Plugins/NNE/NNEDenoiser/Content/NNE_oidn2-3-0_rt_hdr_alb_nrm__dyn__fp16_opset11_ForwardAlpha.uasset" 834
"../../../Engine/Plugins/NNE/NNEDenoiser/Content/NNE_oidn2-3-0_rt_hdr_alb_nrm__dyn__fp16_opset11_ForwardAlpha.uexp" 835
"../../../Engine/Plugins/NNE/NNEDenoiser/Content/NNE_oidn2-3-0_rt_hdr_alb_nrm__dyn__fp16_opset11_DenoiseAlpha.uasset" 836
"../../../Engine/Plugins/NNE/NNEDenoiser/Content/NNE_oidn2-3-0_rt_hdr_alb_nrm__dyn__fp16_opset11_DenoiseAlpha.uexp" 837
"../../../Engine/Plugins/NNE/NNEDenoiser/Content/NNE_oidn2-3-0_rt_hdr_alb_nrm_small__dyn__fp16_opset11_ForwardAlpha.uasset" 838
"../../../Engine/Plugins/NNE/NNEDenoiser/Content/NNE_oidn2-3-0_rt_hdr_alb_nrm_small__dyn__fp16_opset11_ForwardAlpha.uexp" 839
"../../../Engine/Plugins/NNE/NNEDenoiser/Content/NNE_oidn2-3-0_rt_hdr_alb_nrm_small__dyn__fp16_opset11_DenoiseAlpha.uasset" 840
"../../../Engine/Plugins/NNE/NNEDenoiser/Content/NNE_oidn2-3-0_rt_hdr_alb_nrm_small__dyn__fp16_opset11_DenoiseAlpha.uexp" 841
"../../../Engine/Content/EngineMaterials/Substrate/Volume/SubstrateSimpleVolumeLUT3D.uasset" 842
"../../../Engine/Content/EngineMaterials/Substrate/Volume/SubstrateSimpleVolumeLUT3D.uexp" 843
"../../../Engine/Content/EngineMaterials/Substrate/Volume/SubstrateSimpleVolumeEnvLUT3D.uasset" 844
"../../../Engine/Content/EngineMaterials/Substrate/Volume/SubstrateSimpleVolumeEnvLUT3D.uexp" 845
"../../../Engine/Plugins/NNE/NNEDenoiser/Content/NNED_Oidn2-3_HighQuality_Alpha.uasset" 846
"../../../Engine/Plugins/NNE/NNEDenoiser/Content/NNED_Oidn2-3_HighQuality_Alpha.uexp" 847
"../../../Engine/Plugins/NNE/NNEDenoiser/Content/NNED_Oidn2-3_HighQuality.uasset" 848
"../../../Engine/Plugins/NNE/NNEDenoiser/Content/NNED_Oidn2-3_HighQuality.uexp" 849
"../../../Engine/Plugins/NNE/NNEDenoiser/Content/NNED_Oidn2-3_Fast_Alpha.uasset" 850
"../../../Engine/Plugins/NNE/NNEDenoiser/Content/NNED_Oidn2-3_Fast_Alpha.uexp" 851
"../../../Engine/Plugins/NNE/NNEDenoiser/Content/NNED_Oidn2-3_Fast.uasset" 852
"../../../Engine/Plugins/NNE/NNEDenoiser/Content/NNED_Oidn2-3_Fast.uexp" 853
"../../../Engine/Plugins/NNE/NNEDenoiser/Content/NNED_Oidn2-3_Balanced_Alpha.uasset" 854
"../../../Engine/Plugins/NNE/NNEDenoiser/Content/NNED_Oidn2-3_Balanced_Alpha.uexp" 855
"../../../Engine/Plugins/NNE/NNEDenoiser/Content/NNED_Oidn2-3_Balanced.uasset" 856
"../../../Engine/Plugins/NNE/NNEDenoiser/Content/NNED_Oidn2-3_Balanced.uexp" 857
"../../../Engine/Plugins/NNE/NNEDenoiser/Content/NNEDT_Oidn2-3_Balanced_Alpha.uasset" 858
"../../../Engine/Plugins/NNE/NNEDenoiser/Content/NNEDT_Oidn2-3_Balanced_Alpha.uexp" 859
"../../../Engine/Plugins/NNE/NNEDenoiser/Content/NNEDT_Oidn2-3_Balanced.uasset" 860
"../../../Engine/Plugins/NNE/NNEDenoiser/Content/NNEDT_Oidn2-3_Balanced.uexp" 861
"../../../Engine/Plugins/Animation/DeformerGraph/Content/DeformerFunctions/DG_Function_LinearBlendSkin_Morph_Cloth_PositionOnly.uasset" 862
"../../../Engine/Plugins/Animation/DeformerGraph/Content/DeformerFunctions/DG_Function_LinearBlendSkin_Morph_Cloth_PositionOnly.uexp" 863
"../../../Engine/Plugins/Animation/DeformerGraph/Content/DeformerFunctions/DG_Function_ComputeNormalsTangents.uasset" 864
"../../../Engine/Plugins/Animation/DeformerGraph/Content/DeformerFunctions/DG_Function_ComputeNormalsTangents.uexp" 865
"../../../Engine/Plugins/Animation/DeformerGraph/Content/Deformers/DG_LinearBlendSkin_Morph_Cloth_RecomputeNormals.uasset" 866
"../../../Engine/Plugins/Animation/DeformerGraph/Content/Deformers/DG_LinearBlendSkin_Morph_Cloth_RecomputeNormals.uexp" 867
"../../../Engine/Plugins/Animation/DeformerGraph/Content/DeformerFunctions/DG_Function_LinearBlendSkin_Morph_Cloth.uasset" 868
"../../../Engine/Plugins/Animation/DeformerGraph/Content/DeformerFunctions/DG_Function_LinearBlendSkin_Morph_Cloth.uexp" 869
"../../../Engine/Plugins/Animation/DeformerGraph/Content/Deformers/DG_LinearBlendSkin_Morph_Cloth.uasset" 870
"../../../Engine/Plugins/Animation/DeformerGraph/Content/Deformers/DG_LinearBlendSkin_Morph_Cloth.uexp" 871
"../../../Engine/Content/VREditor/Sounds/UI/Drop_Item_From_ContentBrowser.ubulk" 872
"../../../Engine/Content/VREditor/Sounds/UI/Drop_Item_From_ContentBrowser.uasset" 873
"../../../Engine/Content/VREditor/Sounds/UI/Drop_Item_From_ContentBrowser.uexp" 874
"../../../Engine/Content/VREditor/TransformGizmo/TransformGizmoMaterial_Inst.uasset" 875
"../../../Engine/Content/VREditor/TransformGizmo/TransformGizmoMaterial_Inst.uexp" 876
"../../../Engine/Content/VREditor/TransformGizmo/TranslucentTransformGizmoMaterial_Inst.uasset" 877
"../../../Engine/Content/VREditor/TransformGizmo/TranslucentTransformGizmoMaterial_Inst.uexp" 878
"../../../Engine/Content/Functions/Engine_MaterialFunctions02/SplitComponents.uasset" 879
"../../../Engine/Content/Functions/Engine_MaterialFunctions02/SplitComponents.uexp" 880
"../../../Engine/Content/VREditor/SnapGrid/SnapGridMaterial.uasset" 881
"../../../Engine/Content/VREditor/SnapGrid/SnapGridMaterial.uexp" 882
"../../../Engine/Content/VREditor/SnapGrid/SnapGridPlaneMesh.ubulk" 883
"../../../Engine/Content/VREditor/SnapGrid/SnapGridPlaneMesh.uasset" 884
"../../../Engine/Content/VREditor/SnapGrid/SnapGridPlaneMesh.uexp" 885
"../../../Engine/Content/VREditor/Sounds/UI/Gizmo_Handle_Clicked.ubulk" 886
"../../../Engine/Content/VREditor/Sounds/UI/Gizmo_Handle_Clicked.uasset" 887
"../../../Engine/Content/VREditor/Sounds/UI/Gizmo_Handle_Clicked.uexp" 888
"../../../Engine/Content/VREditor/Sounds/UI/Object_PickUp.ubulk" 889
"../../../Engine/Content/VREditor/Sounds/UI/Object_PickUp.uasset" 890
"../../../Engine/Content/VREditor/Sounds/UI/Object_PickUp.uexp" 891
"../../../Engine/Content/VREditor/Sounds/UI/Object_Snaps_To_Another_Actor.ubulk" 892
"../../../Engine/Content/VREditor/Sounds/UI/Object_Snaps_To_Another_Actor.uasset" 893
"../../../Engine/Content/VREditor/Sounds/UI/Object_Snaps_To_Another_Actor.uexp" 894
"../../../Engine/Content/VREditor/Sounds/UI/Object_Snaps_To_Grid.ubulk" 895
"../../../Engine/Content/VREditor/Sounds/UI/Object_Snaps_To_Grid.uasset" 896
"../../../Engine/Content/VREditor/Sounds/UI/Object_Snaps_To_Grid.uexp" 897
"../../../Engine/Content/VREditor/Sounds/UI/Scaling_Down.ubulk" 898
"../../../Engine/Content/VREditor/Sounds/UI/Scaling_Down.uasset" 899
"../../../Engine/Content/VREditor/Sounds/UI/Scaling_Down.uexp" 900
"../../../Engine/Content/VREditor/Sounds/UI/Scaling_Up.ubulk" 901
"../../../Engine/Content/VREditor/Sounds/UI/Scaling_Up.uasset" 902
"../../../Engine/Content/VREditor/Sounds/UI/Scaling_Up.uexp" 903
"../../../Engine/Content/VREditor/Sounds/UI/Selection_Changes.ubulk" 904
"../../../Engine/Content/VREditor/Sounds/UI/Selection_Changes.uasset" 905
"../../../Engine/Content/VREditor/Sounds/UI/Selection_Changes.uexp" 906
"../../../Engine/Content/VREditor/TransformGizmo/PlaneTranslationHandle.ubulk" 907
"../../../Engine/Content/VREditor/TransformGizmo/PlaneTranslationHandle.uasset" 908
"../../../Engine/Content/VREditor/TransformGizmo/PlaneTranslationHandle.uexp" 909
"../../../Engine/Content/VREditor/TransformGizmo/RotationHandleFull.ubulk" 910
"../../../Engine/Content/VREditor/TransformGizmo/RotationHandleFull.uasset" 911
"../../../Engine/Content/VREditor/TransformGizmo/RotationHandleFull.uexp" 912
"../../../Engine/Content/VREditor/TransformGizmo/RotationHandleIndicator.ubulk" 913
"../../../Engine/Content/VREditor/TransformGizmo/RotationHandleIndicator.uasset" 914
"../../../Engine/Content/VREditor/TransformGizmo/RotationHandleIndicator.uexp" 915
"../../../Engine/Content/VREditor/TransformGizmo/RotationHandleQuarter.ubulk" 916
"../../../Engine/Content/VREditor/TransformGizmo/RotationHandleQuarter.uasset" 917
"../../../Engine/Content/VREditor/TransformGizmo/RotationHandleQuarter.uexp" 918
"../../../Engine/Content/VREditor/TransformGizmo/StartRotationHandleIndicator.ubulk" 919
"../../../Engine/Content/VREditor/TransformGizmo/StartRotationHandleIndicator.uasset" 920
"../../../Engine/Content/VREditor/TransformGizmo/StartRotationHandleIndicator.uexp" 921
"../../../Engine/Content/VREditor/TransformGizmo/TransformGizmoFreeRotation.ubulk" 922
"../../../Engine/Content/VREditor/TransformGizmo/TransformGizmoFreeRotation.uasset" 923
"../../../Engine/Content/VREditor/TransformGizmo/TransformGizmoFreeRotation.uexp" 924
"../../../Engine/Content/VREditor/TransformGizmo/TranslateArrowHandle.ubulk" 925
"../../../Engine/Content/VREditor/TransformGizmo/TranslateArrowHandle.uasset" 926
"../../../Engine/Content/VREditor/TransformGizmo/TranslateArrowHandle.uexp" 927
"../../../Engine/Content/VREditor/TransformGizmo/UniformScaleHandle.ubulk" 928
"../../../Engine/Content/VREditor/TransformGizmo/UniformScaleHandle.uasset" 929
"../../../Engine/Content/VREditor/TransformGizmo/UniformScaleHandle.uexp" 930
"../../../Engine/Content/EngineResources/LandscapeVisibilityLayerInfo.uasset" 931
"../../../Engine/Content/EngineResources/LandscapeVisibilityLayerInfo.uexp" 932
"../../../Engine/Content/BasicShapes/Cube.ubulk" 933
"../../../Engine/Content/BasicShapes/Cube.uasset" 934
"../../../Engine/Content/BasicShapes/Cube.uexp" 935
"C:/Users/1869771/Documents/GitHub/Martel_Ju_TP2_sans_lfs/Content/Input/Actions/IA_MouseLook.uasset" 936
"C:/Users/1869771/Documents/GitHub/Martel_Ju_TP2_sans_lfs/Content/Input/Actions/IA_MouseLook.uexp" 937
"C:/Users/1869771/Documents/GitHub/Martel_Ju_TP2_sans_lfs/Content/Input/Actions/IA_Jump.uasset" 938
"C:/Users/1869771/Documents/GitHub/Martel_Ju_TP2_sans_lfs/Content/Input/Actions/IA_Jump.uexp" 939
"C:/Users/1869771/Documents/GitHub/Martel_Ju_TP2_sans_lfs/Content/Input/Actions/IA_Look.uasset" 940
"C:/Users/1869771/Documents/GitHub/Martel_Ju_TP2_sans_lfs/Content/Input/Actions/IA_Look.uexp" 941
"C:/Users/1869771/Documents/GitHub/Martel_Ju_TP2_sans_lfs/Content/Input/Actions/IA_Move.uasset" 942
"C:/Users/1869771/Documents/GitHub/Martel_Ju_TP2_sans_lfs/Content/Input/Actions/IA_Move.uexp" 943
"C:/Users/1869771/Documents/GitHub/Martel_Ju_TP2_sans_lfs/Content/Input/Actions/IA_Courir.uasset" 944
"C:/Users/1869771/Documents/GitHub/Martel_Ju_TP2_sans_lfs/Content/Input/Actions/IA_Courir.uexp" 945
"C:/Users/1869771/Documents/GitHub/Martel_Ju_TP2_sans_lfs/Content/Game_ThePerfectDate/Bluprints/GI_Argent.uasset" 946
"C:/Users/1869771/Documents/GitHub/Martel_Ju_TP2_sans_lfs/Content/Game_ThePerfectDate/Bluprints/GI_Argent.uexp" 947
"C:/Users/1869771/Documents/GitHub/Martel_Ju_TP2_sans_lfs/Content/Game_ThePerfectDate/Font/Archivo/ArchivoBlack-Regular.uexp" 948
"C:/Users/1869771/Documents/GitHub/Martel_Ju_TP2_sans_lfs/Content/Game_ThePerfectDate/Font/Archivo/ArchivoBlack-Regular.uasset" 949
"C:/Users/1869771/Documents/GitHub/Martel_Ju_TP2_sans_lfs/Content/Game_ThePerfectDate/Font/Archivo/ArchivoBlack-Regular.ufont" 950
"C:/Users/1869771/Documents/GitHub/Martel_Ju_TP2_sans_lfs/Content/Game_ThePerfectDate/Font/Archivo/ArchivoBlack-Regular_Font.uasset" 951
"C:/Users/1869771/Documents/GitHub/Martel_Ju_TP2_sans_lfs/Content/Game_ThePerfectDate/Font/Archivo/ArchivoBlack-Regular_Font.uexp" 952
"C:/Users/1869771/Documents/GitHub/Martel_Ju_TP2_sans_lfs/Content/Game_ThePerfectDate/Bluprints/Interfaces/WBP_Notifications.uasset" 953
"C:/Users/1869771/Documents/GitHub/Martel_Ju_TP2_sans_lfs/Content/Game_ThePerfectDate/Bluprints/Interfaces/WBP_Notifications.uexp" 954
"C:/Users/1869771/Documents/GitHub/Martel_Ju_TP2_sans_lfs/Content/Input/Touch/BPI_TouchInterface.uasset" 955
"C:/Users/1869771/Documents/GitHub/Martel_Ju_TP2_sans_lfs/Content/Input/Touch/BPI_TouchInterface.uexp" 956
"C:/Users/1869771/Documents/GitHub/Martel_Ju_TP2_sans_lfs/Content/Game_ThePerfectDate/Bluprints/Interfaces/WBP_Fade.uasset" 957
"C:/Users/1869771/Documents/GitHub/Martel_Ju_TP2_sans_lfs/Content/Game_ThePerfectDate/Bluprints/Interfaces/WBP_Fade.uexp" 958
"C:/Users/1869771/Documents/GitHub/Martel_Ju_TP2_sans_lfs/Content/Game_ThePerfectDate/Bluprints/Interfaces/WBP_ArgentAfficher.uasset" 959
"C:/Users/1869771/Documents/GitHub/Martel_Ju_TP2_sans_lfs/Content/Game_ThePerfectDate/Bluprints/Interfaces/WBP_ArgentAfficher.uexp" 960
"C:/Users/1869771/Documents/GitHub/Martel_Ju_TP2_sans_lfs/Content/Game_ThePerfectDate/Bluprints/Interfaces/WBP_Objet_Interaction.uasset" 961
"C:/Users/1869771/Documents/GitHub/Martel_Ju_TP2_sans_lfs/Content/Game_ThePerfectDate/Bluprints/Interfaces/WBP_Objet_Interaction.uexp" 962
"C:/Users/1869771/Documents/GitHub/Martel_Ju_TP2_sans_lfs/Content/Game_ThePerfectDate/SFX/UI/Sound_Clicked_SFX.ubulk" 963
"C:/Users/1869771/Documents/GitHub/Martel_Ju_TP2_sans_lfs/Content/Game_ThePerfectDate/SFX/UI/Sound_Clicked_SFX.uasset" 964
"C:/Users/1869771/Documents/GitHub/Martel_Ju_TP2_sans_lfs/Content/Game_ThePerfectDate/SFX/UI/Sound_Clicked_SFX.uexp" 965
"C:/Users/1869771/Documents/GitHub/Martel_Ju_TP2_sans_lfs/Content/Movies/MenuLoop_EDITED.uasset" 966
"C:/Users/1869771/Documents/GitHub/Martel_Ju_TP2_sans_lfs/Content/Movies/MenuLoop_EDITED.uexp" 967
"C:/Users/1869771/Documents/GitHub/Martel_Ju_TP2_sans_lfs/Content/Movies/MenuLoop_EDITED_Video.uasset" 968
"C:/Users/1869771/Documents/GitHub/Martel_Ju_TP2_sans_lfs/Content/Movies/MenuLoop_EDITED_Video.uexp" 969
"C:/Users/1869771/Documents/GitHub/Martel_Ju_TP2_sans_lfs/Content/Movies/M_Menu.uasset" 970
"C:/Users/1869771/Documents/GitHub/Martel_Ju_TP2_sans_lfs/Content/Movies/M_Menu.uexp" 971
"C:/Users/1869771/Documents/GitHub/Martel_Ju_TP2_sans_lfs/Content/Game_ThePerfectDate/SFX/Divers/notification_phone.ubulk" 972
"C:/Users/1869771/Documents/GitHub/Martel_Ju_TP2_sans_lfs/Content/Game_ThePerfectDate/SFX/Divers/notification_phone.uasset" 973
"C:/Users/1869771/Documents/GitHub/Martel_Ju_TP2_sans_lfs/Content/Game_ThePerfectDate/SFX/Divers/notification_phone.uexp" 974
"C:/Users/1869771/Documents/GitHub/Martel_Ju_TP2_sans_lfs/Content/Game_ThePerfectDate/Sequences/Movies/LM_LoopMenu.uasset" 975
"C:/Users/1869771/Documents/GitHub/Martel_Ju_TP2_sans_lfs/Content/Game_ThePerfectDate/Sequences/Movies/LM_LoopMenu.uexp" 976
"C:/Users/1869771/Documents/GitHub/Martel_Ju_TP2_sans_lfs/Content/Game_ThePerfectDate/Bluprints/Menu/WBP_Credits.uasset" 977
"C:/Users/1869771/Documents/GitHub/Martel_Ju_TP2_sans_lfs/Content/Game_ThePerfectDate/Bluprints/Menu/WBP_Credits.uexp" 978
"C:/Users/1869771/Documents/GitHub/Martel_Ju_TP2_sans_lfs/Content/Game_ThePerfectDate/Bluprints/Menu/WBP_Menu.uasset" 979
"C:/Users/1869771/Documents/GitHub/Martel_Ju_TP2_sans_lfs/Content/Game_ThePerfectDate/Bluprints/Menu/WBP_Menu.uexp" 980
"C:/Users/1869771/Documents/GitHub/Martel_Ju_TP2_sans_lfs/Content/Game_ThePerfectDate/Images/Inputs/keyboard_w.ubulk" 981
"C:/Users/1869771/Documents/GitHub/Martel_Ju_TP2_sans_lfs/Content/Game_ThePerfectDate/Images/Inputs/keyboard_w.uasset" 982
"C:/Users/1869771/Documents/GitHub/Martel_Ju_TP2_sans_lfs/Content/Game_ThePerfectDate/Images/Inputs/keyboard_w.uexp" 983
"C:/Users/1869771/Documents/GitHub/Martel_Ju_TP2_sans_lfs/Content/Game_ThePerfectDate/Images/Inputs/keyboard_shift.ubulk" 984
"C:/Users/1869771/Documents/GitHub/Martel_Ju_TP2_sans_lfs/Content/Game_ThePerfectDate/Images/Inputs/keyboard_shift.uasset" 985
"C:/Users/1869771/Documents/GitHub/Martel_Ju_TP2_sans_lfs/Content/Game_ThePerfectDate/Images/Inputs/keyboard_shift.uexp" 986
"C:/Users/1869771/Documents/GitHub/Martel_Ju_TP2_sans_lfs/Content/Game_ThePerfectDate/Images/Inputs/keyboard_s.ubulk" 987
"C:/Users/1869771/Documents/GitHub/Martel_Ju_TP2_sans_lfs/Content/Game_ThePerfectDate/Images/Inputs/keyboard_s.uasset" 988
"C:/Users/1869771/Documents/GitHub/Martel_Ju_TP2_sans_lfs/Content/Game_ThePerfectDate/Images/Inputs/keyboard_s.uexp" 989
"C:/Users/1869771/Documents/GitHub/Martel_Ju_TP2_sans_lfs/Content/Game_ThePerfectDate/Images/Inputs/keyboard_r.ubulk" 990
"C:/Users/1869771/Documents/GitHub/Martel_Ju_TP2_sans_lfs/Content/Game_ThePerfectDate/Images/Inputs/keyboard_r.uasset" 991
"C:/Users/1869771/Documents/GitHub/Martel_Ju_TP2_sans_lfs/Content/Game_ThePerfectDate/Images/Inputs/keyboard_r.uexp" 992
"C:/Users/1869771/Documents/GitHub/Martel_Ju_TP2_sans_lfs/Content/Game_ThePerfectDate/Images/Inputs/keyboard_p.ubulk" 993
"C:/Users/1869771/Documents/GitHub/Martel_Ju_TP2_sans_lfs/Content/Game_ThePerfectDate/Images/Inputs/keyboard_p.uasset" 994
"C:/Users/1869771/Documents/GitHub/Martel_Ju_TP2_sans_lfs/Content/Game_ThePerfectDate/Images/Inputs/keyboard_p.uexp" 995
"C:/Users/1869771/Documents/GitHub/Martel_Ju_TP2_sans_lfs/Content/Game_ThePerfectDate/Images/Inputs/keyboard_d.ubulk" 996
"C:/Users/1869771/Documents/GitHub/Martel_Ju_TP2_sans_lfs/Content/Game_ThePerfectDate/Images/Inputs/keyboard_d.uasset" 997
"C:/Users/1869771/Documents/GitHub/Martel_Ju_TP2_sans_lfs/Content/Game_ThePerfectDate/Images/Inputs/keyboard_d.uexp" 998
"C:/Users/1869771/Documents/GitHub/Martel_Ju_TP2_sans_lfs/Content/Game_ThePerfectDate/Images/Inputs/keyboard_a.ubulk" 999
"C:/Users/1869771/Documents/GitHub/Martel_Ju_TP2_sans_lfs/Content/Game_ThePerfectDate/Images/Inputs/keyboard_a.uasset" 1000
"C:/Users/1869771/Documents/GitHub/Martel_Ju_TP2_sans_lfs/Content/Game_ThePerfectDate/Images/Inputs/keyboard_a.uexp" 1001
"C:/Users/1869771/Documents/GitHub/Martel_Ju_TP2_sans_lfs/Content/Game_ThePerfectDate/Images/Inputs/keyboard_1.ubulk" 1002
"C:/Users/1869771/Documents/GitHub/Martel_Ju_TP2_sans_lfs/Content/Game_ThePerfectDate/Images/Inputs/keyboard_1.uasset" 1003
"C:/Users/1869771/Documents/GitHub/Martel_Ju_TP2_sans_lfs/Content/Game_ThePerfectDate/Images/Inputs/keyboard_1.uexp" 1004
"C:/Users/1869771/Documents/GitHub/Martel_Ju_TP2_sans_lfs/Content/Game_ThePerfectDate/Images/Inputs/keyboard_2.ubulk" 1005
"C:/Users/1869771/Documents/GitHub/Martel_Ju_TP2_sans_lfs/Content/Game_ThePerfectDate/Images/Inputs/keyboard_2.uasset" 1006
"C:/Users/1869771/Documents/GitHub/Martel_Ju_TP2_sans_lfs/Content/Game_ThePerfectDate/Images/Inputs/keyboard_2.uexp" 1007
"C:/Users/1869771/Documents/GitHub/Martel_Ju_TP2_sans_lfs/Content/Game_ThePerfectDate/Images/Inputs/keyboard_3.ubulk" 1008
"C:/Users/1869771/Documents/GitHub/Martel_Ju_TP2_sans_lfs/Content/Game_ThePerfectDate/Images/Inputs/keyboard_3.uasset" 1009
"C:/Users/1869771/Documents/GitHub/Martel_Ju_TP2_sans_lfs/Content/Game_ThePerfectDate/Images/Inputs/keyboard_3.uexp" 1010
"C:/Users/1869771/Documents/GitHub/Martel_Ju_TP2_sans_lfs/Content/Game_ThePerfectDate/Bluprints/Menu/WBP_Controls.uasset" 1011
"C:/Users/1869771/Documents/GitHub/Martel_Ju_TP2_sans_lfs/Content/Game_ThePerfectDate/Bluprints/Menu/WBP_Controls.uexp" 1012
"C:/Users/1869771/Documents/GitHub/Martel_Ju_TP2_sans_lfs/Content/Game_ThePerfectDate/Bluprints/Menu/WBP_Pause.uasset" 1013
"C:/Users/1869771/Documents/GitHub/Martel_Ju_TP2_sans_lfs/Content/Game_ThePerfectDate/Bluprints/Menu/WBP_Pause.uexp" 1014
"C:/Users/1869771/Documents/GitHub/Martel_Ju_TP2_sans_lfs/Content/Game_ThePerfectDate/Meshes/Furnitures/PSX2/Texture/Wood_09.uasset" 1015
"C:/Users/1869771/Documents/GitHub/Martel_Ju_TP2_sans_lfs/Content/Game_ThePerfectDate/Meshes/Furnitures/PSX2/Texture/Wood_09.uexp" 1016
"C:/Users/1869771/Documents/GitHub/Martel_Ju_TP2_sans_lfs/Content/Game_ThePerfectDate/Materials/Vertex_Snapping/MPC_GlobalParams.uasset" 1017
"C:/Users/1869771/Documents/GitHub/Martel_Ju_TP2_sans_lfs/Content/Game_ThePerfectDate/Materials/Vertex_Snapping/MPC_GlobalParams.uexp" 1018
"C:/Users/1869771/Documents/GitHub/Martel_Ju_TP2_sans_lfs/Content/Game_ThePerfectDate/Materials/Vertex_Snapping/MF_Vertex_Snap.uasset" 1019
"C:/Users/1869771/Documents/GitHub/Martel_Ju_TP2_sans_lfs/Content/Game_ThePerfectDate/Materials/Vertex_Snapping/MF_Vertex_Snap.uexp" 1020
"C:/Users/1869771/Documents/GitHub/Martel_Ju_TP2_sans_lfs/Content/Game_ThePerfectDate/Materials/Vertex_Snapping/M_Master.uasset" 1021
"C:/Users/1869771/Documents/GitHub/Martel_Ju_TP2_sans_lfs/Content/Game_ThePerfectDate/Materials/Vertex_Snapping/M_Master.uexp" 1022
"C:/Users/1869771/Documents/GitHub/Martel_Ju_TP2_sans_lfs/Content/Game_ThePerfectDate/Meshes/Personnages/NPC/MadameJoueur/Material/Character_31_Female.ubulk" 1023
"C:/Users/1869771/Documents/GitHub/Martel_Ju_TP2_sans_lfs/Content/Game_ThePerfectDate/Meshes/Personnages/NPC/MadameJoueur/Material/Character_31_Female.uasset" 1024
"C:/Users/1869771/Documents/GitHub/Martel_Ju_TP2_sans_lfs/Content/Game_ThePerfectDate/Meshes/Personnages/NPC/MadameJoueur/Material/Character_31_Female.uexp" 1025
"C:/Users/1869771/Documents/GitHub/Martel_Ju_TP2_sans_lfs/Content/Game_ThePerfectDate/Materials/Vertex_Snapping/MI_Madame_Joueur.uasset" 1026
"C:/Users/1869771/Documents/GitHub/Martel_Ju_TP2_sans_lfs/Content/Game_ThePerfectDate/Materials/Vertex_Snapping/MI_Madame_Joueur.uexp" 1027
"C:/Users/1869771/Documents/GitHub/Martel_Ju_TP2_sans_lfs/Content/Game_ThePerfectDate/Meshes/Personnages/NPC/MadameJoueur/Character_31_Female_Skeleton.uasset" 1028
"C:/Users/1869771/Documents/GitHub/Martel_Ju_TP2_sans_lfs/Content/Game_ThePerfectDate/Meshes/Personnages/NPC/MadameJoueur/Character_31_Female_Skeleton.uexp" 1029
"C:/Users/1869771/Documents/GitHub/Martel_Ju_TP2_sans_lfs/Content/Game_ThePerfectDate/Meshes/Personnages/NPC/MadameJoueur/Character_31_Female_PhysicsAsset.uasset" 1030
"C:/Users/1869771/Documents/GitHub/Martel_Ju_TP2_sans_lfs/Content/Game_ThePerfectDate/Meshes/Personnages/NPC/MadameJoueur/Character_31_Female_PhysicsAsset.uexp" 1031
"C:/Users/1869771/Documents/GitHub/Martel_Ju_TP2_sans_lfs/Content/Game_ThePerfectDate/Meshes/Personnages/NPC/MadameJoueur/Character_31_Female1.uasset" 1032
"C:/Users/1869771/Documents/GitHub/Martel_Ju_TP2_sans_lfs/Content/Game_ThePerfectDate/Meshes/Personnages/NPC/MadameJoueur/Character_31_Female1.uexp" 1033
"../../../Engine/Content/EngineResources/DefaultTexture.ubulk" 1034
"../../../Engine/Content/EngineResources/DefaultTexture.uasset" 1035
"../../../Engine/Content/EngineResources/DefaultTexture.uexp" 1036
"../../../Engine/Plugins/Interchange/Assets/Content/Functions/MF_PhongToMetalRoughness.uasset" 1037
"../../../Engine/Plugins/Interchange/Assets/Content/Functions/MF_PhongToMetalRoughness.uexp" 1038
"C:/Users/1869771/Documents/GitHub/Martel_Ju_TP2_sans_lfs/Content/Game_ThePerfectDate/Meshes/Furnitures/Trailer/Materials/Radio.uasset" 1039
"C:/Users/1869771/Documents/GitHub/Martel_Ju_TP2_sans_lfs/Content/Game_ThePerfectDate/Meshes/Furnitures/Trailer/Materials/Radio.uexp" 1040
"C:/Users/1869771/Documents/GitHub/Martel_Ju_TP2_sans_lfs/Content/Game_ThePerfectDate/Meshes/Furnitures/Trailer/Props/Radio1.ubulk" 1041
"C:/Users/1869771/Documents/GitHub/Martel_Ju_TP2_sans_lfs/Content/Game_ThePerfectDate/Meshes/Furnitures/Trailer/Props/Radio1.uasset" 1042
"C:/Users/1869771/Documents/GitHub/Martel_Ju_TP2_sans_lfs/Content/Game_ThePerfectDate/Meshes/Furnitures/Trailer/Props/Radio1.uexp" 1043
"C:/Users/1869771/Documents/GitHub/Martel_Ju_TP2_sans_lfs/Content/Game_ThePerfectDate/Images/keyboard_e_outline.uasset" 1044
"C:/Users/1869771/Documents/GitHub/Martel_Ju_TP2_sans_lfs/Content/Game_ThePerfectDate/Images/keyboard_e_outline.uexp" 1045
"C:/Users/1869771/Documents/GitHub/Martel_Ju_TP2_sans_lfs/Content/Game_ThePerfectDate/Bluprints/Interfaces/WBP_Inter.uasset" 1046
"C:/Users/1869771/Documents/GitHub/Martel_Ju_TP2_sans_lfs/Content/Game_ThePerfectDate/Bluprints/Interfaces/WBP_Inter.uexp" 1047
"C:/Users/1869771/Documents/GitHub/Martel_Ju_TP2_sans_lfs/Content/Game_ThePerfectDate/SFX/MusiquesRadio/tape_recorder_eject_6.ubulk" 1048
"C:/Users/1869771/Documents/GitHub/Martel_Ju_TP2_sans_lfs/Content/Game_ThePerfectDate/SFX/MusiquesRadio/tape_recorder_eject_6.uasset" 1049
"C:/Users/1869771/Documents/GitHub/Martel_Ju_TP2_sans_lfs/Content/Game_ThePerfectDate/SFX/MusiquesRadio/tape_recorder_eject_6.uexp" 1050
"C:/Users/1869771/Documents/GitHub/Martel_Ju_TP2_sans_lfs/Content/Game_ThePerfectDate/SFX/MusiquesRadio/tape_recorder_button_5.ubulk" 1051
"C:/Users/1869771/Documents/GitHub/Martel_Ju_TP2_sans_lfs/Content/Game_ThePerfectDate/SFX/MusiquesRadio/tape_recorder_button_5.uasset" 1052
"C:/Users/1869771/Documents/GitHub/Martel_Ju_TP2_sans_lfs/Content/Game_ThePerfectDate/SFX/MusiquesRadio/tape_recorder_button_5.uexp" 1053
"C:/Users/1869771/Documents/GitHub/Martel_Ju_TP2_sans_lfs/Content/Game_ThePerfectDate/SFX/MusiquesRadio/Van_Life_Rager_-_Everet_Almond.ubulk" 1054
"C:/Users/1869771/Documents/GitHub/Martel_Ju_TP2_sans_lfs/Content/Game_ThePerfectDate/SFX/MusiquesRadio/Van_Life_Rager_-_Everet_Almond.uasset" 1055
"C:/Users/1869771/Documents/GitHub/Martel_Ju_TP2_sans_lfs/Content/Game_ThePerfectDate/SFX/MusiquesRadio/Van_Life_Rager_-_Everet_Almond.uexp" 1056
"C:/Users/1869771/Documents/GitHub/Martel_Ju_TP2_sans_lfs/Content/Game_ThePerfectDate/SFX/MusiquesRadio/Manic__No_Depression__-_Jeremy_Korpas.ubulk" 1057
"C:/Users/1869771/Documents/GitHub/Martel_Ju_TP2_sans_lfs/Content/Game_ThePerfectDate/SFX/MusiquesRadio/Manic__No_Depression__-_Jeremy_Korpas.uasset" 1058
"C:/Users/1869771/Documents/GitHub/Martel_Ju_TP2_sans_lfs/Content/Game_ThePerfectDate/SFX/MusiquesRadio/Manic__No_Depression__-_Jeremy_Korpas.uexp" 1059
"C:/Users/1869771/Documents/GitHub/Martel_Ju_TP2_sans_lfs/Content/Game_ThePerfectDate/SFX/MusiquesRadio/Little_Umbrellas_-_TrackTribe.ubulk" 1060
"C:/Users/1869771/Documents/GitHub/Martel_Ju_TP2_sans_lfs/Content/Game_ThePerfectDate/SFX/MusiquesRadio/Little_Umbrellas_-_TrackTribe.uasset" 1061
"C:/Users/1869771/Documents/GitHub/Martel_Ju_TP2_sans_lfs/Content/Game_ThePerfectDate/SFX/MusiquesRadio/Little_Umbrellas_-_TrackTribe.uexp" 1062
"C:/Users/1869771/Documents/GitHub/Martel_Ju_TP2_sans_lfs/Content/Game_ThePerfectDate/SFX/MusiquesRadio/Jarabe_de_Tequila_-_Inaban___Nabani.ubulk" 1063
"C:/Users/1869771/Documents/GitHub/Martel_Ju_TP2_sans_lfs/Content/Game_ThePerfectDate/SFX/MusiquesRadio/Jarabe_de_Tequila_-_Inaban___Nabani.uasset" 1064
"C:/Users/1869771/Documents/GitHub/Martel_Ju_TP2_sans_lfs/Content/Game_ThePerfectDate/SFX/MusiquesRadio/Jarabe_de_Tequila_-_Inaban___Nabani.uexp" 1065
"C:/Users/1869771/Documents/GitHub/Martel_Ju_TP2_sans_lfs/Content/Game_ThePerfectDate/SFX/MusiquesRadio/Fuzz_Buzz_-_Jeremy_Korpas.ubulk" 1066
"C:/Users/1869771/Documents/GitHub/Martel_Ju_TP2_sans_lfs/Content/Game_ThePerfectDate/SFX/MusiquesRadio/Fuzz_Buzz_-_Jeremy_Korpas.uasset" 1067
"C:/Users/1869771/Documents/GitHub/Martel_Ju_TP2_sans_lfs/Content/Game_ThePerfectDate/SFX/MusiquesRadio/Fuzz_Buzz_-_Jeremy_Korpas.uexp" 1068
"C:/Users/1869771/Documents/GitHub/Martel_Ju_TP2_sans_lfs/Content/Game_ThePerfectDate/SFX/MusiquesRadio/A_Radio.uasset" 1069
"C:/Users/1869771/Documents/GitHub/Martel_Ju_TP2_sans_lfs/Content/Game_ThePerfectDate/SFX/MusiquesRadio/A_Radio.uexp" 1070
"C:/Users/1869771/Documents/GitHub/Martel_Ju_TP2_sans_lfs/Content/Game_ThePerfectDate/Meshes/Furnitures/Trailer/Textures/Radio.ubulk" 1071
"C:/Users/1869771/Documents/GitHub/Martel_Ju_TP2_sans_lfs/Content/Game_ThePerfectDate/Meshes/Furnitures/Trailer/Textures/Radio.uasset" 1072
"C:/Users/1869771/Documents/GitHub/Martel_Ju_TP2_sans_lfs/Content/Game_ThePerfectDate/Meshes/Furnitures/Trailer/Textures/Radio.uexp" 1073
"C:/Users/1869771/Documents/GitHub/Martel_Ju_TP2_sans_lfs/Content/Game_ThePerfectDate/Meshes/Furnitures/Trailer/Textures/Radio_Mat.uasset" 1074
"C:/Users/1869771/Documents/GitHub/Martel_Ju_TP2_sans_lfs/Content/Game_ThePerfectDate/Meshes/Furnitures/Trailer/Textures/Radio_Mat.uexp" 1075
"C:/Users/1869771/Documents/GitHub/Martel_Ju_TP2_sans_lfs/Content/Game_ThePerfectDate/Images/Inputs/keyboard_n_outline.ubulk" 1076
"C:/Users/1869771/Documents/GitHub/Martel_Ju_TP2_sans_lfs/Content/Game_ThePerfectDate/Images/Inputs/keyboard_n_outline.uasset" 1077
"C:/Users/1869771/Documents/GitHub/Martel_Ju_TP2_sans_lfs/Content/Game_ThePerfectDate/Images/Inputs/keyboard_n_outline.uexp" 1078
"C:/Users/1869771/Documents/GitHub/Martel_Ju_TP2_sans_lfs/Content/Game_ThePerfectDate/Bluprints/Interfaces/WBP_Radio.uasset" 1079
"C:/Users/1869771/Documents/GitHub/Martel_Ju_TP2_sans_lfs/Content/Game_ThePerfectDate/Bluprints/Interfaces/WBP_Radio.uexp" 1080
"C:/Users/1869771/Documents/GitHub/Martel_Ju_TP2_sans_lfs/Content/Game_ThePerfectDate/Bluprints/BP_Radio.uasset" 1081
"C:/Users/1869771/Documents/GitHub/Martel_Ju_TP2_sans_lfs/Content/Game_ThePerfectDate/Bluprints/BP_Radio.uexp" 1082
"C:/Users/1869771/Documents/GitHub/Martel_Ju_TP2_sans_lfs/Content/Game_ThePerfectDate/SFX/MusiquesRadio/tape_recorder_button_7.ubulk" 1083
"C:/Users/1869771/Documents/GitHub/Martel_Ju_TP2_sans_lfs/Content/Game_ThePerfectDate/SFX/MusiquesRadio/tape_recorder_button_7.uasset" 1084
"C:/Users/1869771/Documents/GitHub/Martel_Ju_TP2_sans_lfs/Content/Game_ThePerfectDate/SFX/MusiquesRadio/tape_recorder_button_7.uexp" 1085
"C:/Users/1869771/Documents/GitHub/Martel_Ju_TP2_sans_lfs/Content/Game_ThePerfectDate/SFX/Divers/mouse_click_double_2.ubulk" 1086
"C:/Users/1869771/Documents/GitHub/Martel_Ju_TP2_sans_lfs/Content/Game_ThePerfectDate/SFX/Divers/mouse_click_double_2.uasset" 1087
"C:/Users/1869771/Documents/GitHub/Martel_Ju_TP2_sans_lfs/Content/Game_ThePerfectDate/SFX/Divers/mouse_click_double_2.uexp" 1088
"C:/Users/1869771/Documents/GitHub/Martel_Ju_TP2_sans_lfs/Content/Game_ThePerfectDate/Bluprints/Interfaces/WBP_Tab.uasset" 1089
"C:/Users/1869771/Documents/GitHub/Martel_Ju_TP2_sans_lfs/Content/Game_ThePerfectDate/Bluprints/Interfaces/WBP_Tab.uexp" 1090
"C:/Users/1869771/Documents/GitHub/Martel_Ju_TP2_sans_lfs/Content/Game_ThePerfectDate/SFX/Divers/fart-with-reverb.ubulk" 1091
"C:/Users/1869771/Documents/GitHub/Martel_Ju_TP2_sans_lfs/Content/Game_ThePerfectDate/SFX/Divers/fart-with-reverb.uasset" 1092
"C:/Users/1869771/Documents/GitHub/Martel_Ju_TP2_sans_lfs/Content/Game_ThePerfectDate/SFX/Divers/fart-with-reverb.uexp" 1093
"../../../Engine/Plugins/Animation/ACLPlugin/Content/ACLAnimCurveCompressionSettings.uasset" 1094
"../../../Engine/Plugins/Animation/ACLPlugin/Content/ACLAnimCurveCompressionSettings.uexp" 1095
"../../../Engine/Plugins/Animation/ACLPlugin/Content/ACLAnimBoneCompressionSettings.uasset" 1096
"../../../Engine/Plugins/Animation/ACLPlugin/Content/ACLAnimBoneCompressionSettings.uexp" 1097
"../../../Engine/Content/Animation/DefaultVariableFrameStrippingSettings.uasset" 1098
"../../../Engine/Content/Animation/DefaultVariableFrameStrippingSettings.uexp" 1099
"C:/Users/1869771/Documents/GitHub/Martel_Ju_TP2_sans_lfs/Content/Game_ThePerfectDate/Meshes/Personnages/NPC/MadameJoueur/Female_Standing_Pose.uasset" 1100
"C:/Users/1869771/Documents/GitHub/Martel_Ju_TP2_sans_lfs/Content/Game_ThePerfectDate/Meshes/Personnages/NPC/MadameJoueur/Female_Standing_Pose.uexp" 1101
"C:/Users/1869771/Documents/GitHub/Martel_Ju_TP2_sans_lfs/Content/Game_ThePerfectDate/Meshes/Personnages/NPC/MadameJoueur/AM_Fart.uasset" 1102
"C:/Users/1869771/Documents/GitHub/Martel_Ju_TP2_sans_lfs/Content/Game_ThePerfectDate/Meshes/Personnages/NPC/MadameJoueur/AM_Fart.uexp" 1103
"C:/Users/1869771/Documents/GitHub/Martel_Ju_TP2_sans_lfs/Content/Game_ThePerfectDate/Meshes/Personnages/NPC/MadameJoueur/Snake_Hip_Hop_Dance.uasset" 1104
"C:/Users/1869771/Documents/GitHub/Martel_Ju_TP2_sans_lfs/Content/Game_ThePerfectDate/Meshes/Personnages/NPC/MadameJoueur/Snake_Hip_Hop_Dance.uexp" 1105
"C:/Users/1869771/Documents/GitHub/Martel_Ju_TP2_sans_lfs/Content/Game_ThePerfectDate/Meshes/Personnages/NPC/MadameJoueur/AM_Dance.uasset" 1106
"C:/Users/1869771/Documents/GitHub/Martel_Ju_TP2_sans_lfs/Content/Game_ThePerfectDate/Meshes/Personnages/NPC/MadameJoueur/AM_Dance.uexp" 1107
"C:/Users/1869771/Documents/GitHub/Martel_Ju_TP2_sans_lfs/Content/Game_ThePerfectDate/Meshes/Personnages/NPC/MadameJoueur/Backflip.uasset" 1108
"C:/Users/1869771/Documents/GitHub/Martel_Ju_TP2_sans_lfs/Content/Game_ThePerfectDate/Meshes/Personnages/NPC/MadameJoueur/Backflip.uexp" 1109
"C:/Users/1869771/Documents/GitHub/Martel_Ju_TP2_sans_lfs/Content/Game_ThePerfectDate/Meshes/Personnages/NPC/MadameJoueur/AM_Backflip.uasset" 1110
"C:/Users/1869771/Documents/GitHub/Martel_Ju_TP2_sans_lfs/Content/Game_ThePerfectDate/Meshes/Personnages/NPC/MadameJoueur/AM_Backflip.uexp" 1111
"C:/Users/1869771/Documents/GitHub/Martel_Ju_TP2_sans_lfs/Content/Game_ThePerfectDate/Meshes/Personnages/NPC/MadameJoueur/Run.uasset" 1112
"C:/Users/1869771/Documents/GitHub/Martel_Ju_TP2_sans_lfs/Content/Game_ThePerfectDate/Meshes/Personnages/NPC/MadameJoueur/Run.uexp" 1113
"C:/Users/1869771/Documents/GitHub/Martel_Ju_TP2_sans_lfs/Content/Game_ThePerfectDate/Meshes/Personnages/NPC/MadameJoueur/Idle.uasset" 1114
"C:/Users/1869771/Documents/GitHub/Martel_Ju_TP2_sans_lfs/Content/Game_ThePerfectDate/Meshes/Personnages/NPC/MadameJoueur/Idle.uexp" 1115
"C:/Users/1869771/Documents/GitHub/Martel_Ju_TP2_sans_lfs/Content/Game_ThePerfectDate/Meshes/Personnages/NPC/MadameJoueur/Catwalk_Walking.uasset" 1116
"C:/Users/1869771/Documents/GitHub/Martel_Ju_TP2_sans_lfs/Content/Game_ThePerfectDate/Meshes/Personnages/NPC/MadameJoueur/Catwalk_Walking.uexp" 1117
"C:/Users/1869771/Documents/GitHub/Martel_Ju_TP2_sans_lfs/Content/Game_ThePerfectDate/Meshes/Personnages/NPC/MadameJoueur/BS_MadameJoueur.uasset" 1118
"C:/Users/1869771/Documents/GitHub/Martel_Ju_TP2_sans_lfs/Content/Game_ThePerfectDate/Meshes/Personnages/NPC/MadameJoueur/BS_MadameJoueur.uexp" 1119
"C:/Users/1869771/Documents/GitHub/Martel_Ju_TP2_sans_lfs/Content/Game_ThePerfectDate/Meshes/Personnages/NPC/MadameJoueur/Walking.uasset" 1120
"C:/Users/1869771/Documents/GitHub/Martel_Ju_TP2_sans_lfs/Content/Game_ThePerfectDate/Meshes/Personnages/NPC/MadameJoueur/Walking.uexp" 1121
"C:/Users/1869771/Documents/GitHub/Martel_Ju_TP2_sans_lfs/Content/Game_ThePerfectDate/Meshes/Personnages/NPC/MadameJoueur/Fighting_Idle.uasset" 1122
"C:/Users/1869771/Documents/GitHub/Martel_Ju_TP2_sans_lfs/Content/Game_ThePerfectDate/Meshes/Personnages/NPC/MadameJoueur/Fighting_Idle.uexp" 1123
"C:/Users/1869771/Documents/GitHub/Martel_Ju_TP2_sans_lfs/Content/Game_ThePerfectDate/Meshes/Personnages/NPC/MadameJoueur/BS_Fight.uasset" 1124
"C:/Users/1869771/Documents/GitHub/Martel_Ju_TP2_sans_lfs/Content/Game_ThePerfectDate/Meshes/Personnages/NPC/MadameJoueur/BS_Fight.uexp" 1125
"C:/Users/1869771/Documents/GitHub/Martel_Ju_TP2_sans_lfs/Content/Game_ThePerfectDate/Meshes/Personnages/NPC/MadameJoueur/ABP_JoueurJouableMadame.uasset" 1126
"C:/Users/1869771/Documents/GitHub/Martel_Ju_TP2_sans_lfs/Content/Game_ThePerfectDate/Meshes/Personnages/NPC/MadameJoueur/ABP_JoueurJouableMadame.uexp" 1127
"C:/Users/1869771/Documents/GitHub/Martel_Ju_TP2_sans_lfs/Content/Game_ThePerfectDate/Bluprints/Pawns_Characters/Player/BP_JoueurJouable.uasset" 1128
"C:/Users/1869771/Documents/GitHub/Martel_Ju_TP2_sans_lfs/Content/Game_ThePerfectDate/Bluprints/Pawns_Characters/Player/BP_JoueurJouable.uexp" 1129
"C:/Users/1869771/Documents/GitHub/Martel_Ju_TP2_sans_lfs/Content/Input/IMC_MouseLook.uasset" 1130
"C:/Users/1869771/Documents/GitHub/Martel_Ju_TP2_sans_lfs/Content/Input/IMC_MouseLook.uexp" 1131
"C:/Users/1869771/Documents/GitHub/Martel_Ju_TP2_sans_lfs/Content/Input/IMC_Default.uasset" 1132
"C:/Users/1869771/Documents/GitHub/Martel_Ju_TP2_sans_lfs/Content/Input/IMC_Default.uexp" 1133
"../../../Engine/Content/MobileResources/HUD/VirtualJoystick_Thumb.uasset" 1134
"../../../Engine/Content/MobileResources/HUD/VirtualJoystick_Thumb.uexp" 1135
"../../../Engine/Content/MobileResources/HUD/VirtualJoystick_Background.uasset" 1136
"../../../Engine/Content/MobileResources/HUD/VirtualJoystick_Background.uexp" 1137
"C:/Users/1869771/Documents/GitHub/Martel_Ju_TP2_sans_lfs/Content/Input/Touch/UI_Thumbstick.uasset" 1138
"C:/Users/1869771/Documents/GitHub/Martel_Ju_TP2_sans_lfs/Content/Input/Touch/UI_Thumbstick.uexp" 1139
"C:/Users/1869771/Documents/GitHub/Martel_Ju_TP2_sans_lfs/Content/Input/Touch/UI_TouchSimple.uasset" 1140
"C:/Users/1869771/Documents/GitHub/Martel_Ju_TP2_sans_lfs/Content/Input/Touch/UI_TouchSimple.uexp" 1141
"C:/Users/1869771/Documents/GitHub/Martel_Ju_TP2_sans_lfs/Content/ThirdPerson/Blueprints/BP_ThirdPersonPlayerController.uasset" 1142
"C:/Users/1869771/Documents/GitHub/Martel_Ju_TP2_sans_lfs/Content/ThirdPerson/Blueprints/BP_ThirdPersonPlayerController.uexp" 1143
"C:/Users/1869771/Documents/GitHub/Martel_Ju_TP2_sans_lfs/Content/ThirdPerson/Blueprints/BP_ThirdPersonGameMode.uasset" 1144
"C:/Users/1869771/Documents/GitHub/Martel_Ju_TP2_sans_lfs/Content/ThirdPerson/Blueprints/BP_ThirdPersonGameMode.uexp" 1145
"../../../Engine/Content/EngineResources/DefaultTextureCube.uasset" 1146
"../../../Engine/Content/EngineResources/DefaultTextureCube.uexp" 1147
"../../../Engine/Content/Functions/Engine_MaterialFunctions02/WorldPositionOffset/ObjectPivotPoint.uasset" 1148
"../../../Engine/Content/Functions/Engine_MaterialFunctions02/WorldPositionOffset/ObjectPivotPoint.uexp" 1149
"../../../Engine/Plugins/Runtime/HDRIBackdrop/Content/Materials/HDRI_Attributes.uasset" 1150
"../../../Engine/Plugins/Runtime/HDRIBackdrop/Content/Materials/HDRI_Attributes.uexp" 1151
"../../../Engine/Plugins/Runtime/HDRIBackdrop/Content/Materials/HDRI_Projection_Sky.uasset" 1152
"../../../Engine/Plugins/Runtime/HDRIBackdrop/Content/Materials/HDRI_Projection_Sky.uexp" 1153
"../../../Engine/Plugins/Runtime/HDRIBackdrop/Content/Materials/MI_HDRI_Sky.uasset" 1154
"../../../Engine/Plugins/Runtime/HDRIBackdrop/Content/Materials/MI_HDRI_Sky.uexp" 1155
"../../../Engine/Plugins/Runtime/HDRIBackdrop/Content/Materials/HDRI_Projection_Floor.uasset" 1156
"../../../Engine/Plugins/Runtime/HDRIBackdrop/Content/Materials/HDRI_Projection_Floor.uexp" 1157
"../../../Engine/Plugins/Runtime/HDRIBackdrop/Content/Materials/MI_HDRI_Floor.uasset" 1158
"../../../Engine/Plugins/Runtime/HDRIBackdrop/Content/Materials/MI_HDRI_Floor.uexp" 1159
"../../../Engine/Plugins/Runtime/HDRIBackdrop/Content/Textures/approaching_storm_4k.uasset" 1160
"../../../Engine/Plugins/Runtime/HDRIBackdrop/Content/Textures/approaching_storm_4k.uexp" 1161
"../../../Engine/Plugins/Runtime/HDRIBackdrop/Content/Meshes/EnviroDome.ubulk" 1162
"../../../Engine/Plugins/Runtime/HDRIBackdrop/Content/Meshes/EnviroDome.uasset" 1163
"../../../Engine/Plugins/Runtime/HDRIBackdrop/Content/Meshes/EnviroDome.uexp" 1164
"../../../Engine/Plugins/Runtime/HDRIBackdrop/Content/Blueprints/HDRIBackdrop.uasset" 1165
"../../../Engine/Plugins/Runtime/HDRIBackdrop/Content/Blueprints/HDRIBackdrop.uexp" 1166
"../../../Engine/Content/MapTemplates/SM_Template_Map_Floor.ubulk" 1167
"../../../Engine/Content/MapTemplates/SM_Template_Map_Floor.uasset" 1168
"../../../Engine/Content/MapTemplates/SM_Template_Map_Floor.uexp" 1169
"../../../Engine/Content/EngineSky/VolumetricClouds/VT_PerlinWorley_Balanced.uasset" 1170
"../../../Engine/Content/EngineSky/VolumetricClouds/VT_PerlinWorley_Balanced.uexp" 1171
"../../../Engine/Content/EngineSky/VolumetricClouds/T_Profile_08.ubulk" 1172
"../../../Engine/Content/EngineSky/VolumetricClouds/T_Profile_08.uasset" 1173
"../../../Engine/Content/EngineSky/VolumetricClouds/T_Profile_08.uexp" 1174
"../../../Engine/Content/EngineSky/VolumetricClouds/T_CloudPattern.ubulk" 1175
"../../../Engine/Content/EngineSky/VolumetricClouds/T_CloudPattern.uasset" 1176
"../../../Engine/Content/EngineSky/VolumetricClouds/T_CloudPattern.uexp" 1177
"../../../Engine/Content/EngineSky/VolumetricClouds/T_CloudMask.ubulk" 1178
"../../../Engine/Content/EngineSky/VolumetricClouds/T_CloudMask.uasset" 1179
"../../../Engine/Content/EngineSky/VolumetricClouds/T_CloudMask.uexp" 1180
"../../../Engine/Content/Functions/Engine_MaterialFunctions02/Utility/BreakOutFloat4Components.uasset" 1181
"../../../Engine/Content/Functions/Engine_MaterialFunctions02/Utility/BreakOutFloat4Components.uexp" 1182
"../../../Engine/Content/Functions/Engine_MaterialFunctions02/Utility/MakeFloat4.uasset" 1183
"../../../Engine/Content/Functions/Engine_MaterialFunctions02/Utility/MakeFloat4.uexp" 1184
"../../../Engine/Content/EngineResources/DefaultVolumeTexture2D.uasset" 1185
"../../../Engine/Content/EngineResources/DefaultVolumeTexture2D.uexp" 1186
"../../../Engine/Content/EngineResources/DefaultVolumeTexture.uasset" 1187
"../../../Engine/Content/EngineResources/DefaultVolumeTexture.uexp" 1188
"../../../Engine/Content/EngineSky/VolumetricClouds/VT_Lightning.uasset" 1189
"../../../Engine/Content/EngineSky/VolumetricClouds/VT_Lightning.uexp" 1190
"../../../Engine/Content/Functions/Engine_MaterialFunctions01/Units/Km-to-Cm.uasset" 1191
"../../../Engine/Content/Functions/Engine_MaterialFunctions01/Units/Km-to-Cm.uexp" 1192
"../../../Engine/Content/EngineSky/VolumetricClouds/m_SimpleVolumetricCloud.uasset" 1193
"../../../Engine/Content/EngineSky/VolumetricClouds/m_SimpleVolumetricCloud.uexp" 1194
"../../../Engine/Content/EngineSky/VolumetricClouds/m_SimpleVolumetricCloud_Inst.uasset" 1195
"../../../Engine/Content/EngineSky/VolumetricClouds/m_SimpleVolumetricCloud_Inst.uexp" 1196
"C:/Users/1869771/Documents/GitHub/Martel_Ju_TP2_sans_lfs/Content/Game_ThePerfectDate/Meshes/Furnitures/Trailer/Materials/Photo_frame.uasset" 1197
"C:/Users/1869771/Documents/GitHub/Martel_Ju_TP2_sans_lfs/Content/Game_ThePerfectDate/Meshes/Furnitures/Trailer/Materials/Photo_frame.uexp" 1198
"C:/Users/1869771/Documents/GitHub/Martel_Ju_TP2_sans_lfs/Content/Game_ThePerfectDate/Meshes/Furnitures/Trailer/Props/Photo_frame1.ubulk" 1199
"C:/Users/1869771/Documents/GitHub/Martel_Ju_TP2_sans_lfs/Content/Game_ThePerfectDate/Meshes/Furnitures/Trailer/Props/Photo_frame1.uasset" 1200
"C:/Users/1869771/Documents/GitHub/Martel_Ju_TP2_sans_lfs/Content/Game_ThePerfectDate/Meshes/Furnitures/Trailer/Props/Photo_frame1.uexp" 1201
"C:/Users/1869771/Documents/GitHub/Martel_Ju_TP2_sans_lfs/Content/Game_ThePerfectDate/Meshes/Furnitures/Trailer/Textures/Photo_frame.uasset" 1202
"C:/Users/1869771/Documents/GitHub/Martel_Ju_TP2_sans_lfs/Content/Game_ThePerfectDate/Meshes/Furnitures/Trailer/Textures/Photo_frame.uexp" 1203
"C:/Users/1869771/Documents/GitHub/Martel_Ju_TP2_sans_lfs/Content/Game_ThePerfectDate/Meshes/Furnitures/Trailer/Textures/Photo_frame_Mat.uasset" 1204
"C:/Users/1869771/Documents/GitHub/Martel_Ju_TP2_sans_lfs/Content/Game_ThePerfectDate/Meshes/Furnitures/Trailer/Textures/Photo_frame_Mat.uexp" 1205
"C:/Users/1869771/Documents/GitHub/Martel_Ju_TP2_sans_lfs/Content/Game_ThePerfectDate/UI/Photo/Image_Photo.uasset" 1206
"C:/Users/1869771/Documents/GitHub/Martel_Ju_TP2_sans_lfs/Content/Game_ThePerfectDate/UI/Photo/Image_Photo.uexp" 1207
"C:/Users/1869771/Documents/GitHub/Martel_Ju_TP2_sans_lfs/Content/Game_ThePerfectDate/UI/Photo/BP_Image_Photo.uasset" 1208
"C:/Users/1869771/Documents/GitHub/Martel_Ju_TP2_sans_lfs/Content/Game_ThePerfectDate/UI/Photo/BP_Image_Photo.uexp" 1209
"C:/Users/1869771/Documents/GitHub/Martel_Ju_TP2_sans_lfs/Content/Game_ThePerfectDate/Sequences/SEQ_Menu.uasset" 1210
"C:/Users/1869771/Documents/GitHub/Martel_Ju_TP2_sans_lfs/Content/Game_ThePerfectDate/Sequences/SEQ_Menu.uexp" 1211
"C:/Users/1869771/Documents/GitHub/Martel_Ju_TP2_sans_lfs/Content/Game_ThePerfectDate/Sequences/Asset/PSX_First_Person_Arms_Skeleton.uasset" 1212
"C:/Users/1869771/Documents/GitHub/Martel_Ju_TP2_sans_lfs/Content/Game_ThePerfectDate/Sequences/Asset/PSX_First_Person_Arms_Skeleton.uexp" 1213
"C:/Users/1869771/Documents/GitHub/Martel_Ju_TP2_sans_lfs/Content/Game_ThePerfectDate/Sequences/Asset/PSX_First_Person_Arms_Anim_arms_armature_Collect_something.uasset" 1214
"C:/Users/1869771/Documents/GitHub/Martel_Ju_TP2_sans_lfs/Content/Game_ThePerfectDate/Sequences/Asset/PSX_First_Person_Arms_Anim_arms_armature_Collect_something.uexp" 1215
"C:/Users/1869771/Documents/GitHub/Martel_Ju_TP2_sans_lfs/Content/Game_ThePerfectDate/Sequences/Blueprints/BP_CameraShake.uasset" 1216
"C:/Users/1869771/Documents/GitHub/Martel_Ju_TP2_sans_lfs/Content/Game_ThePerfectDate/Sequences/Blueprints/BP_CameraShake.uexp" 1217
"C:/Users/1869771/Documents/GitHub/Martel_Ju_TP2_sans_lfs/Content/Game_ThePerfectDate/Meshes/Phone/MasterMaterial_001.uasset" 1218
"C:/Users/1869771/Documents/GitHub/Martel_Ju_TP2_sans_lfs/Content/Game_ThePerfectDate/Meshes/Phone/MasterMaterial_001.uexp" 1219
"C:/Users/1869771/Documents/GitHub/Martel_Ju_TP2_sans_lfs/Content/Game_ThePerfectDate/Meshes/Phone/Mesh_Phone_Mobile_04.ubulk" 1220
"C:/Users/1869771/Documents/GitHub/Martel_Ju_TP2_sans_lfs/Content/Game_ThePerfectDate/Meshes/Phone/Mesh_Phone_Mobile_04.uasset" 1221
"C:/Users/1869771/Documents/GitHub/Martel_Ju_TP2_sans_lfs/Content/Game_ThePerfectDate/Meshes/Phone/Mesh_Phone_Mobile_04.uexp" 1222
"C:/Users/1869771/Documents/GitHub/Martel_Ju_TP2_sans_lfs/Content/Game_ThePerfectDate/SFX/Divers/pick_up_wood_1.ubulk" 1223
"C:/Users/1869771/Documents/GitHub/Martel_Ju_TP2_sans_lfs/Content/Game_ThePerfectDate/SFX/Divers/pick_up_wood_1.uasset" 1224
"C:/Users/1869771/Documents/GitHub/Martel_Ju_TP2_sans_lfs/Content/Game_ThePerfectDate/SFX/Divers/pick_up_wood_1.uexp" 1225
"C:/Users/1869771/Documents/GitHub/Martel_Ju_TP2_sans_lfs/Content/Game_ThePerfectDate/Sequences/SEQ_CutsceneDebut.uasset" 1226
"C:/Users/1869771/Documents/GitHub/Martel_Ju_TP2_sans_lfs/Content/Game_ThePerfectDate/Sequences/SEQ_CutsceneDebut.uexp" 1227
"C:/Users/1869771/Documents/GitHub/Martel_Ju_TP2_sans_lfs/Content/Game_ThePerfectDate/Materials/M_Outline.uasset" 1228
"C:/Users/1869771/Documents/GitHub/Martel_Ju_TP2_sans_lfs/Content/Game_ThePerfectDate/Materials/M_Outline.uexp" 1229
"C:/Users/1869771/Documents/GitHub/Martel_Ju_TP2_sans_lfs/Content/Game_ThePerfectDate/Materials/grass_02.uasset" 1230
"C:/Users/1869771/Documents/GitHub/Martel_Ju_TP2_sans_lfs/Content/Game_ThePerfectDate/Materials/grass_02.uexp" 1231
"C:/Users/1869771/Documents/GitHub/Martel_Ju_TP2_sans_lfs/Content/Game_ThePerfectDate/Materials/grass_02_Mat.uasset" 1232
"C:/Users/1869771/Documents/GitHub/Martel_Ju_TP2_sans_lfs/Content/Game_ThePerfectDate/Materials/grass_02_Mat.uexp" 1233
"../../../Engine/Plugins/Interchange/Assets/Content/gltf/MaterialInstances/MI_Default_Blend_DS.uasset" 1234
"../../../Engine/Plugins/Interchange/Assets/Content/gltf/MaterialInstances/MI_Default_Blend_DS.uexp" 1235
"C:/Users/1869771/Documents/GitHub/Martel_Ju_TP2_sans_lfs/Content/Game_ThePerfectDate/Materials/glass.uasset" 1236
"C:/Users/1869771/Documents/GitHub/Martel_Ju_TP2_sans_lfs/Content/Game_ThePerfectDate/Materials/glass.uexp" 1237
"C:/Users/1869771/Documents/GitHub/Martel_Ju_TP2_sans_lfs/Content/Game_ThePerfectDate/Meshes/Furnitures/PSX/Textures/Metal_jpg_001.ubulk" 1238
"C:/Users/1869771/Documents/GitHub/Martel_Ju_TP2_sans_lfs/Content/Game_ThePerfectDate/Meshes/Furnitures/PSX/Textures/Metal_jpg_001.uasset" 1239
"C:/Users/1869771/Documents/GitHub/Martel_Ju_TP2_sans_lfs/Content/Game_ThePerfectDate/Meshes/Furnitures/PSX/Textures/Metal_jpg_001.uexp" 1240
"C:/Users/1869771/Documents/GitHub/Martel_Ju_TP2_sans_lfs/Content/Game_ThePerfectDate/Materials/Vertex_Snapping/Niveau1/MI_Metal.uasset" 1241
"C:/Users/1869771/Documents/GitHub/Martel_Ju_TP2_sans_lfs/Content/Game_ThePerfectDate/Materials/Vertex_Snapping/Niveau1/MI_Metal.uexp" 1242
"C:/Users/1869771/Documents/GitHub/Martel_Ju_TP2_sans_lfs/Content/Game_ThePerfectDate/Materials/Vertex_Snapping/MPC_GlobalParamsPetit.uasset" 1243
"C:/Users/1869771/Documents/GitHub/Martel_Ju_TP2_sans_lfs/Content/Game_ThePerfectDate/Materials/Vertex_Snapping/MPC_GlobalParamsPetit.uexp" 1244
"C:/Users/1869771/Documents/GitHub/Martel_Ju_TP2_sans_lfs/Content/Game_ThePerfectDate/Materials/Vertex_Snapping/MF_Vertex_Snap_Petit.uasset" 1245
"C:/Users/1869771/Documents/GitHub/Martel_Ju_TP2_sans_lfs/Content/Game_ThePerfectDate/Materials/Vertex_Snapping/MF_Vertex_Snap_Petit.uexp" 1246
"C:/Users/1869771/Documents/GitHub/Martel_Ju_TP2_sans_lfs/Content/Game_ThePerfectDate/Materials/Vertex_Snapping/M_Master_Petit.uasset" 1247
"C:/Users/1869771/Documents/GitHub/Martel_Ju_TP2_sans_lfs/Content/Game_ThePerfectDate/Materials/Vertex_Snapping/M_Master_Petit.uexp" 1248
"C:/Users/1869771/Documents/GitHub/Martel_Ju_TP2_sans_lfs/Content/Game_ThePerfectDate/Materials/Vertex_Snapping/Niveau1/MI_Metal_Petit.uasset" 1249
"C:/Users/1869771/Documents/GitHub/Martel_Ju_TP2_sans_lfs/Content/Game_ThePerfectDate/Materials/Vertex_Snapping/Niveau1/MI_Metal_Petit.uexp" 1250
"C:/Users/1869771/Documents/GitHub/Martel_Ju_TP2_sans_lfs/Content/Game_ThePerfectDate/Materials/Vertex_Snapping/Niveau1/MI_Radio.uasset" 1251
"C:/Users/1869771/Documents/GitHub/Martel_Ju_TP2_sans_lfs/Content/Game_ThePerfectDate/Materials/Vertex_Snapping/Niveau1/MI_Radio.uexp" 1252
"C:/Users/1869771/Documents/GitHub/Martel_Ju_TP2_sans_lfs/Content/Game_ThePerfectDate/Meshes/Furnitures/PSX2/Materials/TV_06.uasset" 1253
"C:/Users/1869771/Documents/GitHub/Martel_Ju_TP2_sans_lfs/Content/Game_ThePerfectDate/Meshes/Furnitures/PSX2/Materials/TV_06.uexp" 1254
"C:/Users/1869771/Documents/GitHub/Martel_Ju_TP2_sans_lfs/Content/Game_ThePerfectDate/Meshes/Furnitures/PSX2/Models/Cube_168.ubulk" 1255
"C:/Users/1869771/Documents/GitHub/Martel_Ju_TP2_sans_lfs/Content/Game_ThePerfectDate/Meshes/Furnitures/PSX2/Models/Cube_168.uasset" 1256
"C:/Users/1869771/Documents/GitHub/Martel_Ju_TP2_sans_lfs/Content/Game_ThePerfectDate/Meshes/Furnitures/PSX2/Models/Cube_168.uexp" 1257
"C:/Users/1869771/Documents/GitHub/Martel_Ju_TP2_sans_lfs/Content/Game_ThePerfectDate/Meshes/Cigarettes/Textures/CigaretteTexture.uasset" 1258
"C:/Users/1869771/Documents/GitHub/Martel_Ju_TP2_sans_lfs/Content/Game_ThePerfectDate/Meshes/Cigarettes/Textures/CigaretteTexture.uexp" 1259
"C:/Users/1869771/Documents/GitHub/Martel_Ju_TP2_sans_lfs/Content/Game_ThePerfectDate/Meshes/Cigarettes/Textures/CigaretteTexture_Mat.uasset" 1260
"C:/Users/1869771/Documents/GitHub/Martel_Ju_TP2_sans_lfs/Content/Game_ThePerfectDate/Meshes/Cigarettes/Textures/CigaretteTexture_Mat.uexp" 1261
"C:/Users/1869771/Documents/GitHub/Martel_Ju_TP2_sans_lfs/Content/Game_ThePerfectDate/Meshes/Cigarettes/Textures/packFrontTextureLowPolyOpened.uasset" 1262
"C:/Users/1869771/Documents/GitHub/Martel_Ju_TP2_sans_lfs/Content/Game_ThePerfectDate/Meshes/Cigarettes/Textures/packFrontTextureLowPolyOpened.uexp" 1263
"C:/Users/1869771/Documents/GitHub/Martel_Ju_TP2_sans_lfs/Content/Game_ThePerfectDate/Meshes/Cigarettes/Textures/packFrontTextureLowPolyOpened_Mat.uasset" 1264
"C:/Users/1869771/Documents/GitHub/Martel_Ju_TP2_sans_lfs/Content/Game_ThePerfectDate/Meshes/Cigarettes/Textures/packFrontTextureLowPolyOpened_Mat.uexp" 1265
"C:/Users/1869771/Documents/GitHub/Martel_Ju_TP2_sans_lfs/Content/Game_ThePerfectDate/Meshes/Cigarettes/Materials/Material_060.uasset" 1266
"C:/Users/1869771/Documents/GitHub/Martel_Ju_TP2_sans_lfs/Content/Game_ThePerfectDate/Meshes/Cigarettes/Materials/Material_060.uexp" 1267
"C:/Users/1869771/Documents/GitHub/Martel_Ju_TP2_sans_lfs/Content/Game_ThePerfectDate/Meshes/Cigarettes/Materials/Material_059.uasset" 1268
"C:/Users/1869771/Documents/GitHub/Martel_Ju_TP2_sans_lfs/Content/Game_ThePerfectDate/Meshes/Cigarettes/Materials/Material_059.uexp" 1269
"C:/Users/1869771/Documents/GitHub/Martel_Ju_TP2_sans_lfs/Content/Game_ThePerfectDate/Meshes/Cigarettes/PackCigaretteStandardOpenCigPulled.ubulk" 1270
"C:/Users/1869771/Documents/GitHub/Martel_Ju_TP2_sans_lfs/Content/Game_ThePerfectDate/Meshes/Cigarettes/PackCigaretteStandardOpenCigPulled.uasset" 1271
"C:/Users/1869771/Documents/GitHub/Martel_Ju_TP2_sans_lfs/Content/Game_ThePerfectDate/Meshes/Cigarettes/PackCigaretteStandardOpenCigPulled.uexp" 1272
"C:/Users/1869771/Documents/GitHub/Martel_Ju_TP2_sans_lfs/Content/Game_ThePerfectDate/Bluprints/BP_Cigarettes.uasset" 1273
"C:/Users/1869771/Documents/GitHub/Martel_Ju_TP2_sans_lfs/Content/Game_ThePerfectDate/Bluprints/BP_Cigarettes.uexp" 1274
"../../../Engine/Plugins/Interchange/Assets/Content/gltf/MaterialInstances/MI_Default_Opaque_DS.uasset" 1275
"../../../Engine/Plugins/Interchange/Assets/Content/gltf/MaterialInstances/MI_Default_Opaque_DS.uexp" 1276
"C:/Users/1869771/Documents/GitHub/Martel_Ju_TP2_sans_lfs/Content/Game_ThePerfectDate/Meshes/Cle/key_low/Textures/key_low_normal.ubulk" 1277
"C:/Users/1869771/Documents/GitHub/Martel_Ju_TP2_sans_lfs/Content/Game_ThePerfectDate/Meshes/Cle/key_low/Textures/key_low_normal.uasset" 1278
"C:/Users/1869771/Documents/GitHub/Martel_Ju_TP2_sans_lfs/Content/Game_ThePerfectDate/Meshes/Cle/key_low/Textures/key_low_normal.uexp" 1279
"C:/Users/1869771/Documents/GitHub/Martel_Ju_TP2_sans_lfs/Content/Game_ThePerfectDate/Meshes/Cle/key_low/Textures/key_low_metallic_png-key_low_roughness_png.ubulk" 1280
"C:/Users/1869771/Documents/GitHub/Martel_Ju_TP2_sans_lfs/Content/Game_ThePerfectDate/Meshes/Cle/key_low/Textures/key_low_metallic_png-key_low_roughness_png.uasset" 1281
"C:/Users/1869771/Documents/GitHub/Martel_Ju_TP2_sans_lfs/Content/Game_ThePerfectDate/Meshes/Cle/key_low/Textures/key_low_metallic_png-key_low_roughness_png.uexp" 1282
"C:/Users/1869771/Documents/GitHub/Martel_Ju_TP2_sans_lfs/Content/Game_ThePerfectDate/Meshes/Cle/key_low/Textures/key_low_color.ubulk" 1283
"C:/Users/1869771/Documents/GitHub/Martel_Ju_TP2_sans_lfs/Content/Game_ThePerfectDate/Meshes/Cle/key_low/Textures/key_low_color.uasset" 1284
"C:/Users/1869771/Documents/GitHub/Martel_Ju_TP2_sans_lfs/Content/Game_ThePerfectDate/Meshes/Cle/key_low/Textures/key_low_color.uexp" 1285
"C:/Users/1869771/Documents/GitHub/Martel_Ju_TP2_sans_lfs/Content/Game_ThePerfectDate/Meshes/Cle/key_low/Materials/key_low.uasset" 1286
"C:/Users/1869771/Documents/GitHub/Martel_Ju_TP2_sans_lfs/Content/Game_ThePerfectDate/Meshes/Cle/key_low/Materials/key_low.uexp" 1287
"C:/Users/1869771/Documents/GitHub/Martel_Ju_TP2_sans_lfs/Content/Game_ThePerfectDate/Meshes/Cle/key_low/StaticMeshes/key_low.ubulk" 1288
"C:/Users/1869771/Documents/GitHub/Martel_Ju_TP2_sans_lfs/Content/Game_ThePerfectDate/Meshes/Cle/key_low/StaticMeshes/key_low.uasset" 1289
"C:/Users/1869771/Documents/GitHub/Martel_Ju_TP2_sans_lfs/Content/Game_ThePerfectDate/Meshes/Cle/key_low/StaticMeshes/key_low.uexp" 1290
"C:/Users/1869771/Documents/GitHub/Martel_Ju_TP2_sans_lfs/Content/Game_ThePerfectDate/Bluprints/BP_Cle.uasset" 1291
"C:/Users/1869771/Documents/GitHub/Martel_Ju_TP2_sans_lfs/Content/Game_ThePerfectDate/Bluprints/BP_Cle.uexp" 1292
"../../../Engine/Content/BasicShapes/Cylinder.ubulk" 1293
"../../../Engine/Content/BasicShapes/Cylinder.uasset" 1294
"../../../Engine/Content/BasicShapes/Cylinder.uexp" 1295
"C:/Users/1869771/Documents/GitHub/Martel_Ju_TP2_sans_lfs/Content/Game_ThePerfectDate/Meshes/Furnitures/PSX/Textures/Wood_13.ubulk" 1296
"C:/Users/1869771/Documents/GitHub/Martel_Ju_TP2_sans_lfs/Content/Game_ThePerfectDate/Meshes/Furnitures/PSX/Textures/Wood_13.uasset" 1297
"C:/Users/1869771/Documents/GitHub/Martel_Ju_TP2_sans_lfs/Content/Game_ThePerfectDate/Meshes/Furnitures/PSX/Textures/Wood_13.uexp" 1298
"C:/Users/1869771/Documents/GitHub/Martel_Ju_TP2_sans_lfs/Content/Game_ThePerfectDate/Materials/Vertex_Snapping/Niveau1/MI_Wood_Lit.uasset" 1299
"C:/Users/1869771/Documents/GitHub/Martel_Ju_TP2_sans_lfs/Content/Game_ThePerfectDate/Materials/Vertex_Snapping/Niveau1/MI_Wood_Lit.uexp" 1300
"C:/Users/1869771/Documents/GitHub/Martel_Ju_TP2_sans_lfs/Content/Game_ThePerfectDate/SFX/Divers/big_shelves_rotated_2.ubulk" 1301
"C:/Users/1869771/Documents/GitHub/Martel_Ju_TP2_sans_lfs/Content/Game_ThePerfectDate/SFX/Divers/big_shelves_rotated_2.uasset" 1302
"C:/Users/1869771/Documents/GitHub/Martel_Ju_TP2_sans_lfs/Content/Game_ThePerfectDate/SFX/Divers/big_shelves_rotated_2.uexp" 1303
"C:/Users/1869771/Documents/GitHub/Martel_Ju_TP2_sans_lfs/Content/Game_ThePerfectDate/Meshes/Furnitures/Trailer/Trailer/Couch.uasset" 1304
"C:/Users/1869771/Documents/GitHub/Martel_Ju_TP2_sans_lfs/Content/Game_ThePerfectDate/Meshes/Furnitures/Trailer/Trailer/Couch.uexp" 1305
"C:/Users/1869771/Documents/GitHub/Martel_Ju_TP2_sans_lfs/Content/Game_ThePerfectDate/Meshes/Furnitures/Trailer/Trailer/Couch_001.ubulk" 1306
"C:/Users/1869771/Documents/GitHub/Martel_Ju_TP2_sans_lfs/Content/Game_ThePerfectDate/Meshes/Furnitures/Trailer/Trailer/Couch_001.uasset" 1307
"C:/Users/1869771/Documents/GitHub/Martel_Ju_TP2_sans_lfs/Content/Game_ThePerfectDate/Meshes/Furnitures/Trailer/Trailer/Couch_001.uexp" 1308
"C:/Users/1869771/Documents/GitHub/Martel_Ju_TP2_sans_lfs/Content/Game_ThePerfectDate/Meshes/Furnitures/Trailer/Textures/Couch.ubulk" 1309
"C:/Users/1869771/Documents/GitHub/Martel_Ju_TP2_sans_lfs/Content/Game_ThePerfectDate/Meshes/Furnitures/Trailer/Textures/Couch.uasset" 1310
"C:/Users/1869771/Documents/GitHub/Martel_Ju_TP2_sans_lfs/Content/Game_ThePerfectDate/Meshes/Furnitures/Trailer/Textures/Couch.uexp" 1311
"C:/Users/1869771/Documents/GitHub/Martel_Ju_TP2_sans_lfs/Content/Game_ThePerfectDate/Materials/Vertex_Snapping/Niveau1/MI_Couch.uasset" 1312
"C:/Users/1869771/Documents/GitHub/Martel_Ju_TP2_sans_lfs/Content/Game_ThePerfectDate/Materials/Vertex_Snapping/Niveau1/MI_Couch.uexp" 1313
"C:/Users/1869771/Documents/GitHub/Martel_Ju_TP2_sans_lfs/Content/Game_ThePerfectDate/Bluprints/BP_Divan.uasset" 1314
"C:/Users/1869771/Documents/GitHub/Martel_Ju_TP2_sans_lfs/Content/Game_ThePerfectDate/Bluprints/BP_Divan.uexp" 1315
"C:/Users/1869771/Documents/GitHub/Martel_Ju_TP2_sans_lfs/Content/Game_ThePerfectDate/SFX/Divers/cash-register-sound-fx.ubulk" 1316
"C:/Users/1869771/Documents/GitHub/Martel_Ju_TP2_sans_lfs/Content/Game_ThePerfectDate/SFX/Divers/cash-register-sound-fx.uasset" 1317
"C:/Users/1869771/Documents/GitHub/Martel_Ju_TP2_sans_lfs/Content/Game_ThePerfectDate/SFX/Divers/cash-register-sound-fx.uexp" 1318
"C:/Users/1869771/Documents/GitHub/Martel_Ju_TP2_sans_lfs/Content/Game_ThePerfectDate/Meshes/Furnitures/Trailer/Textures/Dishes.ubulk" 1319
"C:/Users/1869771/Documents/GitHub/Martel_Ju_TP2_sans_lfs/Content/Game_ThePerfectDate/Meshes/Furnitures/Trailer/Textures/Dishes.uasset" 1320
"C:/Users/1869771/Documents/GitHub/Martel_Ju_TP2_sans_lfs/Content/Game_ThePerfectDate/Meshes/Furnitures/Trailer/Textures/Dishes.uexp" 1321
"C:/Users/1869771/Documents/GitHub/Martel_Ju_TP2_sans_lfs/Content/Game_ThePerfectDate/Meshes/Furnitures/Trailer/Textures/Dishes_Mat.uasset" 1322
"C:/Users/1869771/Documents/GitHub/Martel_Ju_TP2_sans_lfs/Content/Game_ThePerfectDate/Meshes/Furnitures/Trailer/Textures/Dishes_Mat.uexp" 1323
"C:/Users/1869771/Documents/GitHub/Martel_Ju_TP2_sans_lfs/Content/Game_ThePerfectDate/Meshes/Furnitures/Trailer/Materials/Dishes.uasset" 1324
"C:/Users/1869771/Documents/GitHub/Martel_Ju_TP2_sans_lfs/Content/Game_ThePerfectDate/Meshes/Furnitures/Trailer/Materials/Dishes.uexp" 1325
"C:/Users/1869771/Documents/GitHub/Martel_Ju_TP2_sans_lfs/Content/Game_ThePerfectDate/Meshes/Furnitures/Trailer/Props/Dishes_01.ubulk" 1326
"C:/Users/1869771/Documents/GitHub/Martel_Ju_TP2_sans_lfs/Content/Game_ThePerfectDate/Meshes/Furnitures/Trailer/Props/Dishes_01.uasset" 1327
"C:/Users/1869771/Documents/GitHub/Martel_Ju_TP2_sans_lfs/Content/Game_ThePerfectDate/Meshes/Furnitures/Trailer/Props/Dishes_01.uexp" 1328
"C:/Users/1869771/Documents/GitHub/Martel_Ju_TP2_sans_lfs/Content/Game_ThePerfectDate/Bluprints/BP_Fouiller_Bol.uasset" 1329
"C:/Users/1869771/Documents/GitHub/Martel_Ju_TP2_sans_lfs/Content/Game_ThePerfectDate/Bluprints/BP_Fouiller_Bol.uexp" 1330
"C:/Users/1869771/Documents/GitHub/Martel_Ju_TP2_sans_lfs/Content/Game_ThePerfectDate/Meshes/Furnitures/PSX/Material/Kitchen.uasset" 1331
"C:/Users/1869771/Documents/GitHub/Martel_Ju_TP2_sans_lfs/Content/Game_ThePerfectDate/Meshes/Furnitures/PSX/Material/Kitchen.uexp" 1332
"C:/Users/1869771/Documents/GitHub/Martel_Ju_TP2_sans_lfs/Content/Game_ThePerfectDate/Meshes/Furnitures/PSX/Stove_door.ubulk" 1333
"C:/Users/1869771/Documents/GitHub/Martel_Ju_TP2_sans_lfs/Content/Game_ThePerfectDate/Meshes/Furnitures/PSX/Stove_door.uasset" 1334
"C:/Users/1869771/Documents/GitHub/Martel_Ju_TP2_sans_lfs/Content/Game_ThePerfectDate/Meshes/Furnitures/PSX/Stove_door.uexp" 1335
"C:/Users/1869771/Documents/GitHub/Martel_Ju_TP2_sans_lfs/Content/Game_ThePerfectDate/Meshes/Furnitures/PSX/Textures/Kitchen.ubulk" 1336
"C:/Users/1869771/Documents/GitHub/Martel_Ju_TP2_sans_lfs/Content/Game_ThePerfectDate/Meshes/Furnitures/PSX/Textures/Kitchen.uasset" 1337
"C:/Users/1869771/Documents/GitHub/Martel_Ju_TP2_sans_lfs/Content/Game_ThePerfectDate/Meshes/Furnitures/PSX/Textures/Kitchen.uexp" 1338
"C:/Users/1869771/Documents/GitHub/Martel_Ju_TP2_sans_lfs/Content/Game_ThePerfectDate/Meshes/Furnitures/PSX/Textures/Kitchen_Mat.uasset" 1339
"C:/Users/1869771/Documents/GitHub/Martel_Ju_TP2_sans_lfs/Content/Game_ThePerfectDate/Meshes/Furnitures/PSX/Textures/Kitchen_Mat.uexp" 1340
"C:/Users/1869771/Documents/GitHub/Martel_Ju_TP2_sans_lfs/Content/Game_ThePerfectDate/Bluprints/BP_Four.uasset" 1341
"C:/Users/1869771/Documents/GitHub/Martel_Ju_TP2_sans_lfs/Content/Game_ThePerfectDate/Bluprints/BP_Four.uexp" 1342
"C:/Users/1869771/Documents/GitHub/Martel_Ju_TP2_sans_lfs/Content/Game_ThePerfectDate/Meshes/Furnitures/Trailer/Textures/Refrigerator.ubulk" 1343
"C:/Users/1869771/Documents/GitHub/Martel_Ju_TP2_sans_lfs/Content/Game_ThePerfectDate/Meshes/Furnitures/Trailer/Textures/Refrigerator.uasset" 1344
"C:/Users/1869771/Documents/GitHub/Martel_Ju_TP2_sans_lfs/Content/Game_ThePerfectDate/Meshes/Furnitures/Trailer/Textures/Refrigerator.uexp" 1345
"C:/Users/1869771/Documents/GitHub/Martel_Ju_TP2_sans_lfs/Content/Game_ThePerfectDate/Materials/Vertex_Snapping/Niveau1/MI_Refregirateur.uasset" 1346
"C:/Users/1869771/Documents/GitHub/Martel_Ju_TP2_sans_lfs/Content/Game_ThePerfectDate/Materials/Vertex_Snapping/Niveau1/MI_Refregirateur.uexp" 1347
"C:/Users/1869771/Documents/GitHub/Martel_Ju_TP2_sans_lfs/Content/Game_ThePerfectDate/Meshes/Furnitures/Trailer/Props/Refrigerator_P_01.ubulk" 1348
"C:/Users/1869771/Documents/GitHub/Martel_Ju_TP2_sans_lfs/Content/Game_ThePerfectDate/Meshes/Furnitures/Trailer/Props/Refrigerator_P_01.uasset" 1349
"C:/Users/1869771/Documents/GitHub/Martel_Ju_TP2_sans_lfs/Content/Game_ThePerfectDate/Meshes/Furnitures/Trailer/Props/Refrigerator_P_01.uexp" 1350
"C:/Users/1869771/Documents/GitHub/Martel_Ju_TP2_sans_lfs/Content/Game_ThePerfectDate/Bluprints/BP_Frigo.uasset" 1351
"C:/Users/1869771/Documents/GitHub/Martel_Ju_TP2_sans_lfs/Content/Game_ThePerfectDate/Bluprints/BP_Frigo.uexp" 1352
"C:/Users/1869771/Documents/GitHub/Martel_Ju_TP2_sans_lfs/Content/Game_ThePerfectDate/Bluprints/BP_Photo.uasset" 1353
"C:/Users/1869771/Documents/GitHub/Martel_Ju_TP2_sans_lfs/Content/Game_ThePerfectDate/Bluprints/BP_Photo.uexp" 1354
"C:/Users/1869771/Documents/GitHub/Martel_Ju_TP2_sans_lfs/Content/Game_ThePerfectDate/SFX/Door/door_open_11.ubulk" 1355
"C:/Users/1869771/Documents/GitHub/Martel_Ju_TP2_sans_lfs/Content/Game_ThePerfectDate/SFX/Door/door_open_11.uasset" 1356
"C:/Users/1869771/Documents/GitHub/Martel_Ju_TP2_sans_lfs/Content/Game_ThePerfectDate/SFX/Door/door_open_11.uexp" 1357
"C:/Users/1869771/Documents/GitHub/Martel_Ju_TP2_sans_lfs/Content/Game_ThePerfectDate/SFX/Door/door_close_10.ubulk" 1358
"C:/Users/1869771/Documents/GitHub/Martel_Ju_TP2_sans_lfs/Content/Game_ThePerfectDate/SFX/Door/door_close_10.uasset" 1359
"C:/Users/1869771/Documents/GitHub/Martel_Ju_TP2_sans_lfs/Content/Game_ThePerfectDate/SFX/Door/door_close_10.uexp" 1360
"C:/Users/1869771/Documents/GitHub/Martel_Ju_TP2_sans_lfs/Content/Game_ThePerfectDate/Meshes/Furnitures/Trailer/Trailer/Door.uasset" 1361
"C:/Users/1869771/Documents/GitHub/Martel_Ju_TP2_sans_lfs/Content/Game_ThePerfectDate/Meshes/Furnitures/Trailer/Trailer/Door.uexp" 1362
"C:/Users/1869771/Documents/GitHub/Martel_Ju_TP2_sans_lfs/Content/Game_ThePerfectDate/Meshes/Furnitures/Trailer/Trailer/Door1.ubulk" 1363
"C:/Users/1869771/Documents/GitHub/Martel_Ju_TP2_sans_lfs/Content/Game_ThePerfectDate/Meshes/Furnitures/Trailer/Trailer/Door1.uasset" 1364
"C:/Users/1869771/Documents/GitHub/Martel_Ju_TP2_sans_lfs/Content/Game_ThePerfectDate/Meshes/Furnitures/Trailer/Trailer/Door1.uexp" 1365
"C:/Users/1869771/Documents/GitHub/Martel_Ju_TP2_sans_lfs/Content/Game_ThePerfectDate/Meshes/Furnitures/PSX2/Texture/Door_01.uasset" 1366
"C:/Users/1869771/Documents/GitHub/Martel_Ju_TP2_sans_lfs/Content/Game_ThePerfectDate/Meshes/Furnitures/PSX2/Texture/Door_01.uexp" 1367
"C:/Users/1869771/Documents/GitHub/Martel_Ju_TP2_sans_lfs/Content/Game_ThePerfectDate/Materials/Vertex_Snapping/MI_Door.uasset" 1368
"C:/Users/1869771/Documents/GitHub/Martel_Ju_TP2_sans_lfs/Content/Game_ThePerfectDate/Materials/Vertex_Snapping/MI_Door.uexp" 1369
"C:/Users/1869771/Documents/GitHub/Martel_Ju_TP2_sans_lfs/Content/Game_ThePerfectDate/Bluprints/BP_PorteToilette.uasset" 1370
"C:/Users/1869771/Documents/GitHub/Martel_Ju_TP2_sans_lfs/Content/Game_ThePerfectDate/Bluprints/BP_PorteToilette.uexp" 1371
"C:/Users/1869771/Documents/GitHub/Martel_Ju_TP2_sans_lfs/Content/Game_ThePerfectDate/Meshes/Furnitures/PSX/Material/Plastic_11.uasset" 1372
"C:/Users/1869771/Documents/GitHub/Martel_Ju_TP2_sans_lfs/Content/Game_ThePerfectDate/Meshes/Furnitures/PSX/Material/Plastic_11.uexp" 1373
"C:/Users/1869771/Documents/GitHub/Martel_Ju_TP2_sans_lfs/Content/Game_ThePerfectDate/Meshes/Furnitures/PSX/Material/Plastic_03.uasset" 1374
"C:/Users/1869771/Documents/GitHub/Martel_Ju_TP2_sans_lfs/Content/Game_ThePerfectDate/Meshes/Furnitures/PSX/Material/Plastic_03.uexp" 1375
"C:/Users/1869771/Documents/GitHub/Martel_Ju_TP2_sans_lfs/Content/Game_ThePerfectDate/Meshes/Furnitures/PSX/Trash_can_01.ubulk" 1376
"C:/Users/1869771/Documents/GitHub/Martel_Ju_TP2_sans_lfs/Content/Game_ThePerfectDate/Meshes/Furnitures/PSX/Trash_can_01.uasset" 1377
"C:/Users/1869771/Documents/GitHub/Martel_Ju_TP2_sans_lfs/Content/Game_ThePerfectDate/Meshes/Furnitures/PSX/Trash_can_01.uexp" 1378
"C:/Users/1869771/Documents/GitHub/Martel_Ju_TP2_sans_lfs/Content/Game_ThePerfectDate/Meshes/Furnitures/PSX/Textures/Plastic_11.ubulk" 1379
"C:/Users/1869771/Documents/GitHub/Martel_Ju_TP2_sans_lfs/Content/Game_ThePerfectDate/Meshes/Furnitures/PSX/Textures/Plastic_11.uasset" 1380
"C:/Users/1869771/Documents/GitHub/Martel_Ju_TP2_sans_lfs/Content/Game_ThePerfectDate/Meshes/Furnitures/PSX/Textures/Plastic_11.uexp" 1381
"C:/Users/1869771/Documents/GitHub/Martel_Ju_TP2_sans_lfs/Content/Game_ThePerfectDate/Meshes/Furnitures/PSX/Textures/Plastic_11_Mat.uasset" 1382
"C:/Users/1869771/Documents/GitHub/Martel_Ju_TP2_sans_lfs/Content/Game_ThePerfectDate/Meshes/Furnitures/PSX/Textures/Plastic_11_Mat.uexp" 1383
"C:/Users/1869771/Documents/GitHub/Martel_Ju_TP2_sans_lfs/Content/Game_ThePerfectDate/Meshes/Furnitures/PSX/Textures/Plastic_03.ubulk" 1384
"C:/Users/1869771/Documents/GitHub/Martel_Ju_TP2_sans_lfs/Content/Game_ThePerfectDate/Meshes/Furnitures/PSX/Textures/Plastic_03.uasset" 1385
"C:/Users/1869771/Documents/GitHub/Martel_Ju_TP2_sans_lfs/Content/Game_ThePerfectDate/Meshes/Furnitures/PSX/Textures/Plastic_03.uexp" 1386
"C:/Users/1869771/Documents/GitHub/Martel_Ju_TP2_sans_lfs/Content/Game_ThePerfectDate/Meshes/Furnitures/PSX/Textures/Plastic_03_Mat.uasset" 1387
"C:/Users/1869771/Documents/GitHub/Martel_Ju_TP2_sans_lfs/Content/Game_ThePerfectDate/Meshes/Furnitures/PSX/Textures/Plastic_03_Mat.uexp" 1388
"C:/Users/1869771/Documents/GitHub/Martel_Ju_TP2_sans_lfs/Content/Game_ThePerfectDate/Bluprints/BP_Poubelle.uasset" 1389
"C:/Users/1869771/Documents/GitHub/Martel_Ju_TP2_sans_lfs/Content/Game_ThePerfectDate/Bluprints/BP_Poubelle.uexp" 1390
"C:/Users/1869771/Documents/GitHub/Martel_Ju_TP2_sans_lfs/Content/Game_ThePerfectDate/Meshes/Furnitures/PSX/Textures/Foods_07.ubulk" 1391
"C:/Users/1869771/Documents/GitHub/Martel_Ju_TP2_sans_lfs/Content/Game_ThePerfectDate/Meshes/Furnitures/PSX/Textures/Foods_07.uasset" 1392
"C:/Users/1869771/Documents/GitHub/Martel_Ju_TP2_sans_lfs/Content/Game_ThePerfectDate/Meshes/Furnitures/PSX/Textures/Foods_07.uexp" 1393
"C:/Users/1869771/Documents/GitHub/Martel_Ju_TP2_sans_lfs/Content/Game_ThePerfectDate/Materials/Vertex_Snapping/Niveau1/MI_Food_Petit.uasset" 1394
"C:/Users/1869771/Documents/GitHub/Martel_Ju_TP2_sans_lfs/Content/Game_ThePerfectDate/Materials/Vertex_Snapping/Niveau1/MI_Food_Petit.uexp" 1395
"C:/Users/1869771/Documents/GitHub/Martel_Ju_TP2_sans_lfs/Content/Game_ThePerfectDate/Meshes/Furnitures/PSX/Fried_chicken_01.ubulk" 1396
"C:/Users/1869771/Documents/GitHub/Martel_Ju_TP2_sans_lfs/Content/Game_ThePerfectDate/Meshes/Furnitures/PSX/Fried_chicken_01.uasset" 1397
"C:/Users/1869771/Documents/GitHub/Martel_Ju_TP2_sans_lfs/Content/Game_ThePerfectDate/Meshes/Furnitures/PSX/Fried_chicken_01.uexp" 1398
"C:/Users/1869771/Documents/GitHub/Martel_Ju_TP2_sans_lfs/Content/Game_ThePerfectDate/SFX/Divers/eat.ubulk" 1399
"C:/Users/1869771/Documents/GitHub/Martel_Ju_TP2_sans_lfs/Content/Game_ThePerfectDate/SFX/Divers/eat.uasset" 1400
"C:/Users/1869771/Documents/GitHub/Martel_Ju_TP2_sans_lfs/Content/Game_ThePerfectDate/SFX/Divers/eat.uexp" 1401
"C:/Users/1869771/Documents/GitHub/Martel_Ju_TP2_sans_lfs/Content/Game_ThePerfectDate/Bluprints/BP_Poulet.uasset" 1402
"C:/Users/1869771/Documents/GitHub/Martel_Ju_TP2_sans_lfs/Content/Game_ThePerfectDate/Bluprints/BP_Poulet.uexp" 1403
"C:/Users/1869771/Documents/GitHub/Martel_Ju_TP2_sans_lfs/Content/Game_ThePerfectDate/SFX/Divers/shower_2.ubulk" 1404
"C:/Users/1869771/Documents/GitHub/Martel_Ju_TP2_sans_lfs/Content/Game_ThePerfectDate/SFX/Divers/shower_2.uasset" 1405
"C:/Users/1869771/Documents/GitHub/Martel_Ju_TP2_sans_lfs/Content/Game_ThePerfectDate/SFX/Divers/shower_2.uexp" 1406
"C:/Users/1869771/Documents/GitHub/Martel_Ju_TP2_sans_lfs/Content/Game_ThePerfectDate/Bluprints/BP_TB_Douche.uasset" 1407
"C:/Users/1869771/Documents/GitHub/Martel_Ju_TP2_sans_lfs/Content/Game_ThePerfectDate/Bluprints/BP_TB_Douche.uexp" 1408
"C:/Users/1869771/Documents/GitHub/Martel_Ju_TP2_sans_lfs/Content/Game_ThePerfectDate/Bluprints/BP_TriggerBox_PorteSortie.uasset" 1409
"C:/Users/1869771/Documents/GitHub/Martel_Ju_TP2_sans_lfs/Content/Game_ThePerfectDate/Bluprints/BP_TriggerBox_PorteSortie.uexp" 1410
"C:/Users/1869771/Documents/GitHub/Martel_Ju_TP2_sans_lfs/Content/Game_ThePerfectDate/Images/Texto/Texto2__2_.uasset" 1411
"C:/Users/1869771/Documents/GitHub/Martel_Ju_TP2_sans_lfs/Content/Game_ThePerfectDate/Images/Texto/Texto2__2_.uexp" 1412
"C:/Users/1869771/Documents/GitHub/Martel_Ju_TP2_sans_lfs/Content/Game_ThePerfectDate/Images/Texto/Phone_1.uasset" 1413
"C:/Users/1869771/Documents/GitHub/Martel_Ju_TP2_sans_lfs/Content/Game_ThePerfectDate/Images/Texto/Phone_1.uexp" 1414
"C:/Users/1869771/Documents/GitHub/Martel_Ju_TP2_sans_lfs/Content/Game_ThePerfectDate/Images/Texto/dsads.uasset" 1415
"C:/Users/1869771/Documents/GitHub/Martel_Ju_TP2_sans_lfs/Content/Game_ThePerfectDate/Images/Texto/dsads.uexp" 1416
"C:/Users/1869771/Documents/GitHub/Martel_Ju_TP2_sans_lfs/Content/Game_ThePerfectDate/Bluprints/Phone/WBP_Phone1.uasset" 1417
"C:/Users/1869771/Documents/GitHub/Martel_Ju_TP2_sans_lfs/Content/Game_ThePerfectDate/Bluprints/Phone/WBP_Phone1.uexp" 1418
"C:/Users/1869771/Documents/GitHub/Martel_Ju_TP2_sans_lfs/Content/Game_ThePerfectDate/SFX/Divers/textkeyboard.ubulk" 1419
"C:/Users/1869771/Documents/GitHub/Martel_Ju_TP2_sans_lfs/Content/Game_ThePerfectDate/SFX/Divers/textkeyboard.uasset" 1420
"C:/Users/1869771/Documents/GitHub/Martel_Ju_TP2_sans_lfs/Content/Game_ThePerfectDate/SFX/Divers/textkeyboard.uexp" 1421
"C:/Users/1869771/Documents/GitHub/Martel_Ju_TP2_sans_lfs/Content/Game_ThePerfectDate/Images/Texto/Texto1__2_.uasset" 1422
"C:/Users/1869771/Documents/GitHub/Martel_Ju_TP2_sans_lfs/Content/Game_ThePerfectDate/Images/Texto/Texto1__2_.uexp" 1423
"C:/Users/1869771/Documents/GitHub/Martel_Ju_TP2_sans_lfs/Content/Game_ThePerfectDate/Images/Texto/iphone-lcfX1.uasset" 1424
"C:/Users/1869771/Documents/GitHub/Martel_Ju_TP2_sans_lfs/Content/Game_ThePerfectDate/Images/Texto/iphone-lcfX1.uexp" 1425
"C:/Users/1869771/Documents/GitHub/Martel_Ju_TP2_sans_lfs/Content/Game_ThePerfectDate/Bluprints/Phone/WBP_Phone.uasset" 1426
"C:/Users/1869771/Documents/GitHub/Martel_Ju_TP2_sans_lfs/Content/Game_ThePerfectDate/Bluprints/Phone/WBP_Phone.uexp" 1427
"C:/Users/1869771/Documents/GitHub/Martel_Ju_TP2_sans_lfs/Content/Game_ThePerfectDate/Images/Skybox/lilienstein_8k.uasset" 1428
"C:/Users/1869771/Documents/GitHub/Martel_Ju_TP2_sans_lfs/Content/Game_ThePerfectDate/Images/Skybox/lilienstein_8k.uexp" 1429
"C:/Users/1869771/Documents/GitHub/Martel_Ju_TP2_sans_lfs/Content/Game_ThePerfectDate/Meshes/Vinyls/Texture/AC-DC_T.ubulk" 1430
"C:/Users/1869771/Documents/GitHub/Martel_Ju_TP2_sans_lfs/Content/Game_ThePerfectDate/Meshes/Vinyls/Texture/AC-DC_T.uasset" 1431
"C:/Users/1869771/Documents/GitHub/Martel_Ju_TP2_sans_lfs/Content/Game_ThePerfectDate/Meshes/Vinyls/Texture/AC-DC_T.uexp" 1432
"C:/Users/1869771/Documents/GitHub/Martel_Ju_TP2_sans_lfs/Content/Game_ThePerfectDate/Materials/Vertex_Snapping/MI_ACDC.uasset" 1433
"C:/Users/1869771/Documents/GitHub/Martel_Ju_TP2_sans_lfs/Content/Game_ThePerfectDate/Materials/Vertex_Snapping/MI_ACDC.uexp" 1434
"C:/Users/1869771/Documents/GitHub/Martel_Ju_TP2_sans_lfs/Content/Game_ThePerfectDate/Meshes/Vinyls/Texture/Aerosmith_T.ubulk" 1435
"C:/Users/1869771/Documents/GitHub/Martel_Ju_TP2_sans_lfs/Content/Game_ThePerfectDate/Meshes/Vinyls/Texture/Aerosmith_T.uasset" 1436
"C:/Users/1869771/Documents/GitHub/Martel_Ju_TP2_sans_lfs/Content/Game_ThePerfectDate/Meshes/Vinyls/Texture/Aerosmith_T.uexp" 1437
"C:/Users/1869771/Documents/GitHub/Martel_Ju_TP2_sans_lfs/Content/Game_ThePerfectDate/Materials/Vertex_Snapping/MI_Aeorsmith.uasset" 1438
"C:/Users/1869771/Documents/GitHub/Martel_Ju_TP2_sans_lfs/Content/Game_ThePerfectDate/Materials/Vertex_Snapping/MI_Aeorsmith.uexp" 1439
"C:/Users/1869771/Documents/GitHub/Martel_Ju_TP2_sans_lfs/Content/Game_ThePerfectDate/Meshes/Furnitures/PSX/Textures/Broom.ubulk" 1440
"C:/Users/1869771/Documents/GitHub/Martel_Ju_TP2_sans_lfs/Content/Game_ThePerfectDate/Meshes/Furnitures/PSX/Textures/Broom.uasset" 1441
"C:/Users/1869771/Documents/GitHub/Martel_Ju_TP2_sans_lfs/Content/Game_ThePerfectDate/Meshes/Furnitures/PSX/Textures/Broom.uexp" 1442
"C:/Users/1869771/Documents/GitHub/Martel_Ju_TP2_sans_lfs/Content/Game_ThePerfectDate/Materials/Vertex_Snapping/MI_Broom.uasset" 1443
"C:/Users/1869771/Documents/GitHub/Martel_Ju_TP2_sans_lfs/Content/Game_ThePerfectDate/Materials/Vertex_Snapping/MI_Broom.uexp" 1444
"C:/Users/1869771/Documents/GitHub/Martel_Ju_TP2_sans_lfs/Content/Game_ThePerfectDate/Meshes/Furnitures/Trailer/Textures/Coffee_maker.ubulk" 1445
"C:/Users/1869771/Documents/GitHub/Martel_Ju_TP2_sans_lfs/Content/Game_ThePerfectDate/Meshes/Furnitures/Trailer/Textures/Coffee_maker.uasset" 1446
"C:/Users/1869771/Documents/GitHub/Martel_Ju_TP2_sans_lfs/Content/Game_ThePerfectDate/Meshes/Furnitures/Trailer/Textures/Coffee_maker.uexp" 1447
"C:/Users/1869771/Documents/GitHub/Martel_Ju_TP2_sans_lfs/Content/Game_ThePerfectDate/Materials/Vertex_Snapping/MI_CafeAppart.uasset" 1448
"C:/Users/1869771/Documents/GitHub/Martel_Ju_TP2_sans_lfs/Content/Game_ThePerfectDate/Materials/Vertex_Snapping/MI_CafeAppart.uexp" 1449
"C:/Users/1869771/Documents/GitHub/Martel_Ju_TP2_sans_lfs/Content/Game_ThePerfectDate/Meshes/Vinyls/Texture/Bowie_T.ubulk" 1450
"C:/Users/1869771/Documents/GitHub/Martel_Ju_TP2_sans_lfs/Content/Game_ThePerfectDate/Meshes/Vinyls/Texture/Bowie_T.uasset" 1451
"C:/Users/1869771/Documents/GitHub/Martel_Ju_TP2_sans_lfs/Content/Game_ThePerfectDate/Meshes/Vinyls/Texture/Bowie_T.uexp" 1452
"C:/Users/1869771/Documents/GitHub/Martel_Ju_TP2_sans_lfs/Content/Game_ThePerfectDate/Materials/Vertex_Snapping/MI_David.uasset" 1453
"C:/Users/1869771/Documents/GitHub/Martel_Ju_TP2_sans_lfs/Content/Game_ThePerfectDate/Materials/Vertex_Snapping/MI_David.uexp" 1454
"C:/Users/1869771/Documents/GitHub/Martel_Ju_TP2_sans_lfs/Content/Game_ThePerfectDate/Meshes/Furnitures/Trailer/Textures/Watering_can.ubulk" 1455
"C:/Users/1869771/Documents/GitHub/Martel_Ju_TP2_sans_lfs/Content/Game_ThePerfectDate/Meshes/Furnitures/Trailer/Textures/Watering_can.uasset" 1456
"C:/Users/1869771/Documents/GitHub/Martel_Ju_TP2_sans_lfs/Content/Game_ThePerfectDate/Meshes/Furnitures/Trailer/Textures/Watering_can.uexp" 1457
"C:/Users/1869771/Documents/GitHub/Martel_Ju_TP2_sans_lfs/Content/Game_ThePerfectDate/Materials/Vertex_Snapping/MI_Douche.uasset" 1458
"C:/Users/1869771/Documents/GitHub/Martel_Ju_TP2_sans_lfs/Content/Game_ThePerfectDate/Materials/Vertex_Snapping/MI_Douche.uexp" 1459
"C:/Users/1869771/Documents/GitHub/Martel_Ju_TP2_sans_lfs/Content/Game_ThePerfectDate/Meshes/Vinyls/Texture/FleetwoodMac_T.ubulk" 1460
"C:/Users/1869771/Documents/GitHub/Martel_Ju_TP2_sans_lfs/Content/Game_ThePerfectDate/Meshes/Vinyls/Texture/FleetwoodMac_T.uasset" 1461
"C:/Users/1869771/Documents/GitHub/Martel_Ju_TP2_sans_lfs/Content/Game_ThePerfectDate/Meshes/Vinyls/Texture/FleetwoodMac_T.uexp" 1462
"C:/Users/1869771/Documents/GitHub/Martel_Ju_TP2_sans_lfs/Content/Game_ThePerfectDate/Materials/Vertex_Snapping/MI_Fleetwood.uasset" 1463
"C:/Users/1869771/Documents/GitHub/Martel_Ju_TP2_sans_lfs/Content/Game_ThePerfectDate/Materials/Vertex_Snapping/MI_Fleetwood.uexp" 1464
"C:/Users/1869771/Documents/GitHub/Martel_Ju_TP2_sans_lfs/Content/Game_ThePerfectDate/Meshes/Furnitures/Trailer/Textures/Coffe.ubulk" 1465
"C:/Users/1869771/Documents/GitHub/Martel_Ju_TP2_sans_lfs/Content/Game_ThePerfectDate/Meshes/Furnitures/Trailer/Textures/Coffe.uasset" 1466
"C:/Users/1869771/Documents/GitHub/Martel_Ju_TP2_sans_lfs/Content/Game_ThePerfectDate/Meshes/Furnitures/Trailer/Textures/Coffe.uexp" 1467
"C:/Users/1869771/Documents/GitHub/Martel_Ju_TP2_sans_lfs/Content/Game_ThePerfectDate/Materials/Vertex_Snapping/MI_GraineCafe.uasset" 1468
"C:/Users/1869771/Documents/GitHub/Martel_Ju_TP2_sans_lfs/Content/Game_ThePerfectDate/Materials/Vertex_Snapping/MI_GraineCafe.uexp" 1469
"C:/Users/1869771/Documents/GitHub/Martel_Ju_TP2_sans_lfs/Content/Game_ThePerfectDate/Meshes/Furnitures/PSX/Textures/Hygiene.ubulk" 1470
"C:/Users/1869771/Documents/GitHub/Martel_Ju_TP2_sans_lfs/Content/Game_ThePerfectDate/Meshes/Furnitures/PSX/Textures/Hygiene.uasset" 1471
"C:/Users/1869771/Documents/GitHub/Martel_Ju_TP2_sans_lfs/Content/Game_ThePerfectDate/Meshes/Furnitures/PSX/Textures/Hygiene.uexp" 1472
"C:/Users/1869771/Documents/GitHub/Martel_Ju_TP2_sans_lfs/Content/Game_ThePerfectDate/Materials/Vertex_Snapping/MI_Hygiene.uasset" 1473
"C:/Users/1869771/Documents/GitHub/Martel_Ju_TP2_sans_lfs/Content/Game_ThePerfectDate/Materials/Vertex_Snapping/MI_Hygiene.uexp" 1474
"C:/Users/1869771/Documents/GitHub/Martel_Ju_TP2_sans_lfs/Content/Game_ThePerfectDate/Materials/Vertex_Snapping/MI_Hygiene_petit.uasset" 1475
"C:/Users/1869771/Documents/GitHub/Martel_Ju_TP2_sans_lfs/Content/Game_ThePerfectDate/Materials/Vertex_Snapping/MI_Hygiene_petit.uexp" 1476
"C:/Users/1869771/Documents/GitHub/Martel_Ju_TP2_sans_lfs/Content/Game_ThePerfectDate/Meshes/Vinyls/Texture/LedZeppelin_T.ubulk" 1477
"C:/Users/1869771/Documents/GitHub/Martel_Ju_TP2_sans_lfs/Content/Game_ThePerfectDate/Meshes/Vinyls/Texture/LedZeppelin_T.uasset" 1478
"C:/Users/1869771/Documents/GitHub/Martel_Ju_TP2_sans_lfs/Content/Game_ThePerfectDate/Meshes/Vinyls/Texture/LedZeppelin_T.uexp" 1479
"C:/Users/1869771/Documents/GitHub/Martel_Ju_TP2_sans_lfs/Content/Game_ThePerfectDate/Materials/Vertex_Snapping/MI_LedZ.uasset" 1480
"C:/Users/1869771/Documents/GitHub/Martel_Ju_TP2_sans_lfs/Content/Game_ThePerfectDate/Materials/Vertex_Snapping/MI_LedZ.uexp" 1481
"C:/Users/1869771/Documents/GitHub/Martel_Ju_TP2_sans_lfs/Content/Game_ThePerfectDate/Meshes/Furnitures/Trailer/Textures/olive_oil.ubulk" 1482
"C:/Users/1869771/Documents/GitHub/Martel_Ju_TP2_sans_lfs/Content/Game_ThePerfectDate/Meshes/Furnitures/Trailer/Textures/olive_oil.uasset" 1483
"C:/Users/1869771/Documents/GitHub/Martel_Ju_TP2_sans_lfs/Content/Game_ThePerfectDate/Meshes/Furnitures/Trailer/Textures/olive_oil.uexp" 1484
"C:/Users/1869771/Documents/GitHub/Martel_Ju_TP2_sans_lfs/Content/Game_ThePerfectDate/Materials/Vertex_Snapping/MI_Olive.uasset" 1485
"C:/Users/1869771/Documents/GitHub/Martel_Ju_TP2_sans_lfs/Content/Game_ThePerfectDate/Materials/Vertex_Snapping/MI_Olive.uexp" 1486
"C:/Users/1869771/Documents/GitHub/Martel_Ju_TP2_sans_lfs/Content/Game_ThePerfectDate/Meshes/Furnitures/PSX/Textures/Plastic_06.ubulk" 1487
"C:/Users/1869771/Documents/GitHub/Martel_Ju_TP2_sans_lfs/Content/Game_ThePerfectDate/Meshes/Furnitures/PSX/Textures/Plastic_06.uasset" 1488
"C:/Users/1869771/Documents/GitHub/Martel_Ju_TP2_sans_lfs/Content/Game_ThePerfectDate/Meshes/Furnitures/PSX/Textures/Plastic_06.uexp" 1489
"C:/Users/1869771/Documents/GitHub/Martel_Ju_TP2_sans_lfs/Content/Game_ThePerfectDate/Materials/Vertex_Snapping/MI_Savon.uasset" 1490
"C:/Users/1869771/Documents/GitHub/Martel_Ju_TP2_sans_lfs/Content/Game_ThePerfectDate/Materials/Vertex_Snapping/MI_Savon.uexp" 1491
"C:/Users/1869771/Documents/GitHub/Martel_Ju_TP2_sans_lfs/Content/Game_ThePerfectDate/Meshes/Furnitures/Trailer/Textures/Toaster.ubulk" 1492
"C:/Users/1869771/Documents/GitHub/Martel_Ju_TP2_sans_lfs/Content/Game_ThePerfectDate/Meshes/Furnitures/Trailer/Textures/Toaster.uasset" 1493
"C:/Users/1869771/Documents/GitHub/Martel_Ju_TP2_sans_lfs/Content/Game_ThePerfectDate/Meshes/Furnitures/Trailer/Textures/Toaster.uexp" 1494
"C:/Users/1869771/Documents/GitHub/Martel_Ju_TP2_sans_lfs/Content/Game_ThePerfectDate/Materials/Vertex_Snapping/MI_Toaster.uasset" 1495
"C:/Users/1869771/Documents/GitHub/Martel_Ju_TP2_sans_lfs/Content/Game_ThePerfectDate/Materials/Vertex_Snapping/MI_Toaster.uexp" 1496
"C:/Users/1869771/Documents/GitHub/Martel_Ju_TP2_sans_lfs/Content/Game_ThePerfectDate/Meshes/Vinyls/Texture/DefLeppard_T.ubulk" 1497
"C:/Users/1869771/Documents/GitHub/Martel_Ju_TP2_sans_lfs/Content/Game_ThePerfectDate/Meshes/Vinyls/Texture/DefLeppard_T.uasset" 1498
"C:/Users/1869771/Documents/GitHub/Martel_Ju_TP2_sans_lfs/Content/Game_ThePerfectDate/Meshes/Vinyls/Texture/DefLeppard_T.uexp" 1499
"C:/Users/1869771/Documents/GitHub/Martel_Ju_TP2_sans_lfs/Content/Game_ThePerfectDate/Materials/Vertex_Snapping/MI_Vinyls.uasset" 1500
"C:/Users/1869771/Documents/GitHub/Martel_Ju_TP2_sans_lfs/Content/Game_ThePerfectDate/Materials/Vertex_Snapping/MI_Vinyls.uexp" 1501
"C:/Users/1869771/Documents/GitHub/Martel_Ju_TP2_sans_lfs/Content/Game_ThePerfectDate/Meshes/Furnitures/Trailer/Textures/cupboard_kitchen.uasset" 1502
"C:/Users/1869771/Documents/GitHub/Martel_Ju_TP2_sans_lfs/Content/Game_ThePerfectDate/Meshes/Furnitures/Trailer/Textures/cupboard_kitchen.uexp" 1503
"C:/Users/1869771/Documents/GitHub/Martel_Ju_TP2_sans_lfs/Content/Game_ThePerfectDate/Materials/Vertex_Snapping/Niveau1/MI_Armoire.uasset" 1504
"C:/Users/1869771/Documents/GitHub/Martel_Ju_TP2_sans_lfs/Content/Game_ThePerfectDate/Materials/Vertex_Snapping/Niveau1/MI_Armoire.uexp" 1505
"C:/Users/1869771/Documents/GitHub/Martel_Ju_TP2_sans_lfs/Content/Game_ThePerfectDate/Meshes/Furnitures/Trailer/Textures/Books.ubulk" 1506
"C:/Users/1869771/Documents/GitHub/Martel_Ju_TP2_sans_lfs/Content/Game_ThePerfectDate/Meshes/Furnitures/Trailer/Textures/Books.uasset" 1507
"C:/Users/1869771/Documents/GitHub/Martel_Ju_TP2_sans_lfs/Content/Game_ThePerfectDate/Meshes/Furnitures/Trailer/Textures/Books.uexp" 1508
"C:/Users/1869771/Documents/GitHub/Martel_Ju_TP2_sans_lfs/Content/Game_ThePerfectDate/Materials/Vertex_Snapping/Niveau1/MI_Books.uasset" 1509
"C:/Users/1869771/Documents/GitHub/Martel_Ju_TP2_sans_lfs/Content/Game_ThePerfectDate/Materials/Vertex_Snapping/Niveau1/MI_Books.uexp" 1510
"C:/Users/1869771/Documents/GitHub/Martel_Ju_TP2_sans_lfs/Content/Game_ThePerfectDate/Meshes/Furnitures/PSX/Textures/Paintings.uasset" 1511
"C:/Users/1869771/Documents/GitHub/Martel_Ju_TP2_sans_lfs/Content/Game_ThePerfectDate/Meshes/Furnitures/PSX/Textures/Paintings.uexp" 1512
"C:/Users/1869771/Documents/GitHub/Martel_Ju_TP2_sans_lfs/Content/Game_ThePerfectDate/Materials/Vertex_Snapping/Niveau1/MI_Cadre.uasset" 1513
"C:/Users/1869771/Documents/GitHub/Martel_Ju_TP2_sans_lfs/Content/Game_ThePerfectDate/Materials/Vertex_Snapping/Niveau1/MI_Cadre.uexp" 1514
"C:/Users/1869771/Documents/GitHub/Martel_Ju_TP2_sans_lfs/Content/Game_ThePerfectDate/Materials/Vertex_Snapping/Niveau1/MI_Cigarettes.uasset" 1515
"C:/Users/1869771/Documents/GitHub/Martel_Ju_TP2_sans_lfs/Content/Game_ThePerfectDate/Materials/Vertex_Snapping/Niveau1/MI_Cigarettes.uexp" 1516
"C:/Users/1869771/Documents/GitHub/Martel_Ju_TP2_sans_lfs/Content/Game_ThePerfectDate/Meshes/Furnitures/Trailer/Textures/knife__holder.ubulk" 1517
"C:/Users/1869771/Documents/GitHub/Martel_Ju_TP2_sans_lfs/Content/Game_ThePerfectDate/Meshes/Furnitures/Trailer/Textures/knife__holder.uasset" 1518
"C:/Users/1869771/Documents/GitHub/Martel_Ju_TP2_sans_lfs/Content/Game_ThePerfectDate/Meshes/Furnitures/Trailer/Textures/knife__holder.uexp" 1519
"C:/Users/1869771/Documents/GitHub/Martel_Ju_TP2_sans_lfs/Content/Game_ThePerfectDate/Materials/Vertex_Snapping/Niveau1/MI_Couteaux.uasset" 1520
"C:/Users/1869771/Documents/GitHub/Martel_Ju_TP2_sans_lfs/Content/Game_ThePerfectDate/Materials/Vertex_Snapping/Niveau1/MI_Couteaux.uexp" 1521
"C:/Users/1869771/Documents/GitHub/Martel_Ju_TP2_sans_lfs/Content/Game_ThePerfectDate/Meshes/Furnitures/Trailer/Textures/WoodPlanksClean.uasset" 1522
"C:/Users/1869771/Documents/GitHub/Martel_Ju_TP2_sans_lfs/Content/Game_ThePerfectDate/Meshes/Furnitures/Trailer/Textures/WoodPlanksClean.uexp" 1523
"C:/Users/1869771/Documents/GitHub/Martel_Ju_TP2_sans_lfs/Content/Game_ThePerfectDate/Materials/Vertex_Snapping/Niveau1/MI_Etagere.uasset" 1524
"C:/Users/1869771/Documents/GitHub/Martel_Ju_TP2_sans_lfs/Content/Game_ThePerfectDate/Materials/Vertex_Snapping/Niveau1/MI_Etagere.uexp" 1525
"C:/Users/1869771/Documents/GitHub/Martel_Ju_TP2_sans_lfs/Content/Game_ThePerfectDate/Meshes/Furnitures/Trailer/Textures/Wood.ubulk" 1526
"C:/Users/1869771/Documents/GitHub/Martel_Ju_TP2_sans_lfs/Content/Game_ThePerfectDate/Meshes/Furnitures/Trailer/Textures/Wood.uasset" 1527
"C:/Users/1869771/Documents/GitHub/Martel_Ju_TP2_sans_lfs/Content/Game_ThePerfectDate/Meshes/Furnitures/Trailer/Textures/Wood.uexp" 1528
"C:/Users/1869771/Documents/GitHub/Martel_Ju_TP2_sans_lfs/Content/Game_ThePerfectDate/Materials/Vertex_Snapping/Niveau1/MI_Fenetres.uasset" 1529
"C:/Users/1869771/Documents/GitHub/Martel_Ju_TP2_sans_lfs/Content/Game_ThePerfectDate/Materials/Vertex_Snapping/Niveau1/MI_Fenetres.uexp" 1530
"C:/Users/1869771/Documents/GitHub/Martel_Ju_TP2_sans_lfs/Content/Game_ThePerfectDate/Materials/Vertex_Snapping/Niveau1/MI_Kitchen.uasset" 1531
"C:/Users/1869771/Documents/GitHub/Martel_Ju_TP2_sans_lfs/Content/Game_ThePerfectDate/Materials/Vertex_Snapping/Niveau1/MI_Kitchen.uexp" 1532
"C:/Users/1869771/Documents/GitHub/Martel_Ju_TP2_sans_lfs/Content/Game_ThePerfectDate/Materials/Vertex_Snapping/Niveau1/MI_Laveuse_Secheuse_Petit.uasset" 1533
"C:/Users/1869771/Documents/GitHub/Martel_Ju_TP2_sans_lfs/Content/Game_ThePerfectDate/Materials/Vertex_Snapping/Niveau1/MI_Laveuse_Secheuse_Petit.uexp" 1534
"C:/Users/1869771/Documents/GitHub/Martel_Ju_TP2_sans_lfs/Content/Game_ThePerfectDate/Meshes/Furnitures/PSX2/Texture/Fabric_01.uasset" 1535
"C:/Users/1869771/Documents/GitHub/Martel_Ju_TP2_sans_lfs/Content/Game_ThePerfectDate/Meshes/Furnitures/PSX2/Texture/Fabric_01.uexp" 1536
"C:/Users/1869771/Documents/GitHub/Martel_Ju_TP2_sans_lfs/Content/Game_ThePerfectDate/Materials/Vertex_Snapping/Niveau1/MI_Lit.uasset" 1537
"C:/Users/1869771/Documents/GitHub/Martel_Ju_TP2_sans_lfs/Content/Game_ThePerfectDate/Materials/Vertex_Snapping/Niveau1/MI_Lit.uexp" 1538
"C:/Users/1869771/Documents/GitHub/Martel_Ju_TP2_sans_lfs/Content/Game_ThePerfectDate/Meshes/Furnitures/PSX/Textures/Fabric_20.ubulk" 1539
"C:/Users/1869771/Documents/GitHub/Martel_Ju_TP2_sans_lfs/Content/Game_ThePerfectDate/Meshes/Furnitures/PSX/Textures/Fabric_20.uasset" 1540
"C:/Users/1869771/Documents/GitHub/Martel_Ju_TP2_sans_lfs/Content/Game_ThePerfectDate/Meshes/Furnitures/PSX/Textures/Fabric_20.uexp" 1541
"C:/Users/1869771/Documents/GitHub/Martel_Ju_TP2_sans_lfs/Content/Game_ThePerfectDate/Materials/Vertex_Snapping/Niveau1/MI_Lit2.uasset" 1542
"C:/Users/1869771/Documents/GitHub/Martel_Ju_TP2_sans_lfs/Content/Game_ThePerfectDate/Materials/Vertex_Snapping/Niveau1/MI_Lit2.uexp" 1543
"C:/Users/1869771/Documents/GitHub/Martel_Ju_TP2_sans_lfs/Content/Game_ThePerfectDate/Meshes/Furnitures/PSX/Textures/Fabric_10.ubulk" 1544
"C:/Users/1869771/Documents/GitHub/Martel_Ju_TP2_sans_lfs/Content/Game_ThePerfectDate/Meshes/Furnitures/PSX/Textures/Fabric_10.uasset" 1545
"C:/Users/1869771/Documents/GitHub/Martel_Ju_TP2_sans_lfs/Content/Game_ThePerfectDate/Meshes/Furnitures/PSX/Textures/Fabric_10.uexp" 1546
"C:/Users/1869771/Documents/GitHub/Martel_Ju_TP2_sans_lfs/Content/Game_ThePerfectDate/Materials/Vertex_Snapping/Niveau1/MI_Lit3.uasset" 1547
"C:/Users/1869771/Documents/GitHub/Martel_Ju_TP2_sans_lfs/Content/Game_ThePerfectDate/Materials/Vertex_Snapping/Niveau1/MI_Lit3.uexp" 1548
"C:/Users/1869771/Documents/GitHub/Martel_Ju_TP2_sans_lfs/Content/Game_ThePerfectDate/Materials/Vertex_Snapping/Niveau1/MI_Maison_Petit.uasset" 1549
"C:/Users/1869771/Documents/GitHub/Martel_Ju_TP2_sans_lfs/Content/Game_ThePerfectDate/Materials/Vertex_Snapping/Niveau1/MI_Maison_Petit.uexp" 1550
"C:/Users/1869771/Documents/GitHub/Martel_Ju_TP2_sans_lfs/Content/Game_ThePerfectDate/Meshes/Furnitures/Trailer/Textures/toilet_paper.ubulk" 1551
"C:/Users/1869771/Documents/GitHub/Martel_Ju_TP2_sans_lfs/Content/Game_ThePerfectDate/Meshes/Furnitures/Trailer/Textures/toilet_paper.uasset" 1552
"C:/Users/1869771/Documents/GitHub/Martel_Ju_TP2_sans_lfs/Content/Game_ThePerfectDate/Meshes/Furnitures/Trailer/Textures/toilet_paper.uexp" 1553
"C:/Users/1869771/Documents/GitHub/Martel_Ju_TP2_sans_lfs/Content/Game_ThePerfectDate/Materials/Vertex_Snapping/Niveau1/MI_Papier_Toilette.uasset" 1554
"C:/Users/1869771/Documents/GitHub/Martel_Ju_TP2_sans_lfs/Content/Game_ThePerfectDate/Materials/Vertex_Snapping/Niveau1/MI_Papier_Toilette.uexp" 1555
"C:/Users/1869771/Documents/GitHub/Martel_Ju_TP2_sans_lfs/Content/Game_ThePerfectDate/Materials/Vertex_Snapping/Niveau1/MI_Photo.uasset" 1556
"C:/Users/1869771/Documents/GitHub/Martel_Ju_TP2_sans_lfs/Content/Game_ThePerfectDate/Materials/Vertex_Snapping/Niveau1/MI_Photo.uexp" 1557
"C:/Users/1869771/Documents/GitHub/Martel_Ju_TP2_sans_lfs/Content/Game_ThePerfectDate/Meshes/Furnitures/PSX2/Texture/Wood_02.ubulk" 1558
"C:/Users/1869771/Documents/GitHub/Martel_Ju_TP2_sans_lfs/Content/Game_ThePerfectDate/Meshes/Furnitures/PSX2/Texture/Wood_02.uasset" 1559
"C:/Users/1869771/Documents/GitHub/Martel_Ju_TP2_sans_lfs/Content/Game_ThePerfectDate/Meshes/Furnitures/PSX2/Texture/Wood_02.uexp" 1560
"C:/Users/1869771/Documents/GitHub/Martel_Ju_TP2_sans_lfs/Content/Game_ThePerfectDate/Materials/Vertex_Snapping/Niveau1/MI_Plancher.uasset" 1561
"C:/Users/1869771/Documents/GitHub/Martel_Ju_TP2_sans_lfs/Content/Game_ThePerfectDate/Materials/Vertex_Snapping/Niveau1/MI_Plancher.uexp" 1562
"C:/Users/1869771/Documents/GitHub/Martel_Ju_TP2_sans_lfs/Content/Game_ThePerfectDate/Meshes/Furnitures/PSX/Textures/Plaster_02.ubulk" 1563
"C:/Users/1869771/Documents/GitHub/Martel_Ju_TP2_sans_lfs/Content/Game_ThePerfectDate/Meshes/Furnitures/PSX/Textures/Plaster_02.uasset" 1564
"C:/Users/1869771/Documents/GitHub/Martel_Ju_TP2_sans_lfs/Content/Game_ThePerfectDate/Meshes/Furnitures/PSX/Textures/Plaster_02.uexp" 1565
"C:/Users/1869771/Documents/GitHub/Martel_Ju_TP2_sans_lfs/Content/Game_ThePerfectDate/Materials/Vertex_Snapping/Niveau1/MI_Plante.uasset" 1566
"C:/Users/1869771/Documents/GitHub/Martel_Ju_TP2_sans_lfs/Content/Game_ThePerfectDate/Materials/Vertex_Snapping/Niveau1/MI_Plante.uexp" 1567
"C:/Users/1869771/Documents/GitHub/Martel_Ju_TP2_sans_lfs/Content/Game_ThePerfectDate/Meshes/Furnitures/PSX2/Texture/Door.uasset" 1568
"C:/Users/1869771/Documents/GitHub/Martel_Ju_TP2_sans_lfs/Content/Game_ThePerfectDate/Meshes/Furnitures/PSX2/Texture/Door.uexp" 1569
"C:/Users/1869771/Documents/GitHub/Martel_Ju_TP2_sans_lfs/Content/Game_ThePerfectDate/Materials/Vertex_Snapping/Niveau1/MI_Porte.uasset" 1570
"C:/Users/1869771/Documents/GitHub/Martel_Ju_TP2_sans_lfs/Content/Game_ThePerfectDate/Materials/Vertex_Snapping/Niveau1/MI_Porte.uexp" 1571
"C:/Users/1869771/Documents/GitHub/Martel_Ju_TP2_sans_lfs/Content/Game_ThePerfectDate/Meshes/Furnitures/PSX2/Texture/Fabric.uasset" 1572
"C:/Users/1869771/Documents/GitHub/Martel_Ju_TP2_sans_lfs/Content/Game_ThePerfectDate/Meshes/Furnitures/PSX2/Texture/Fabric.uexp" 1573
"C:/Users/1869771/Documents/GitHub/Martel_Ju_TP2_sans_lfs/Content/Game_ThePerfectDate/Materials/Vertex_Snapping/Niveau1/MI_Rideau_Douche.uasset" 1574
"C:/Users/1869771/Documents/GitHub/Martel_Ju_TP2_sans_lfs/Content/Game_ThePerfectDate/Materials/Vertex_Snapping/Niveau1/MI_Rideau_Douche.uexp" 1575
"C:/Users/1869771/Documents/GitHub/Martel_Ju_TP2_sans_lfs/Content/Game_ThePerfectDate/Meshes/Furnitures/PSX/Textures/Fabric_13.ubulk" 1576
"C:/Users/1869771/Documents/GitHub/Martel_Ju_TP2_sans_lfs/Content/Game_ThePerfectDate/Meshes/Furnitures/PSX/Textures/Fabric_13.uasset" 1577
"C:/Users/1869771/Documents/GitHub/Martel_Ju_TP2_sans_lfs/Content/Game_ThePerfectDate/Meshes/Furnitures/PSX/Textures/Fabric_13.uexp" 1578
"C:/Users/1869771/Documents/GitHub/Martel_Ju_TP2_sans_lfs/Content/Game_ThePerfectDate/Materials/Vertex_Snapping/Niveau1/MI_Rideaux.uasset" 1579
"C:/Users/1869771/Documents/GitHub/Martel_Ju_TP2_sans_lfs/Content/Game_ThePerfectDate/Materials/Vertex_Snapping/Niveau1/MI_Rideaux.uexp" 1580
"C:/Users/1869771/Documents/GitHub/Martel_Ju_TP2_sans_lfs/Content/Game_ThePerfectDate/Meshes/Furnitures/Trailer/Textures/washbasin.ubulk" 1581
"C:/Users/1869771/Documents/GitHub/Martel_Ju_TP2_sans_lfs/Content/Game_ThePerfectDate/Meshes/Furnitures/Trailer/Textures/washbasin.uasset" 1582
"C:/Users/1869771/Documents/GitHub/Martel_Ju_TP2_sans_lfs/Content/Game_ThePerfectDate/Meshes/Furnitures/Trailer/Textures/washbasin.uexp" 1583
"C:/Users/1869771/Documents/GitHub/Martel_Ju_TP2_sans_lfs/Content/Game_ThePerfectDate/Materials/Vertex_Snapping/Niveau1/MI_Sink_Cuisine.uasset" 1584
"C:/Users/1869771/Documents/GitHub/Martel_Ju_TP2_sans_lfs/Content/Game_ThePerfectDate/Materials/Vertex_Snapping/Niveau1/MI_Sink_Cuisine.uexp" 1585
"C:/Users/1869771/Documents/GitHub/Martel_Ju_TP2_sans_lfs/Content/Game_ThePerfectDate/Meshes/Furnitures/Trailer/Textures/Table.ubulk" 1586
"C:/Users/1869771/Documents/GitHub/Martel_Ju_TP2_sans_lfs/Content/Game_ThePerfectDate/Meshes/Furnitures/Trailer/Textures/Table.uasset" 1587
"C:/Users/1869771/Documents/GitHub/Martel_Ju_TP2_sans_lfs/Content/Game_ThePerfectDate/Meshes/Furnitures/Trailer/Textures/Table.uexp" 1588
"C:/Users/1869771/Documents/GitHub/Martel_Ju_TP2_sans_lfs/Content/Game_ThePerfectDate/Materials/Vertex_Snapping/Niveau1/MI_Table.uasset" 1589
"C:/Users/1869771/Documents/GitHub/Martel_Ju_TP2_sans_lfs/Content/Game_ThePerfectDate/Materials/Vertex_Snapping/Niveau1/MI_Table.uexp" 1590
"C:/Users/1869771/Documents/GitHub/Martel_Ju_TP2_sans_lfs/Content/Game_ThePerfectDate/Meshes/Furnitures/PSX2/Texture/Tiles.ubulk" 1591
"C:/Users/1869771/Documents/GitHub/Martel_Ju_TP2_sans_lfs/Content/Game_ThePerfectDate/Meshes/Furnitures/PSX2/Texture/Tiles.uasset" 1592
"C:/Users/1869771/Documents/GitHub/Martel_Ju_TP2_sans_lfs/Content/Game_ThePerfectDate/Meshes/Furnitures/PSX2/Texture/Tiles.uexp" 1593
"C:/Users/1869771/Documents/GitHub/Martel_Ju_TP2_sans_lfs/Content/Game_ThePerfectDate/Materials/Vertex_Snapping/Niveau1/MI_Tiles.uasset" 1594
"C:/Users/1869771/Documents/GitHub/Martel_Ju_TP2_sans_lfs/Content/Game_ThePerfectDate/Materials/Vertex_Snapping/Niveau1/MI_Tiles.uexp" 1595
"C:/Users/1869771/Documents/GitHub/Martel_Ju_TP2_sans_lfs/Content/Game_ThePerfectDate/Meshes/Furnitures/Trailer/Textures/Toilet.ubulk" 1596
"C:/Users/1869771/Documents/GitHub/Martel_Ju_TP2_sans_lfs/Content/Game_ThePerfectDate/Meshes/Furnitures/Trailer/Textures/Toilet.uasset" 1597
"C:/Users/1869771/Documents/GitHub/Martel_Ju_TP2_sans_lfs/Content/Game_ThePerfectDate/Meshes/Furnitures/Trailer/Textures/Toilet.uexp" 1598
"C:/Users/1869771/Documents/GitHub/Martel_Ju_TP2_sans_lfs/Content/Game_ThePerfectDate/Materials/Vertex_Snapping/Niveau1/MI_Toilette_Petit.uasset" 1599
"C:/Users/1869771/Documents/GitHub/Martel_Ju_TP2_sans_lfs/Content/Game_ThePerfectDate/Materials/Vertex_Snapping/Niveau1/MI_Toilette_Petit.uexp" 1600
"C:/Users/1869771/Documents/GitHub/Martel_Ju_TP2_sans_lfs/Content/Game_ThePerfectDate/Meshes/Furnitures/PSX2/Texture/TV_02.ubulk" 1601
"C:/Users/1869771/Documents/GitHub/Martel_Ju_TP2_sans_lfs/Content/Game_ThePerfectDate/Meshes/Furnitures/PSX2/Texture/TV_02.uasset" 1602
"C:/Users/1869771/Documents/GitHub/Martel_Ju_TP2_sans_lfs/Content/Game_ThePerfectDate/Meshes/Furnitures/PSX2/Texture/TV_02.uexp" 1603
"C:/Users/1869771/Documents/GitHub/Martel_Ju_TP2_sans_lfs/Content/Game_ThePerfectDate/Materials/Vertex_Snapping/Niveau1/MI_TV.uasset" 1604
"C:/Users/1869771/Documents/GitHub/Martel_Ju_TP2_sans_lfs/Content/Game_ThePerfectDate/Materials/Vertex_Snapping/Niveau1/MI_TV.uexp" 1605
"C:/Users/1869771/Documents/GitHub/Martel_Ju_TP2_sans_lfs/Content/Game_ThePerfectDate/Meshes/Furnitures/Trailer/Textures/Covered1.ubulk" 1606
"C:/Users/1869771/Documents/GitHub/Martel_Ju_TP2_sans_lfs/Content/Game_ThePerfectDate/Meshes/Furnitures/Trailer/Textures/Covered1.uasset" 1607
"C:/Users/1869771/Documents/GitHub/Martel_Ju_TP2_sans_lfs/Content/Game_ThePerfectDate/Meshes/Furnitures/Trailer/Textures/Covered1.uexp" 1608
"C:/Users/1869771/Documents/GitHub/Martel_Ju_TP2_sans_lfs/Content/Game_ThePerfectDate/Materials/Vertex_Snapping/Niveau1/MI_Ustensiles.uasset" 1609
"C:/Users/1869771/Documents/GitHub/Martel_Ju_TP2_sans_lfs/Content/Game_ThePerfectDate/Materials/Vertex_Snapping/Niveau1/MI_Ustensiles.uexp" 1610
"C:/Users/1869771/Documents/GitHub/Martel_Ju_TP2_sans_lfs/Content/Game_ThePerfectDate/Meshes/Furnitures/Trailer/Textures/Lamp.ubulk" 1611
"C:/Users/1869771/Documents/GitHub/Martel_Ju_TP2_sans_lfs/Content/Game_ThePerfectDate/Meshes/Furnitures/Trailer/Textures/Lamp.uasset" 1612
"C:/Users/1869771/Documents/GitHub/Martel_Ju_TP2_sans_lfs/Content/Game_ThePerfectDate/Meshes/Furnitures/Trailer/Textures/Lamp.uexp" 1613
"C:/Users/1869771/Documents/GitHub/Martel_Ju_TP2_sans_lfs/Content/Game_ThePerfectDate/Materials/Vertex_Snapping/Niveau1/MI_Vase.uasset" 1614
"C:/Users/1869771/Documents/GitHub/Martel_Ju_TP2_sans_lfs/Content/Game_ThePerfectDate/Materials/Vertex_Snapping/Niveau1/MI_Vase.uexp" 1615
"C:/Users/1869771/Documents/GitHub/Martel_Ju_TP2_sans_lfs/Content/Game_ThePerfectDate/Meshes/Furnitures/PSX2/Texture/Wood_05.ubulk" 1616
"C:/Users/1869771/Documents/GitHub/Martel_Ju_TP2_sans_lfs/Content/Game_ThePerfectDate/Meshes/Furnitures/PSX2/Texture/Wood_05.uasset" 1617
"C:/Users/1869771/Documents/GitHub/Martel_Ju_TP2_sans_lfs/Content/Game_ThePerfectDate/Meshes/Furnitures/PSX2/Texture/Wood_05.uexp" 1618
"C:/Users/1869771/Documents/GitHub/Martel_Ju_TP2_sans_lfs/Content/Game_ThePerfectDate/Materials/Vertex_Snapping/Niveau1/MI_Wood_Petit.uasset" 1619
"C:/Users/1869771/Documents/GitHub/Martel_Ju_TP2_sans_lfs/Content/Game_ThePerfectDate/Materials/Vertex_Snapping/Niveau1/MI_Wood_Petit.uexp" 1620
"C:/Users/1869771/Documents/GitHub/Martel_Ju_TP2_sans_lfs/Content/Game_ThePerfectDate/Meshes/Furnitures/PSX/Material/Glass.uasset" 1621
"C:/Users/1869771/Documents/GitHub/Martel_Ju_TP2_sans_lfs/Content/Game_ThePerfectDate/Meshes/Furnitures/PSX/Material/Glass.uexp" 1622
"C:/Users/1869771/Documents/GitHub/Martel_Ju_TP2_sans_lfs/Content/Game_ThePerfectDate/Meshes/Furnitures/PSX/Material/Metal_04.uasset" 1623
"C:/Users/1869771/Documents/GitHub/Martel_Ju_TP2_sans_lfs/Content/Game_ThePerfectDate/Meshes/Furnitures/PSX/Material/Metal_04.uexp" 1624
"C:/Users/1869771/Documents/GitHub/Martel_Ju_TP2_sans_lfs/Content/Game_ThePerfectDate/Meshes/Furnitures/PSX/Material/Wood_15.uasset" 1625
"C:/Users/1869771/Documents/GitHub/Martel_Ju_TP2_sans_lfs/Content/Game_ThePerfectDate/Meshes/Furnitures/PSX/Material/Wood_15.uexp" 1626
"C:/Users/1869771/Documents/GitHub/Martel_Ju_TP2_sans_lfs/Content/Game_ThePerfectDate/Meshes/Furnitures/PSX/Bathroom_cabinet_door_01.ubulk" 1627
"C:/Users/1869771/Documents/GitHub/Martel_Ju_TP2_sans_lfs/Content/Game_ThePerfectDate/Meshes/Furnitures/PSX/Bathroom_cabinet_door_01.uasset" 1628
"C:/Users/1869771/Documents/GitHub/Martel_Ju_TP2_sans_lfs/Content/Game_ThePerfectDate/Meshes/Furnitures/PSX/Bathroom_cabinet_door_01.uexp" 1629
"C:/Users/1869771/Documents/GitHub/Martel_Ju_TP2_sans_lfs/Content/Game_ThePerfectDate/Meshes/Furnitures/PSX/Material/Metal_03.uasset" 1630
"C:/Users/1869771/Documents/GitHub/Martel_Ju_TP2_sans_lfs/Content/Game_ThePerfectDate/Meshes/Furnitures/PSX/Material/Metal_03.uexp" 1631
"C:/Users/1869771/Documents/GitHub/Martel_Ju_TP2_sans_lfs/Content/Game_ThePerfectDate/Meshes/Furnitures/PSX/Material/Fabric.uasset" 1632
"C:/Users/1869771/Documents/GitHub/Martel_Ju_TP2_sans_lfs/Content/Game_ThePerfectDate/Meshes/Furnitures/PSX/Material/Fabric.uexp" 1633
"C:/Users/1869771/Documents/GitHub/Martel_Ju_TP2_sans_lfs/Content/Game_ThePerfectDate/Meshes/Furnitures/PSX/Material/Fabric_19.uasset" 1634
"C:/Users/1869771/Documents/GitHub/Martel_Ju_TP2_sans_lfs/Content/Game_ThePerfectDate/Meshes/Furnitures/PSX/Material/Fabric_19.uexp" 1635
"C:/Users/1869771/Documents/GitHub/Martel_Ju_TP2_sans_lfs/Content/Game_ThePerfectDate/Meshes/Furnitures/PSX/Material/Fabric_09.uasset" 1636
"C:/Users/1869771/Documents/GitHub/Martel_Ju_TP2_sans_lfs/Content/Game_ThePerfectDate/Meshes/Furnitures/PSX/Material/Fabric_09.uexp" 1637
"C:/Users/1869771/Documents/GitHub/Martel_Ju_TP2_sans_lfs/Content/Game_ThePerfectDate/Meshes/Furnitures/PSX/Bed_04.ubulk" 1638
"C:/Users/1869771/Documents/GitHub/Martel_Ju_TP2_sans_lfs/Content/Game_ThePerfectDate/Meshes/Furnitures/PSX/Bed_04.uasset" 1639
"C:/Users/1869771/Documents/GitHub/Martel_Ju_TP2_sans_lfs/Content/Game_ThePerfectDate/Meshes/Furnitures/PSX/Bed_04.uexp" 1640
"C:/Users/1869771/Documents/GitHub/Martel_Ju_TP2_sans_lfs/Content/Game_ThePerfectDate/Meshes/Furnitures/PSX/Material/Foods_03.uasset" 1641
"C:/Users/1869771/Documents/GitHub/Martel_Ju_TP2_sans_lfs/Content/Game_ThePerfectDate/Meshes/Furnitures/PSX/Material/Foods_03.uexp" 1642
"C:/Users/1869771/Documents/GitHub/Martel_Ju_TP2_sans_lfs/Content/Game_ThePerfectDate/Meshes/Furnitures/PSX/Box_cookies_04.ubulk" 1643
"C:/Users/1869771/Documents/GitHub/Martel_Ju_TP2_sans_lfs/Content/Game_ThePerfectDate/Meshes/Furnitures/PSX/Box_cookies_04.uasset" 1644
"C:/Users/1869771/Documents/GitHub/Martel_Ju_TP2_sans_lfs/Content/Game_ThePerfectDate/Meshes/Furnitures/PSX/Box_cookies_04.uexp" 1645
"C:/Users/1869771/Documents/GitHub/Martel_Ju_TP2_sans_lfs/Content/Game_ThePerfectDate/Meshes/Furnitures/PSX/Material/Foods_07.uasset" 1646
"C:/Users/1869771/Documents/GitHub/Martel_Ju_TP2_sans_lfs/Content/Game_ThePerfectDate/Meshes/Furnitures/PSX/Material/Foods_07.uexp" 1647
"C:/Users/1869771/Documents/GitHub/Martel_Ju_TP2_sans_lfs/Content/Game_ThePerfectDate/Meshes/Furnitures/PSX/bread_02.ubulk" 1648
"C:/Users/1869771/Documents/GitHub/Martel_Ju_TP2_sans_lfs/Content/Game_ThePerfectDate/Meshes/Furnitures/PSX/bread_02.uasset" 1649
"C:/Users/1869771/Documents/GitHub/Martel_Ju_TP2_sans_lfs/Content/Game_ThePerfectDate/Meshes/Furnitures/PSX/bread_02.uexp" 1650
"C:/Users/1869771/Documents/GitHub/Martel_Ju_TP2_sans_lfs/Content/Game_ThePerfectDate/Meshes/Furnitures/PSX/Material/Broom.uasset" 1651
"C:/Users/1869771/Documents/GitHub/Martel_Ju_TP2_sans_lfs/Content/Game_ThePerfectDate/Meshes/Furnitures/PSX/Material/Broom.uexp" 1652
"C:/Users/1869771/Documents/GitHub/Martel_Ju_TP2_sans_lfs/Content/Game_ThePerfectDate/Meshes/Furnitures/PSX/Broom1.ubulk" 1653
"C:/Users/1869771/Documents/GitHub/Martel_Ju_TP2_sans_lfs/Content/Game_ThePerfectDate/Meshes/Furnitures/PSX/Broom1.uasset" 1654
"C:/Users/1869771/Documents/GitHub/Martel_Ju_TP2_sans_lfs/Content/Game_ThePerfectDate/Meshes/Furnitures/PSX/Broom1.uexp" 1655
"C:/Users/1869771/Documents/GitHub/Martel_Ju_TP2_sans_lfs/Content/Game_ThePerfectDate/Meshes/Furnitures/PSX/Material/Wood_07.uasset" 1656
"C:/Users/1869771/Documents/GitHub/Martel_Ju_TP2_sans_lfs/Content/Game_ThePerfectDate/Meshes/Furnitures/PSX/Material/Wood_07.uexp" 1657
"C:/Users/1869771/Documents/GitHub/Martel_Ju_TP2_sans_lfs/Content/Game_ThePerfectDate/Meshes/Furnitures/PSX/Material/Wood_02.uasset" 1658
"C:/Users/1869771/Documents/GitHub/Martel_Ju_TP2_sans_lfs/Content/Game_ThePerfectDate/Meshes/Furnitures/PSX/Material/Wood_02.uexp" 1659
"C:/Users/1869771/Documents/GitHub/Martel_Ju_TP2_sans_lfs/Content/Game_ThePerfectDate/Meshes/Furnitures/PSX/Cajonera.ubulk" 1660
"C:/Users/1869771/Documents/GitHub/Martel_Ju_TP2_sans_lfs/Content/Game_ThePerfectDate/Meshes/Furnitures/PSX/Cajonera.uasset" 1661
"C:/Users/1869771/Documents/GitHub/Martel_Ju_TP2_sans_lfs/Content/Game_ThePerfectDate/Meshes/Furnitures/PSX/Cajonera.uexp" 1662
"C:/Users/1869771/Documents/GitHub/Martel_Ju_TP2_sans_lfs/Content/Game_ThePerfectDate/Meshes/Furnitures/PSX/Canned_food.ubulk" 1663
"C:/Users/1869771/Documents/GitHub/Martel_Ju_TP2_sans_lfs/Content/Game_ThePerfectDate/Meshes/Furnitures/PSX/Canned_food.uasset" 1664
"C:/Users/1869771/Documents/GitHub/Martel_Ju_TP2_sans_lfs/Content/Game_ThePerfectDate/Meshes/Furnitures/PSX/Canned_food.uexp" 1665
"C:/Users/1869771/Documents/GitHub/Martel_Ju_TP2_sans_lfs/Content/Game_ThePerfectDate/Meshes/Furnitures/PSX/Canned_food_02.ubulk" 1666
"C:/Users/1869771/Documents/GitHub/Martel_Ju_TP2_sans_lfs/Content/Game_ThePerfectDate/Meshes/Furnitures/PSX/Canned_food_02.uasset" 1667
"C:/Users/1869771/Documents/GitHub/Martel_Ju_TP2_sans_lfs/Content/Game_ThePerfectDate/Meshes/Furnitures/PSX/Canned_food_02.uexp" 1668
"C:/Users/1869771/Documents/GitHub/Martel_Ju_TP2_sans_lfs/Content/Game_ThePerfectDate/Meshes/Furnitures/PSX/Canned_food_04.ubulk" 1669
"C:/Users/1869771/Documents/GitHub/Martel_Ju_TP2_sans_lfs/Content/Game_ThePerfectDate/Meshes/Furnitures/PSX/Canned_food_04.uasset" 1670
"C:/Users/1869771/Documents/GitHub/Martel_Ju_TP2_sans_lfs/Content/Game_ThePerfectDate/Meshes/Furnitures/PSX/Canned_food_04.uexp" 1671
"C:/Users/1869771/Documents/GitHub/Martel_Ju_TP2_sans_lfs/Content/Game_ThePerfectDate/Meshes/Furnitures/PSX/Canned_food_06.ubulk" 1672
"C:/Users/1869771/Documents/GitHub/Martel_Ju_TP2_sans_lfs/Content/Game_ThePerfectDate/Meshes/Furnitures/PSX/Canned_food_06.uasset" 1673
"C:/Users/1869771/Documents/GitHub/Martel_Ju_TP2_sans_lfs/Content/Game_ThePerfectDate/Meshes/Furnitures/PSX/Canned_food_06.uexp" 1674
"C:/Users/1869771/Documents/GitHub/Martel_Ju_TP2_sans_lfs/Content/Game_ThePerfectDate/Meshes/Furnitures/PSX/Canned_food_07.ubulk" 1675
"C:/Users/1869771/Documents/GitHub/Martel_Ju_TP2_sans_lfs/Content/Game_ThePerfectDate/Meshes/Furnitures/PSX/Canned_food_07.uasset" 1676
"C:/Users/1869771/Documents/GitHub/Martel_Ju_TP2_sans_lfs/Content/Game_ThePerfectDate/Meshes/Furnitures/PSX/Canned_food_07.uexp" 1677
"C:/Users/1869771/Documents/GitHub/Martel_Ju_TP2_sans_lfs/Content/Game_ThePerfectDate/Meshes/Furnitures/PSX/Canned_food_08.ubulk" 1678
"C:/Users/1869771/Documents/GitHub/Martel_Ju_TP2_sans_lfs/Content/Game_ThePerfectDate/Meshes/Furnitures/PSX/Canned_food_08.uasset" 1679
"C:/Users/1869771/Documents/GitHub/Martel_Ju_TP2_sans_lfs/Content/Game_ThePerfectDate/Meshes/Furnitures/PSX/Canned_food_08.uexp" 1680
"C:/Users/1869771/Documents/GitHub/Martel_Ju_TP2_sans_lfs/Content/Game_ThePerfectDate/Meshes/Furnitures/PSX/Chair_13.ubulk" 1681
"C:/Users/1869771/Documents/GitHub/Martel_Ju_TP2_sans_lfs/Content/Game_ThePerfectDate/Meshes/Furnitures/PSX/Chair_13.uasset" 1682
"C:/Users/1869771/Documents/GitHub/Martel_Ju_TP2_sans_lfs/Content/Game_ThePerfectDate/Meshes/Furnitures/PSX/Chair_13.uexp" 1683
"C:/Users/1869771/Documents/GitHub/Martel_Ju_TP2_sans_lfs/Content/Game_ThePerfectDate/Meshes/Furnitures/PSX/Material/Leather_01.uasset" 1684
"C:/Users/1869771/Documents/GitHub/Martel_Ju_TP2_sans_lfs/Content/Game_ThePerfectDate/Meshes/Furnitures/PSX/Material/Leather_01.uexp" 1685
"C:/Users/1869771/Documents/GitHub/Martel_Ju_TP2_sans_lfs/Content/Game_ThePerfectDate/Meshes/Furnitures/PSX/Chair_09.ubulk" 1686
"C:/Users/1869771/Documents/GitHub/Martel_Ju_TP2_sans_lfs/Content/Game_ThePerfectDate/Meshes/Furnitures/PSX/Chair_09.uasset" 1687
"C:/Users/1869771/Documents/GitHub/Martel_Ju_TP2_sans_lfs/Content/Game_ThePerfectDate/Meshes/Furnitures/PSX/Chair_09.uexp" 1688
"C:/Users/1869771/Documents/GitHub/Martel_Ju_TP2_sans_lfs/Content/Game_ThePerfectDate/Meshes/Furnitures/PSX/Material/Hygiene.uasset" 1689
"C:/Users/1869771/Documents/GitHub/Martel_Ju_TP2_sans_lfs/Content/Game_ThePerfectDate/Meshes/Furnitures/PSX/Material/Hygiene.uexp" 1690
"C:/Users/1869771/Documents/GitHub/Martel_Ju_TP2_sans_lfs/Content/Game_ThePerfectDate/Meshes/Furnitures/PSX/Chemical.ubulk" 1691
"C:/Users/1869771/Documents/GitHub/Martel_Ju_TP2_sans_lfs/Content/Game_ThePerfectDate/Meshes/Furnitures/PSX/Chemical.uasset" 1692
"C:/Users/1869771/Documents/GitHub/Martel_Ju_TP2_sans_lfs/Content/Game_ThePerfectDate/Meshes/Furnitures/PSX/Chemical.uexp" 1693
"C:/Users/1869771/Documents/GitHub/Martel_Ju_TP2_sans_lfs/Content/Game_ThePerfectDate/Meshes/Furnitures/PSX/Chemical_02.ubulk" 1694
"C:/Users/1869771/Documents/GitHub/Martel_Ju_TP2_sans_lfs/Content/Game_ThePerfectDate/Meshes/Furnitures/PSX/Chemical_02.uasset" 1695
"C:/Users/1869771/Documents/GitHub/Martel_Ju_TP2_sans_lfs/Content/Game_ThePerfectDate/Meshes/Furnitures/PSX/Chemical_02.uexp" 1696
"C:/Users/1869771/Documents/GitHub/Martel_Ju_TP2_sans_lfs/Content/Game_ThePerfectDate/Meshes/Furnitures/PSX/Material/Electronics.uasset" 1697
"C:/Users/1869771/Documents/GitHub/Martel_Ju_TP2_sans_lfs/Content/Game_ThePerfectDate/Meshes/Furnitures/PSX/Material/Electronics.uexp" 1698
"C:/Users/1869771/Documents/GitHub/Martel_Ju_TP2_sans_lfs/Content/Game_ThePerfectDate/Meshes/Furnitures/PSX/Control_01.ubulk" 1699
"C:/Users/1869771/Documents/GitHub/Martel_Ju_TP2_sans_lfs/Content/Game_ThePerfectDate/Meshes/Furnitures/PSX/Control_01.uasset" 1700
"C:/Users/1869771/Documents/GitHub/Martel_Ju_TP2_sans_lfs/Content/Game_ThePerfectDate/Meshes/Furnitures/PSX/Control_01.uexp" 1701
"C:/Users/1869771/Documents/GitHub/Martel_Ju_TP2_sans_lfs/Content/Game_ThePerfectDate/Meshes/Furnitures/PSX/Material/Plastic_06.uasset" 1702
"C:/Users/1869771/Documents/GitHub/Martel_Ju_TP2_sans_lfs/Content/Game_ThePerfectDate/Meshes/Furnitures/PSX/Material/Plastic_06.uexp" 1703
"C:/Users/1869771/Documents/GitHub/Martel_Ju_TP2_sans_lfs/Content/Game_ThePerfectDate/Meshes/Furnitures/PSX/Dish.ubulk" 1704
"C:/Users/1869771/Documents/GitHub/Martel_Ju_TP2_sans_lfs/Content/Game_ThePerfectDate/Meshes/Furnitures/PSX/Dish.uasset" 1705
"C:/Users/1869771/Documents/GitHub/Martel_Ju_TP2_sans_lfs/Content/Game_ThePerfectDate/Meshes/Furnitures/PSX/Dish.uexp" 1706
"C:/Users/1869771/Documents/GitHub/Martel_Ju_TP2_sans_lfs/Content/Game_ThePerfectDate/Meshes/Furnitures/PSX/Fried_chicken.ubulk" 1707
"C:/Users/1869771/Documents/GitHub/Martel_Ju_TP2_sans_lfs/Content/Game_ThePerfectDate/Meshes/Furnitures/PSX/Fried_chicken.uasset" 1708
"C:/Users/1869771/Documents/GitHub/Martel_Ju_TP2_sans_lfs/Content/Game_ThePerfectDate/Meshes/Furnitures/PSX/Fried_chicken.uexp" 1709
"C:/Users/1869771/Documents/GitHub/Martel_Ju_TP2_sans_lfs/Content/Game_ThePerfectDate/Meshes/Furnitures/PSX/Hand_soap.ubulk" 1710
"C:/Users/1869771/Documents/GitHub/Martel_Ju_TP2_sans_lfs/Content/Game_ThePerfectDate/Meshes/Furnitures/PSX/Hand_soap.uasset" 1711
"C:/Users/1869771/Documents/GitHub/Martel_Ju_TP2_sans_lfs/Content/Game_ThePerfectDate/Meshes/Furnitures/PSX/Hand_soap.uexp" 1712
"C:/Users/1869771/Documents/GitHub/Martel_Ju_TP2_sans_lfs/Content/Game_ThePerfectDate/Meshes/Furnitures/PSX/Material/Emissor_001.uasset" 1713
"C:/Users/1869771/Documents/GitHub/Martel_Ju_TP2_sans_lfs/Content/Game_ThePerfectDate/Meshes/Furnitures/PSX/Material/Emissor_001.uexp" 1714
"C:/Users/1869771/Documents/GitHub/Martel_Ju_TP2_sans_lfs/Content/Game_ThePerfectDate/Meshes/Furnitures/PSX/Material/Metal.uasset" 1715
"C:/Users/1869771/Documents/GitHub/Martel_Ju_TP2_sans_lfs/Content/Game_ThePerfectDate/Meshes/Furnitures/PSX/Material/Metal.uexp" 1716
"C:/Users/1869771/Documents/GitHub/Martel_Ju_TP2_sans_lfs/Content/Game_ThePerfectDate/Meshes/Furnitures/PSX/Lamps_02.ubulk" 1717
"C:/Users/1869771/Documents/GitHub/Martel_Ju_TP2_sans_lfs/Content/Game_ThePerfectDate/Meshes/Furnitures/PSX/Lamps_02.uasset" 1718
"C:/Users/1869771/Documents/GitHub/Martel_Ju_TP2_sans_lfs/Content/Game_ThePerfectDate/Meshes/Furnitures/PSX/Lamps_02.uexp" 1719
"C:/Users/1869771/Documents/GitHub/Martel_Ju_TP2_sans_lfs/Content/Game_ThePerfectDate/Meshes/Furnitures/PSX/Lamps_04.ubulk" 1720
"C:/Users/1869771/Documents/GitHub/Martel_Ju_TP2_sans_lfs/Content/Game_ThePerfectDate/Meshes/Furnitures/PSX/Lamps_04.uasset" 1721
"C:/Users/1869771/Documents/GitHub/Martel_Ju_TP2_sans_lfs/Content/Game_ThePerfectDate/Meshes/Furnitures/PSX/Lamps_04.uexp" 1722
"C:/Users/1869771/Documents/GitHub/Martel_Ju_TP2_sans_lfs/Content/Game_ThePerfectDate/Meshes/Furnitures/PSX/Material/Entertainment.uasset" 1723
"C:/Users/1869771/Documents/GitHub/Martel_Ju_TP2_sans_lfs/Content/Game_ThePerfectDate/Meshes/Furnitures/PSX/Material/Entertainment.uexp" 1724
"C:/Users/1869771/Documents/GitHub/Martel_Ju_TP2_sans_lfs/Content/Game_ThePerfectDate/Meshes/Furnitures/PSX/Magazines.ubulk" 1725
"C:/Users/1869771/Documents/GitHub/Martel_Ju_TP2_sans_lfs/Content/Game_ThePerfectDate/Meshes/Furnitures/PSX/Magazines.uasset" 1726
"C:/Users/1869771/Documents/GitHub/Martel_Ju_TP2_sans_lfs/Content/Game_ThePerfectDate/Meshes/Furnitures/PSX/Magazines.uexp" 1727
"C:/Users/1869771/Documents/GitHub/Martel_Ju_TP2_sans_lfs/Content/Game_ThePerfectDate/Meshes/Furnitures/PSX/Material/Foods.uasset" 1728
"C:/Users/1869771/Documents/GitHub/Martel_Ju_TP2_sans_lfs/Content/Game_ThePerfectDate/Meshes/Furnitures/PSX/Material/Foods.uexp" 1729
"C:/Users/1869771/Documents/GitHub/Martel_Ju_TP2_sans_lfs/Content/Game_ThePerfectDate/Meshes/Furnitures/PSX/Meshes/Nourriture/Banana.ubulk" 1730
"C:/Users/1869771/Documents/GitHub/Martel_Ju_TP2_sans_lfs/Content/Game_ThePerfectDate/Meshes/Furnitures/PSX/Meshes/Nourriture/Banana.uasset" 1731
"C:/Users/1869771/Documents/GitHub/Martel_Ju_TP2_sans_lfs/Content/Game_ThePerfectDate/Meshes/Furnitures/PSX/Meshes/Nourriture/Banana.uexp" 1732
"C:/Users/1869771/Documents/GitHub/Martel_Ju_TP2_sans_lfs/Content/Game_ThePerfectDate/Meshes/Furnitures/PSX/Material/Foods_04.uasset" 1733
"C:/Users/1869771/Documents/GitHub/Martel_Ju_TP2_sans_lfs/Content/Game_ThePerfectDate/Meshes/Furnitures/PSX/Material/Foods_04.uexp" 1734
"C:/Users/1869771/Documents/GitHub/Martel_Ju_TP2_sans_lfs/Content/Game_ThePerfectDate/Meshes/Furnitures/PSX/Milk_02.ubulk" 1735
"C:/Users/1869771/Documents/GitHub/Martel_Ju_TP2_sans_lfs/Content/Game_ThePerfectDate/Meshes/Furnitures/PSX/Milk_02.uasset" 1736
"C:/Users/1869771/Documents/GitHub/Martel_Ju_TP2_sans_lfs/Content/Game_ThePerfectDate/Meshes/Furnitures/PSX/Milk_02.uexp" 1737
"C:/Users/1869771/Documents/GitHub/Martel_Ju_TP2_sans_lfs/Content/Game_ThePerfectDate/Meshes/Furnitures/PSX/Material/Paintings.uasset" 1738
"C:/Users/1869771/Documents/GitHub/Martel_Ju_TP2_sans_lfs/Content/Game_ThePerfectDate/Meshes/Furnitures/PSX/Material/Paintings.uexp" 1739
"C:/Users/1869771/Documents/GitHub/Martel_Ju_TP2_sans_lfs/Content/Game_ThePerfectDate/Meshes/Furnitures/PSX/Paintings1.ubulk" 1740
"C:/Users/1869771/Documents/GitHub/Martel_Ju_TP2_sans_lfs/Content/Game_ThePerfectDate/Meshes/Furnitures/PSX/Paintings1.uasset" 1741
"C:/Users/1869771/Documents/GitHub/Martel_Ju_TP2_sans_lfs/Content/Game_ThePerfectDate/Meshes/Furnitures/PSX/Paintings1.uexp" 1742
"C:/Users/1869771/Documents/GitHub/Martel_Ju_TP2_sans_lfs/Content/Game_ThePerfectDate/Meshes/Furnitures/PSX/Paintings_02.ubulk" 1743
"C:/Users/1869771/Documents/GitHub/Martel_Ju_TP2_sans_lfs/Content/Game_ThePerfectDate/Meshes/Furnitures/PSX/Paintings_02.uasset" 1744
"C:/Users/1869771/Documents/GitHub/Martel_Ju_TP2_sans_lfs/Content/Game_ThePerfectDate/Meshes/Furnitures/PSX/Paintings_02.uexp" 1745
"C:/Users/1869771/Documents/GitHub/Martel_Ju_TP2_sans_lfs/Content/Game_ThePerfectDate/Meshes/Furnitures/PSX/Paintings_06.ubulk" 1746
"C:/Users/1869771/Documents/GitHub/Martel_Ju_TP2_sans_lfs/Content/Game_ThePerfectDate/Meshes/Furnitures/PSX/Paintings_06.uasset" 1747
"C:/Users/1869771/Documents/GitHub/Martel_Ju_TP2_sans_lfs/Content/Game_ThePerfectDate/Meshes/Furnitures/PSX/Paintings_06.uexp" 1748
"C:/Users/1869771/Documents/GitHub/Martel_Ju_TP2_sans_lfs/Content/Game_ThePerfectDate/Meshes/Furnitures/PSX/Material/Fabric_12.uasset" 1749
"C:/Users/1869771/Documents/GitHub/Martel_Ju_TP2_sans_lfs/Content/Game_ThePerfectDate/Meshes/Furnitures/PSX/Material/Fabric_12.uexp" 1750
"C:/Users/1869771/Documents/GitHub/Martel_Ju_TP2_sans_lfs/Content/Game_ThePerfectDate/Meshes/Furnitures/PSX/Pillow_04.ubulk" 1751
"C:/Users/1869771/Documents/GitHub/Martel_Ju_TP2_sans_lfs/Content/Game_ThePerfectDate/Meshes/Furnitures/PSX/Pillow_04.uasset" 1752
"C:/Users/1869771/Documents/GitHub/Martel_Ju_TP2_sans_lfs/Content/Game_ThePerfectDate/Meshes/Furnitures/PSX/Pillow_04.uexp" 1753
"C:/Users/1869771/Documents/GitHub/Martel_Ju_TP2_sans_lfs/Content/Game_ThePerfectDate/Meshes/Furnitures/PSX/Material/Plants.uasset" 1754
"C:/Users/1869771/Documents/GitHub/Martel_Ju_TP2_sans_lfs/Content/Game_ThePerfectDate/Meshes/Furnitures/PSX/Material/Plants.uexp" 1755
"C:/Users/1869771/Documents/GitHub/Martel_Ju_TP2_sans_lfs/Content/Game_ThePerfectDate/Meshes/Furnitures/PSX/Material/Plaster_02.uasset" 1756
"C:/Users/1869771/Documents/GitHub/Martel_Ju_TP2_sans_lfs/Content/Game_ThePerfectDate/Meshes/Furnitures/PSX/Material/Plaster_02.uexp" 1757
"C:/Users/1869771/Documents/GitHub/Martel_Ju_TP2_sans_lfs/Content/Game_ThePerfectDate/Meshes/Furnitures/PSX/Plants_05.ubulk" 1758
"C:/Users/1869771/Documents/GitHub/Martel_Ju_TP2_sans_lfs/Content/Game_ThePerfectDate/Meshes/Furnitures/PSX/Plants_05.uasset" 1759
"C:/Users/1869771/Documents/GitHub/Martel_Ju_TP2_sans_lfs/Content/Game_ThePerfectDate/Meshes/Furnitures/PSX/Plants_05.uexp" 1760
"C:/Users/1869771/Documents/GitHub/Martel_Ju_TP2_sans_lfs/Content/Game_ThePerfectDate/Meshes/Furnitures/PSX/Raw_meat_01.ubulk" 1761
"C:/Users/1869771/Documents/GitHub/Martel_Ju_TP2_sans_lfs/Content/Game_ThePerfectDate/Meshes/Furnitures/PSX/Raw_meat_01.uasset" 1762
"C:/Users/1869771/Documents/GitHub/Martel_Ju_TP2_sans_lfs/Content/Game_ThePerfectDate/Meshes/Furnitures/PSX/Raw_meat_01.uexp" 1763
"C:/Users/1869771/Documents/GitHub/Martel_Ju_TP2_sans_lfs/Content/Game_ThePerfectDate/Meshes/Furnitures/PSX/Sauce_03.ubulk" 1764
"C:/Users/1869771/Documents/GitHub/Martel_Ju_TP2_sans_lfs/Content/Game_ThePerfectDate/Meshes/Furnitures/PSX/Sauce_03.uasset" 1765
"C:/Users/1869771/Documents/GitHub/Martel_Ju_TP2_sans_lfs/Content/Game_ThePerfectDate/Meshes/Furnitures/PSX/Sauce_03.uexp" 1766
"C:/Users/1869771/Documents/GitHub/Martel_Ju_TP2_sans_lfs/Content/Game_ThePerfectDate/Meshes/Furnitures/PSX/Shampoo_04.ubulk" 1767
"C:/Users/1869771/Documents/GitHub/Martel_Ju_TP2_sans_lfs/Content/Game_ThePerfectDate/Meshes/Furnitures/PSX/Shampoo_04.uasset" 1768
"C:/Users/1869771/Documents/GitHub/Martel_Ju_TP2_sans_lfs/Content/Game_ThePerfectDate/Meshes/Furnitures/PSX/Shampoo_04.uexp" 1769
"C:/Users/1869771/Documents/GitHub/Martel_Ju_TP2_sans_lfs/Content/Game_ThePerfectDate/Meshes/Furnitures/PSX/Material/Wood_08.uasset" 1770
"C:/Users/1869771/Documents/GitHub/Martel_Ju_TP2_sans_lfs/Content/Game_ThePerfectDate/Meshes/Furnitures/PSX/Material/Wood_08.uexp" 1771
"C:/Users/1869771/Documents/GitHub/Martel_Ju_TP2_sans_lfs/Content/Game_ThePerfectDate/Meshes/Furnitures/PSX/Shelf_01.ubulk" 1772
"C:/Users/1869771/Documents/GitHub/Martel_Ju_TP2_sans_lfs/Content/Game_ThePerfectDate/Meshes/Furnitures/PSX/Shelf_01.uasset" 1773
"C:/Users/1869771/Documents/GitHub/Martel_Ju_TP2_sans_lfs/Content/Game_ThePerfectDate/Meshes/Furnitures/PSX/Shelf_01.uexp" 1774
"C:/Users/1869771/Documents/GitHub/Martel_Ju_TP2_sans_lfs/Content/Game_ThePerfectDate/Meshes/Furnitures/PSX/Material/Metal_01.uasset" 1775
"C:/Users/1869771/Documents/GitHub/Martel_Ju_TP2_sans_lfs/Content/Game_ThePerfectDate/Meshes/Furnitures/PSX/Material/Metal_01.uexp" 1776
"C:/Users/1869771/Documents/GitHub/Martel_Ju_TP2_sans_lfs/Content/Game_ThePerfectDate/Meshes/Furnitures/PSX/Material/Wire.uasset" 1777
"C:/Users/1869771/Documents/GitHub/Martel_Ju_TP2_sans_lfs/Content/Game_ThePerfectDate/Meshes/Furnitures/PSX/Material/Wire.uexp" 1778
"C:/Users/1869771/Documents/GitHub/Martel_Ju_TP2_sans_lfs/Content/Game_ThePerfectDate/Meshes/Furnitures/PSX/Shelf_06.ubulk" 1779
"C:/Users/1869771/Documents/GitHub/Martel_Ju_TP2_sans_lfs/Content/Game_ThePerfectDate/Meshes/Furnitures/PSX/Shelf_06.uasset" 1780
"C:/Users/1869771/Documents/GitHub/Martel_Ju_TP2_sans_lfs/Content/Game_ThePerfectDate/Meshes/Furnitures/PSX/Shelf_06.uexp" 1781
"C:/Users/1869771/Documents/GitHub/Martel_Ju_TP2_sans_lfs/Content/Game_ThePerfectDate/Meshes/Furnitures/PSX/Soap_01.ubulk" 1782
"C:/Users/1869771/Documents/GitHub/Martel_Ju_TP2_sans_lfs/Content/Game_ThePerfectDate/Meshes/Furnitures/PSX/Soap_01.uasset" 1783
"C:/Users/1869771/Documents/GitHub/Martel_Ju_TP2_sans_lfs/Content/Game_ThePerfectDate/Meshes/Furnitures/PSX/Soap_01.uexp" 1784
"C:/Users/1869771/Documents/GitHub/Martel_Ju_TP2_sans_lfs/Content/Game_ThePerfectDate/Meshes/Furnitures/PSX/Soap_holder.ubulk" 1785
"C:/Users/1869771/Documents/GitHub/Martel_Ju_TP2_sans_lfs/Content/Game_ThePerfectDate/Meshes/Furnitures/PSX/Soap_holder.uasset" 1786
"C:/Users/1869771/Documents/GitHub/Martel_Ju_TP2_sans_lfs/Content/Game_ThePerfectDate/Meshes/Furnitures/PSX/Soap_holder.uexp" 1787
"C:/Users/1869771/Documents/GitHub/Martel_Ju_TP2_sans_lfs/Content/Game_ThePerfectDate/Meshes/Furnitures/PSX/Material/Foods_01.uasset" 1788
"C:/Users/1869771/Documents/GitHub/Martel_Ju_TP2_sans_lfs/Content/Game_ThePerfectDate/Meshes/Furnitures/PSX/Material/Foods_01.uexp" 1789
"C:/Users/1869771/Documents/GitHub/Martel_Ju_TP2_sans_lfs/Content/Game_ThePerfectDate/Meshes/Furnitures/PSX/Soda_10.ubulk" 1790
"C:/Users/1869771/Documents/GitHub/Martel_Ju_TP2_sans_lfs/Content/Game_ThePerfectDate/Meshes/Furnitures/PSX/Soda_10.uasset" 1791
"C:/Users/1869771/Documents/GitHub/Martel_Ju_TP2_sans_lfs/Content/Game_ThePerfectDate/Meshes/Furnitures/PSX/Soda_10.uexp" 1792
"C:/Users/1869771/Documents/GitHub/Martel_Ju_TP2_sans_lfs/Content/Game_ThePerfectDate/Meshes/Furnitures/PSX/Stove.ubulk" 1793
"C:/Users/1869771/Documents/GitHub/Martel_Ju_TP2_sans_lfs/Content/Game_ThePerfectDate/Meshes/Furnitures/PSX/Stove.uasset" 1794
"C:/Users/1869771/Documents/GitHub/Martel_Ju_TP2_sans_lfs/Content/Game_ThePerfectDate/Meshes/Furnitures/PSX/Stove.uexp" 1795
"C:/Users/1869771/Documents/GitHub/Martel_Ju_TP2_sans_lfs/Content/Game_ThePerfectDate/Meshes/Furnitures/PSX/Material/Wood_06.uasset" 1796
"C:/Users/1869771/Documents/GitHub/Martel_Ju_TP2_sans_lfs/Content/Game_ThePerfectDate/Meshes/Furnitures/PSX/Material/Wood_06.uexp" 1797
"C:/Users/1869771/Documents/GitHub/Martel_Ju_TP2_sans_lfs/Content/Game_ThePerfectDate/Meshes/Furnitures/PSX/Table_21.ubulk" 1798
"C:/Users/1869771/Documents/GitHub/Martel_Ju_TP2_sans_lfs/Content/Game_ThePerfectDate/Meshes/Furnitures/PSX/Table_21.uasset" 1799
"C:/Users/1869771/Documents/GitHub/Martel_Ju_TP2_sans_lfs/Content/Game_ThePerfectDate/Meshes/Furnitures/PSX/Table_21.uexp" 1800
"C:/Users/1869771/Documents/GitHub/Martel_Ju_TP2_sans_lfs/Content/Game_ThePerfectDate/Meshes/Furnitures/PSX/Textures/Electronics.ubulk" 1801
"C:/Users/1869771/Documents/GitHub/Martel_Ju_TP2_sans_lfs/Content/Game_ThePerfectDate/Meshes/Furnitures/PSX/Textures/Electronics.uasset" 1802
"C:/Users/1869771/Documents/GitHub/Martel_Ju_TP2_sans_lfs/Content/Game_ThePerfectDate/Meshes/Furnitures/PSX/Textures/Electronics.uexp" 1803
"C:/Users/1869771/Documents/GitHub/Martel_Ju_TP2_sans_lfs/Content/Game_ThePerfectDate/Meshes/Furnitures/PSX/Textures/Electronics_Mat.uasset" 1804
"C:/Users/1869771/Documents/GitHub/Martel_Ju_TP2_sans_lfs/Content/Game_ThePerfectDate/Meshes/Furnitures/PSX/Textures/Electronics_Mat.uexp" 1805
"C:/Users/1869771/Documents/GitHub/Martel_Ju_TP2_sans_lfs/Content/Game_ThePerfectDate/Meshes/Furnitures/PSX/Textures/Entertainment.uasset" 1806
"C:/Users/1869771/Documents/GitHub/Martel_Ju_TP2_sans_lfs/Content/Game_ThePerfectDate/Meshes/Furnitures/PSX/Textures/Entertainment.uexp" 1807
"C:/Users/1869771/Documents/GitHub/Martel_Ju_TP2_sans_lfs/Content/Game_ThePerfectDate/Meshes/Furnitures/PSX/Textures/Entertainment_Mat.uasset" 1808
"C:/Users/1869771/Documents/GitHub/Martel_Ju_TP2_sans_lfs/Content/Game_ThePerfectDate/Meshes/Furnitures/PSX/Textures/Entertainment_Mat.uexp" 1809
"C:/Users/1869771/Documents/GitHub/Martel_Ju_TP2_sans_lfs/Content/Game_ThePerfectDate/Meshes/Furnitures/PSX/Textures/Foods_01.ubulk" 1810
"C:/Users/1869771/Documents/GitHub/Martel_Ju_TP2_sans_lfs/Content/Game_ThePerfectDate/Meshes/Furnitures/PSX/Textures/Foods_01.uasset" 1811
"C:/Users/1869771/Documents/GitHub/Martel_Ju_TP2_sans_lfs/Content/Game_ThePerfectDate/Meshes/Furnitures/PSX/Textures/Foods_01.uexp" 1812
"C:/Users/1869771/Documents/GitHub/Martel_Ju_TP2_sans_lfs/Content/Game_ThePerfectDate/Meshes/Furnitures/PSX/Textures/Foods_01_Mat.uasset" 1813
"C:/Users/1869771/Documents/GitHub/Martel_Ju_TP2_sans_lfs/Content/Game_ThePerfectDate/Meshes/Furnitures/PSX/Textures/Foods_01_Mat.uexp" 1814
"C:/Users/1869771/Documents/GitHub/Martel_Ju_TP2_sans_lfs/Content/Game_ThePerfectDate/Meshes/Furnitures/PSX/Textures/Foods_03.ubulk" 1815
"C:/Users/1869771/Documents/GitHub/Martel_Ju_TP2_sans_lfs/Content/Game_ThePerfectDate/Meshes/Furnitures/PSX/Textures/Foods_03.uasset" 1816
"C:/Users/1869771/Documents/GitHub/Martel_Ju_TP2_sans_lfs/Content/Game_ThePerfectDate/Meshes/Furnitures/PSX/Textures/Foods_03.uexp" 1817
"C:/Users/1869771/Documents/GitHub/Martel_Ju_TP2_sans_lfs/Content/Game_ThePerfectDate/Meshes/Furnitures/PSX/Textures/Foods_03_Mat.uasset" 1818
"C:/Users/1869771/Documents/GitHub/Martel_Ju_TP2_sans_lfs/Content/Game_ThePerfectDate/Meshes/Furnitures/PSX/Textures/Foods_03_Mat.uexp" 1819
"C:/Users/1869771/Documents/GitHub/Martel_Ju_TP2_sans_lfs/Content/Game_ThePerfectDate/Meshes/Furnitures/PSX/Textures/Foods_04.ubulk" 1820
"C:/Users/1869771/Documents/GitHub/Martel_Ju_TP2_sans_lfs/Content/Game_ThePerfectDate/Meshes/Furnitures/PSX/Textures/Foods_04.uasset" 1821
"C:/Users/1869771/Documents/GitHub/Martel_Ju_TP2_sans_lfs/Content/Game_ThePerfectDate/Meshes/Furnitures/PSX/Textures/Foods_04.uexp" 1822
"C:/Users/1869771/Documents/GitHub/Martel_Ju_TP2_sans_lfs/Content/Game_ThePerfectDate/Meshes/Furnitures/PSX/Textures/Foods_04_Mat.uasset" 1823
"C:/Users/1869771/Documents/GitHub/Martel_Ju_TP2_sans_lfs/Content/Game_ThePerfectDate/Meshes/Furnitures/PSX/Textures/Foods_04_Mat.uexp" 1824
"C:/Users/1869771/Documents/GitHub/Martel_Ju_TP2_sans_lfs/Content/Game_ThePerfectDate/Meshes/Furnitures/PSX/Textures/Foods_07_Mat.uasset" 1825
"C:/Users/1869771/Documents/GitHub/Martel_Ju_TP2_sans_lfs/Content/Game_ThePerfectDate/Meshes/Furnitures/PSX/Textures/Foods_07_Mat.uexp" 1826
"C:/Users/1869771/Documents/GitHub/Martel_Ju_TP2_sans_lfs/Content/Game_ThePerfectDate/Meshes/Furnitures/PSX/Textures/Foods.ubulk" 1827
"C:/Users/1869771/Documents/GitHub/Martel_Ju_TP2_sans_lfs/Content/Game_ThePerfectDate/Meshes/Furnitures/PSX/Textures/Foods.uasset" 1828
"C:/Users/1869771/Documents/GitHub/Martel_Ju_TP2_sans_lfs/Content/Game_ThePerfectDate/Meshes/Furnitures/PSX/Textures/Foods.uexp" 1829
"C:/Users/1869771/Documents/GitHub/Martel_Ju_TP2_sans_lfs/Content/Game_ThePerfectDate/Meshes/Furnitures/PSX/Textures/Foods_Mat.uasset" 1830
"C:/Users/1869771/Documents/GitHub/Martel_Ju_TP2_sans_lfs/Content/Game_ThePerfectDate/Meshes/Furnitures/PSX/Textures/Foods_Mat.uexp" 1831
"C:/Users/1869771/Documents/GitHub/Martel_Ju_TP2_sans_lfs/Content/Game_ThePerfectDate/Meshes/Furnitures/PSX/Textures/Marble_02.ubulk" 1832
"C:/Users/1869771/Documents/GitHub/Martel_Ju_TP2_sans_lfs/Content/Game_ThePerfectDate/Meshes/Furnitures/PSX/Textures/Marble_02.uasset" 1833
"C:/Users/1869771/Documents/GitHub/Martel_Ju_TP2_sans_lfs/Content/Game_ThePerfectDate/Meshes/Furnitures/PSX/Textures/Marble_02.uexp" 1834
"C:/Users/1869771/Documents/GitHub/Martel_Ju_TP2_sans_lfs/Content/Game_ThePerfectDate/Meshes/Furnitures/PSX/Textures/Marble_02_Mat.uasset" 1835
"C:/Users/1869771/Documents/GitHub/Martel_Ju_TP2_sans_lfs/Content/Game_ThePerfectDate/Meshes/Furnitures/PSX/Textures/Marble_02_Mat.uexp" 1836
"C:/Users/1869771/Documents/GitHub/Martel_Ju_TP2_sans_lfs/Content/Game_ThePerfectDate/Meshes/Furnitures/PSX/Textures/Metal_01.ubulk" 1837
"C:/Users/1869771/Documents/GitHub/Martel_Ju_TP2_sans_lfs/Content/Game_ThePerfectDate/Meshes/Furnitures/PSX/Textures/Metal_01.uasset" 1838
"C:/Users/1869771/Documents/GitHub/Martel_Ju_TP2_sans_lfs/Content/Game_ThePerfectDate/Meshes/Furnitures/PSX/Textures/Metal_01.uexp" 1839
"C:/Users/1869771/Documents/GitHub/Martel_Ju_TP2_sans_lfs/Content/Game_ThePerfectDate/Meshes/Furnitures/PSX/Textures/Metal_01_Mat.uasset" 1840
"C:/Users/1869771/Documents/GitHub/Martel_Ju_TP2_sans_lfs/Content/Game_ThePerfectDate/Meshes/Furnitures/PSX/Textures/Metal_01_Mat.uexp" 1841
"C:/Users/1869771/Documents/GitHub/Martel_Ju_TP2_sans_lfs/Content/Game_ThePerfectDate/Meshes/Furnitures/PSX/Textures/Metal_02.ubulk" 1842
"C:/Users/1869771/Documents/GitHub/Martel_Ju_TP2_sans_lfs/Content/Game_ThePerfectDate/Meshes/Furnitures/PSX/Textures/Metal_02.uasset" 1843
"C:/Users/1869771/Documents/GitHub/Martel_Ju_TP2_sans_lfs/Content/Game_ThePerfectDate/Meshes/Furnitures/PSX/Textures/Metal_02.uexp" 1844
"C:/Users/1869771/Documents/GitHub/Martel_Ju_TP2_sans_lfs/Content/Game_ThePerfectDate/Meshes/Furnitures/PSX/Textures/Metal_02_Mat.uasset" 1845
"C:/Users/1869771/Documents/GitHub/Martel_Ju_TP2_sans_lfs/Content/Game_ThePerfectDate/Meshes/Furnitures/PSX/Textures/Metal_02_Mat.uexp" 1846
"C:/Users/1869771/Documents/GitHub/Martel_Ju_TP2_sans_lfs/Content/Game_ThePerfectDate/Meshes/Furnitures/PSX/Textures/Plants.uasset" 1847
"C:/Users/1869771/Documents/GitHub/Martel_Ju_TP2_sans_lfs/Content/Game_ThePerfectDate/Meshes/Furnitures/PSX/Textures/Plants.uexp" 1848
"C:/Users/1869771/Documents/GitHub/Martel_Ju_TP2_sans_lfs/Content/Game_ThePerfectDate/Meshes/Furnitures/PSX/Textures/Plants_Mat.uasset" 1849
"C:/Users/1869771/Documents/GitHub/Martel_Ju_TP2_sans_lfs/Content/Game_ThePerfectDate/Meshes/Furnitures/PSX/Textures/Plants_Mat.uexp" 1850
"C:/Users/1869771/Documents/GitHub/Martel_Ju_TP2_sans_lfs/Content/Game_ThePerfectDate/Meshes/Furnitures/PSX/Textures/Tiles_02.ubulk" 1851
"C:/Users/1869771/Documents/GitHub/Martel_Ju_TP2_sans_lfs/Content/Game_ThePerfectDate/Meshes/Furnitures/PSX/Textures/Tiles_02.uasset" 1852
"C:/Users/1869771/Documents/GitHub/Martel_Ju_TP2_sans_lfs/Content/Game_ThePerfectDate/Meshes/Furnitures/PSX/Textures/Tiles_02.uexp" 1853
"C:/Users/1869771/Documents/GitHub/Martel_Ju_TP2_sans_lfs/Content/Game_ThePerfectDate/Meshes/Furnitures/PSX/Textures/Tiles_02_Mat.uasset" 1854
"C:/Users/1869771/Documents/GitHub/Martel_Ju_TP2_sans_lfs/Content/Game_ThePerfectDate/Meshes/Furnitures/PSX/Textures/Tiles_02_Mat.uexp" 1855
"C:/Users/1869771/Documents/GitHub/Martel_Ju_TP2_sans_lfs/Content/Game_ThePerfectDate/Meshes/Furnitures/PSX/Textures/Wire.uasset" 1856
"C:/Users/1869771/Documents/GitHub/Martel_Ju_TP2_sans_lfs/Content/Game_ThePerfectDate/Meshes/Furnitures/PSX/Textures/Wire.uexp" 1857
"C:/Users/1869771/Documents/GitHub/Martel_Ju_TP2_sans_lfs/Content/Game_ThePerfectDate/Meshes/Furnitures/PSX/Textures/Wire_Mat.uasset" 1858
"C:/Users/1869771/Documents/GitHub/Martel_Ju_TP2_sans_lfs/Content/Game_ThePerfectDate/Meshes/Furnitures/PSX/Textures/Wire_Mat.uexp" 1859
"C:/Users/1869771/Documents/GitHub/Martel_Ju_TP2_sans_lfs/Content/Game_ThePerfectDate/Meshes/Furnitures/PSX/Toothbrush_03.ubulk" 1860
"C:/Users/1869771/Documents/GitHub/Martel_Ju_TP2_sans_lfs/Content/Game_ThePerfectDate/Meshes/Furnitures/PSX/Toothbrush_03.uasset" 1861
"C:/Users/1869771/Documents/GitHub/Martel_Ju_TP2_sans_lfs/Content/Game_ThePerfectDate/Meshes/Furnitures/PSX/Toothbrush_03.uexp" 1862
"C:/Users/1869771/Documents/GitHub/Martel_Ju_TP2_sans_lfs/Content/Game_ThePerfectDate/Meshes/Furnitures/PSX/Video_player_01.ubulk" 1863
"C:/Users/1869771/Documents/GitHub/Martel_Ju_TP2_sans_lfs/Content/Game_ThePerfectDate/Meshes/Furnitures/PSX/Video_player_01.uasset" 1864
"C:/Users/1869771/Documents/GitHub/Martel_Ju_TP2_sans_lfs/Content/Game_ThePerfectDate/Meshes/Furnitures/PSX/Video_player_01.uexp" 1865
"C:/Users/1869771/Documents/GitHub/Martel_Ju_TP2_sans_lfs/Content/Game_ThePerfectDate/Meshes/Furnitures/PSX/Material/Metal_02.uasset" 1866
"C:/Users/1869771/Documents/GitHub/Martel_Ju_TP2_sans_lfs/Content/Game_ThePerfectDate/Meshes/Furnitures/PSX/Material/Metal_02.uexp" 1867
"C:/Users/1869771/Documents/GitHub/Martel_Ju_TP2_sans_lfs/Content/Game_ThePerfectDate/Meshes/Furnitures/PSX/Washbasin_06.ubulk" 1868
"C:/Users/1869771/Documents/GitHub/Martel_Ju_TP2_sans_lfs/Content/Game_ThePerfectDate/Meshes/Furnitures/PSX/Washbasin_06.uasset" 1869
"C:/Users/1869771/Documents/GitHub/Martel_Ju_TP2_sans_lfs/Content/Game_ThePerfectDate/Meshes/Furnitures/PSX/Washbasin_06.uexp" 1870
"C:/Users/1869771/Documents/GitHub/Martel_Ju_TP2_sans_lfs/Content/Game_ThePerfectDate/Meshes/Furnitures/PSX/Washing_machine_01.ubulk" 1871
"C:/Users/1869771/Documents/GitHub/Martel_Ju_TP2_sans_lfs/Content/Game_ThePerfectDate/Meshes/Furnitures/PSX/Washing_machine_01.uasset" 1872
"C:/Users/1869771/Documents/GitHub/Martel_Ju_TP2_sans_lfs/Content/Game_ThePerfectDate/Meshes/Furnitures/PSX/Washing_machine_01.uexp" 1873
"C:/Users/1869771/Documents/GitHub/Martel_Ju_TP2_sans_lfs/Content/Game_ThePerfectDate/Meshes/Furnitures/PSX/Washing_machine_03.ubulk" 1874
"C:/Users/1869771/Documents/GitHub/Martel_Ju_TP2_sans_lfs/Content/Game_ThePerfectDate/Meshes/Furnitures/PSX/Washing_machine_03.uasset" 1875
"C:/Users/1869771/Documents/GitHub/Martel_Ju_TP2_sans_lfs/Content/Game_ThePerfectDate/Meshes/Furnitures/PSX/Washing_machine_03.uexp" 1876
"C:/Users/1869771/Documents/GitHub/Martel_Ju_TP2_sans_lfs/Content/Game_ThePerfectDate/Meshes/Furnitures/PSX/Washing_machine_d_01.ubulk" 1877
"C:/Users/1869771/Documents/GitHub/Martel_Ju_TP2_sans_lfs/Content/Game_ThePerfectDate/Meshes/Furnitures/PSX/Washing_machine_d_01.uasset" 1878
"C:/Users/1869771/Documents/GitHub/Martel_Ju_TP2_sans_lfs/Content/Game_ThePerfectDate/Meshes/Furnitures/PSX/Washing_machine_d_01.uexp" 1879
"C:/Users/1869771/Documents/GitHub/Martel_Ju_TP2_sans_lfs/Content/Game_ThePerfectDate/Meshes/Furnitures/PSX/Washing_machine_d_03.ubulk" 1880
"C:/Users/1869771/Documents/GitHub/Martel_Ju_TP2_sans_lfs/Content/Game_ThePerfectDate/Meshes/Furnitures/PSX/Washing_machine_d_03.uasset" 1881
"C:/Users/1869771/Documents/GitHub/Martel_Ju_TP2_sans_lfs/Content/Game_ThePerfectDate/Meshes/Furnitures/PSX/Washing_machine_d_03.uexp" 1882
"C:/Users/1869771/Documents/GitHub/Martel_Ju_TP2_sans_lfs/Content/Game_ThePerfectDate/Meshes/Furnitures/PSX2/Materials/Material_053.uasset" 1883
"C:/Users/1869771/Documents/GitHub/Martel_Ju_TP2_sans_lfs/Content/Game_ThePerfectDate/Meshes/Furnitures/PSX2/Materials/Material_053.uexp" 1884
"C:/Users/1869771/Documents/GitHub/Martel_Ju_TP2_sans_lfs/Content/Game_ThePerfectDate/Meshes/Furnitures/PSX2/Materials/Wood_09.uasset" 1885
"C:/Users/1869771/Documents/GitHub/Martel_Ju_TP2_sans_lfs/Content/Game_ThePerfectDate/Meshes/Furnitures/PSX2/Materials/Wood_09.uexp" 1886
"C:/Users/1869771/Documents/GitHub/Martel_Ju_TP2_sans_lfs/Content/Game_ThePerfectDate/Meshes/Furnitures/PSX2/Materials/Wood_05.uasset" 1887
"C:/Users/1869771/Documents/GitHub/Martel_Ju_TP2_sans_lfs/Content/Game_ThePerfectDate/Meshes/Furnitures/PSX2/Materials/Wood_05.uexp" 1888
"C:/Users/1869771/Documents/GitHub/Martel_Ju_TP2_sans_lfs/Content/Game_ThePerfectDate/Meshes/Furnitures/PSX2/Materials/Tiles_02.uasset" 1889
"C:/Users/1869771/Documents/GitHub/Martel_Ju_TP2_sans_lfs/Content/Game_ThePerfectDate/Meshes/Furnitures/PSX2/Materials/Tiles_02.uexp" 1890
"C:/Users/1869771/Documents/GitHub/Martel_Ju_TP2_sans_lfs/Content/Game_ThePerfectDate/Meshes/Furnitures/PSX2/Materials/Wood_08.uasset" 1891
"C:/Users/1869771/Documents/GitHub/Martel_Ju_TP2_sans_lfs/Content/Game_ThePerfectDate/Meshes/Furnitures/PSX2/Materials/Wood_08.uexp" 1892
"C:/Users/1869771/Documents/GitHub/Martel_Ju_TP2_sans_lfs/Content/Game_ThePerfectDate/Meshes/Furnitures/PSX2/Models/Casa.ubulk" 1893
"C:/Users/1869771/Documents/GitHub/Martel_Ju_TP2_sans_lfs/Content/Game_ThePerfectDate/Meshes/Furnitures/PSX2/Models/Casa.uasset" 1894
"C:/Users/1869771/Documents/GitHub/Martel_Ju_TP2_sans_lfs/Content/Game_ThePerfectDate/Meshes/Furnitures/PSX2/Models/Casa.uexp" 1895
"C:/Users/1869771/Documents/GitHub/Martel_Ju_TP2_sans_lfs/Content/Game_ThePerfectDate/Meshes/Furnitures/PSX2/Materials/Door.uasset" 1896
"C:/Users/1869771/Documents/GitHub/Martel_Ju_TP2_sans_lfs/Content/Game_ThePerfectDate/Meshes/Furnitures/PSX2/Materials/Door.uexp" 1897
"C:/Users/1869771/Documents/GitHub/Martel_Ju_TP2_sans_lfs/Content/Game_ThePerfectDate/Meshes/Furnitures/PSX2/Models/Cube_001.ubulk" 1898
"C:/Users/1869771/Documents/GitHub/Martel_Ju_TP2_sans_lfs/Content/Game_ThePerfectDate/Meshes/Furnitures/PSX2/Models/Cube_001.uasset" 1899
"C:/Users/1869771/Documents/GitHub/Martel_Ju_TP2_sans_lfs/Content/Game_ThePerfectDate/Meshes/Furnitures/PSX2/Models/Cube_001.uexp" 1900
"C:/Users/1869771/Documents/GitHub/Martel_Ju_TP2_sans_lfs/Content/Game_ThePerfectDate/Meshes/Furnitures/PSX2/Materials/Wood_10.uasset" 1901
"C:/Users/1869771/Documents/GitHub/Martel_Ju_TP2_sans_lfs/Content/Game_ThePerfectDate/Meshes/Furnitures/PSX2/Materials/Wood_10.uexp" 1902
"C:/Users/1869771/Documents/GitHub/Martel_Ju_TP2_sans_lfs/Content/Game_ThePerfectDate/Meshes/Furnitures/PSX2/Models/Techo.ubulk" 1903
"C:/Users/1869771/Documents/GitHub/Martel_Ju_TP2_sans_lfs/Content/Game_ThePerfectDate/Meshes/Furnitures/PSX2/Models/Techo.uasset" 1904
"C:/Users/1869771/Documents/GitHub/Martel_Ju_TP2_sans_lfs/Content/Game_ThePerfectDate/Meshes/Furnitures/PSX2/Models/Techo.uexp" 1905
"C:/Users/1869771/Documents/GitHub/Martel_Ju_TP2_sans_lfs/Content/Game_ThePerfectDate/Meshes/Furnitures/PSX2/Texture/Tiles_Mat.uasset" 1906
"C:/Users/1869771/Documents/GitHub/Martel_Ju_TP2_sans_lfs/Content/Game_ThePerfectDate/Meshes/Furnitures/PSX2/Texture/Tiles_Mat.uexp" 1907
"C:/Users/1869771/Documents/GitHub/Martel_Ju_TP2_sans_lfs/Content/Game_ThePerfectDate/Meshes/Furnitures/PSX2/Texture/Wood_10.uasset" 1908
"C:/Users/1869771/Documents/GitHub/Martel_Ju_TP2_sans_lfs/Content/Game_ThePerfectDate/Meshes/Furnitures/PSX2/Texture/Wood_10.uexp" 1909
"C:/Users/1869771/Documents/GitHub/Martel_Ju_TP2_sans_lfs/Content/Game_ThePerfectDate/Meshes/Furnitures/PSX2/Texture/Wood_10_Mat.uasset" 1910
"C:/Users/1869771/Documents/GitHub/Martel_Ju_TP2_sans_lfs/Content/Game_ThePerfectDate/Meshes/Furnitures/PSX2/Texture/Wood_10_Mat.uexp" 1911
"C:/Users/1869771/Documents/GitHub/Martel_Ju_TP2_sans_lfs/Content/Game_ThePerfectDate/Meshes/Furnitures/Trailer/Materials/Books.uasset" 1912
"C:/Users/1869771/Documents/GitHub/Martel_Ju_TP2_sans_lfs/Content/Game_ThePerfectDate/Meshes/Furnitures/Trailer/Materials/Books.uexp" 1913
"C:/Users/1869771/Documents/GitHub/Martel_Ju_TP2_sans_lfs/Content/Game_ThePerfectDate/Meshes/Furnitures/Trailer/Props/Book.ubulk" 1914
"C:/Users/1869771/Documents/GitHub/Martel_Ju_TP2_sans_lfs/Content/Game_ThePerfectDate/Meshes/Furnitures/Trailer/Props/Book.uasset" 1915
"C:/Users/1869771/Documents/GitHub/Martel_Ju_TP2_sans_lfs/Content/Game_ThePerfectDate/Meshes/Furnitures/Trailer/Props/Book.uexp" 1916
"C:/Users/1869771/Documents/GitHub/Martel_Ju_TP2_sans_lfs/Content/Game_ThePerfectDate/Meshes/Furnitures/Trailer/Props/Book_01.ubulk" 1917
"C:/Users/1869771/Documents/GitHub/Martel_Ju_TP2_sans_lfs/Content/Game_ThePerfectDate/Meshes/Furnitures/Trailer/Props/Book_01.uasset" 1918
"C:/Users/1869771/Documents/GitHub/Martel_Ju_TP2_sans_lfs/Content/Game_ThePerfectDate/Meshes/Furnitures/Trailer/Props/Book_01.uexp" 1919
"C:/Users/1869771/Documents/GitHub/Martel_Ju_TP2_sans_lfs/Content/Game_ThePerfectDate/Meshes/Furnitures/Trailer/Props/Book_03.ubulk" 1920
"C:/Users/1869771/Documents/GitHub/Martel_Ju_TP2_sans_lfs/Content/Game_ThePerfectDate/Meshes/Furnitures/Trailer/Props/Book_03.uasset" 1921
"C:/Users/1869771/Documents/GitHub/Martel_Ju_TP2_sans_lfs/Content/Game_ThePerfectDate/Meshes/Furnitures/Trailer/Props/Book_03.uexp" 1922
"C:/Users/1869771/Documents/GitHub/Martel_Ju_TP2_sans_lfs/Content/Game_ThePerfectDate/Meshes/Furnitures/Trailer/Props/Book_05.ubulk" 1923
"C:/Users/1869771/Documents/GitHub/Martel_Ju_TP2_sans_lfs/Content/Game_ThePerfectDate/Meshes/Furnitures/Trailer/Props/Book_05.uasset" 1924
"C:/Users/1869771/Documents/GitHub/Martel_Ju_TP2_sans_lfs/Content/Game_ThePerfectDate/Meshes/Furnitures/Trailer/Props/Book_05.uexp" 1925
"C:/Users/1869771/Documents/GitHub/Martel_Ju_TP2_sans_lfs/Content/Game_ThePerfectDate/Meshes/Furnitures/Trailer/Materials/Coffe.uasset" 1926
"C:/Users/1869771/Documents/GitHub/Martel_Ju_TP2_sans_lfs/Content/Game_ThePerfectDate/Meshes/Furnitures/Trailer/Materials/Coffe.uexp" 1927
"C:/Users/1869771/Documents/GitHub/Martel_Ju_TP2_sans_lfs/Content/Game_ThePerfectDate/Meshes/Furnitures/Trailer/Props/Coffe_01.ubulk" 1928
"C:/Users/1869771/Documents/GitHub/Martel_Ju_TP2_sans_lfs/Content/Game_ThePerfectDate/Meshes/Furnitures/Trailer/Props/Coffe_01.uasset" 1929
"C:/Users/1869771/Documents/GitHub/Martel_Ju_TP2_sans_lfs/Content/Game_ThePerfectDate/Meshes/Furnitures/Trailer/Props/Coffe_01.uexp" 1930
"C:/Users/1869771/Documents/GitHub/Martel_Ju_TP2_sans_lfs/Content/Game_ThePerfectDate/Meshes/Furnitures/Trailer/Materials/Coffee_maker.uasset" 1931
"C:/Users/1869771/Documents/GitHub/Martel_Ju_TP2_sans_lfs/Content/Game_ThePerfectDate/Meshes/Furnitures/Trailer/Materials/Coffee_maker.uexp" 1932
"C:/Users/1869771/Documents/GitHub/Martel_Ju_TP2_sans_lfs/Content/Game_ThePerfectDate/Meshes/Furnitures/Trailer/Props/Coffee_maker1.ubulk" 1933
"C:/Users/1869771/Documents/GitHub/Martel_Ju_TP2_sans_lfs/Content/Game_ThePerfectDate/Meshes/Furnitures/Trailer/Props/Coffee_maker1.uasset" 1934
"C:/Users/1869771/Documents/GitHub/Martel_Ju_TP2_sans_lfs/Content/Game_ThePerfectDate/Meshes/Furnitures/Trailer/Props/Coffee_maker1.uexp" 1935
"C:/Users/1869771/Documents/GitHub/Martel_Ju_TP2_sans_lfs/Content/Game_ThePerfectDate/Meshes/Furnitures/Trailer/Materials/Metal.uasset" 1936
"C:/Users/1869771/Documents/GitHub/Martel_Ju_TP2_sans_lfs/Content/Game_ThePerfectDate/Meshes/Furnitures/Trailer/Materials/Metal.uexp" 1937
"C:/Users/1869771/Documents/GitHub/Martel_Ju_TP2_sans_lfs/Content/Game_ThePerfectDate/Meshes/Furnitures/Trailer/Props/cor.ubulk" 1938
"C:/Users/1869771/Documents/GitHub/Martel_Ju_TP2_sans_lfs/Content/Game_ThePerfectDate/Meshes/Furnitures/Trailer/Props/cor.uasset" 1939
"C:/Users/1869771/Documents/GitHub/Martel_Ju_TP2_sans_lfs/Content/Game_ThePerfectDate/Meshes/Furnitures/Trailer/Props/cor.uexp" 1940
"C:/Users/1869771/Documents/GitHub/Martel_Ju_TP2_sans_lfs/Content/Game_ThePerfectDate/Meshes/Furnitures/Trailer/Materials/Curtain.uasset" 1941
"C:/Users/1869771/Documents/GitHub/Martel_Ju_TP2_sans_lfs/Content/Game_ThePerfectDate/Meshes/Furnitures/Trailer/Materials/Curtain.uexp" 1942
"C:/Users/1869771/Documents/GitHub/Martel_Ju_TP2_sans_lfs/Content/Game_ThePerfectDate/Meshes/Furnitures/Trailer/Props/Curtain1.ubulk" 1943
"C:/Users/1869771/Documents/GitHub/Martel_Ju_TP2_sans_lfs/Content/Game_ThePerfectDate/Meshes/Furnitures/Trailer/Props/Curtain1.uasset" 1944
"C:/Users/1869771/Documents/GitHub/Martel_Ju_TP2_sans_lfs/Content/Game_ThePerfectDate/Meshes/Furnitures/Trailer/Props/Curtain1.uexp" 1945
"C:/Users/1869771/Documents/GitHub/Martel_Ju_TP2_sans_lfs/Content/Game_ThePerfectDate/Meshes/Furnitures/Trailer/Materials/Curtain_01.uasset" 1946
"C:/Users/1869771/Documents/GitHub/Martel_Ju_TP2_sans_lfs/Content/Game_ThePerfectDate/Meshes/Furnitures/Trailer/Materials/Curtain_01.uexp" 1947
"C:/Users/1869771/Documents/GitHub/Martel_Ju_TP2_sans_lfs/Content/Game_ThePerfectDate/Meshes/Furnitures/Trailer/Props/Curtain_011.ubulk" 1948
"C:/Users/1869771/Documents/GitHub/Martel_Ju_TP2_sans_lfs/Content/Game_ThePerfectDate/Meshes/Furnitures/Trailer/Props/Curtain_011.uasset" 1949
"C:/Users/1869771/Documents/GitHub/Martel_Ju_TP2_sans_lfs/Content/Game_ThePerfectDate/Meshes/Furnitures/Trailer/Props/Curtain_011.uexp" 1950
"C:/Users/1869771/Documents/GitHub/Martel_Ju_TP2_sans_lfs/Content/Game_ThePerfectDate/Meshes/Furnitures/Trailer/Materials/knife__holder.uasset" 1951
"C:/Users/1869771/Documents/GitHub/Martel_Ju_TP2_sans_lfs/Content/Game_ThePerfectDate/Meshes/Furnitures/Trailer/Materials/knife__holder.uexp" 1952
"C:/Users/1869771/Documents/GitHub/Martel_Ju_TP2_sans_lfs/Content/Game_ThePerfectDate/Meshes/Furnitures/Trailer/Props/knife__holder1.ubulk" 1953
"C:/Users/1869771/Documents/GitHub/Martel_Ju_TP2_sans_lfs/Content/Game_ThePerfectDate/Meshes/Furnitures/Trailer/Props/knife__holder1.uasset" 1954
"C:/Users/1869771/Documents/GitHub/Martel_Ju_TP2_sans_lfs/Content/Game_ThePerfectDate/Meshes/Furnitures/Trailer/Props/knife__holder1.uexp" 1955
"C:/Users/1869771/Documents/GitHub/Martel_Ju_TP2_sans_lfs/Content/Game_ThePerfectDate/Meshes/Furnitures/Trailer/Materials/olive_oil.uasset" 1956
"C:/Users/1869771/Documents/GitHub/Martel_Ju_TP2_sans_lfs/Content/Game_ThePerfectDate/Meshes/Furnitures/Trailer/Materials/olive_oil.uexp" 1957
"C:/Users/1869771/Documents/GitHub/Martel_Ju_TP2_sans_lfs/Content/Game_ThePerfectDate/Meshes/Furnitures/Trailer/Props/olive_oil1.ubulk" 1958
"C:/Users/1869771/Documents/GitHub/Martel_Ju_TP2_sans_lfs/Content/Game_ThePerfectDate/Meshes/Furnitures/Trailer/Props/olive_oil1.uasset" 1959
"C:/Users/1869771/Documents/GitHub/Martel_Ju_TP2_sans_lfs/Content/Game_ThePerfectDate/Meshes/Furnitures/Trailer/Props/olive_oil1.uexp" 1960
"C:/Users/1869771/Documents/GitHub/Martel_Ju_TP2_sans_lfs/Content/Game_ThePerfectDate/Meshes/Furnitures/Trailer/Materials/Refrigerator.uasset" 1961
"C:/Users/1869771/Documents/GitHub/Martel_Ju_TP2_sans_lfs/Content/Game_ThePerfectDate/Meshes/Furnitures/Trailer/Materials/Refrigerator.uexp" 1962
"C:/Users/1869771/Documents/GitHub/Martel_Ju_TP2_sans_lfs/Content/Game_ThePerfectDate/Meshes/Furnitures/Trailer/Props/Refrigerator1.ubulk" 1963
"C:/Users/1869771/Documents/GitHub/Martel_Ju_TP2_sans_lfs/Content/Game_ThePerfectDate/Meshes/Furnitures/Trailer/Props/Refrigerator1.uasset" 1964
"C:/Users/1869771/Documents/GitHub/Martel_Ju_TP2_sans_lfs/Content/Game_ThePerfectDate/Meshes/Furnitures/Trailer/Props/Refrigerator1.uexp" 1965
"C:/Users/1869771/Documents/GitHub/Martel_Ju_TP2_sans_lfs/Content/Game_ThePerfectDate/Meshes/Furnitures/Trailer/Props/Refrigerator_P.ubulk" 1966
"C:/Users/1869771/Documents/GitHub/Martel_Ju_TP2_sans_lfs/Content/Game_ThePerfectDate/Meshes/Furnitures/Trailer/Props/Refrigerator_P.uasset" 1967
"C:/Users/1869771/Documents/GitHub/Martel_Ju_TP2_sans_lfs/Content/Game_ThePerfectDate/Meshes/Furnitures/Trailer/Props/Refrigerator_P.uexp" 1968
"C:/Users/1869771/Documents/GitHub/Martel_Ju_TP2_sans_lfs/Content/Game_ThePerfectDate/Meshes/Furnitures/Trailer/Materials/Table.uasset" 1969
"C:/Users/1869771/Documents/GitHub/Martel_Ju_TP2_sans_lfs/Content/Game_ThePerfectDate/Meshes/Furnitures/Trailer/Materials/Table.uexp" 1970
"C:/Users/1869771/Documents/GitHub/Martel_Ju_TP2_sans_lfs/Content/Game_ThePerfectDate/Meshes/Furnitures/Trailer/Props/Table1.ubulk" 1971
"C:/Users/1869771/Documents/GitHub/Martel_Ju_TP2_sans_lfs/Content/Game_ThePerfectDate/Meshes/Furnitures/Trailer/Props/Table1.uasset" 1972
"C:/Users/1869771/Documents/GitHub/Martel_Ju_TP2_sans_lfs/Content/Game_ThePerfectDate/Meshes/Furnitures/Trailer/Props/Table1.uexp" 1973
"C:/Users/1869771/Documents/GitHub/Martel_Ju_TP2_sans_lfs/Content/Game_ThePerfectDate/Meshes/Furnitures/Trailer/Materials/Toaster.uasset" 1974
"C:/Users/1869771/Documents/GitHub/Martel_Ju_TP2_sans_lfs/Content/Game_ThePerfectDate/Meshes/Furnitures/Trailer/Materials/Toaster.uexp" 1975
"C:/Users/1869771/Documents/GitHub/Martel_Ju_TP2_sans_lfs/Content/Game_ThePerfectDate/Meshes/Furnitures/Trailer/Props/Toaster1.ubulk" 1976
"C:/Users/1869771/Documents/GitHub/Martel_Ju_TP2_sans_lfs/Content/Game_ThePerfectDate/Meshes/Furnitures/Trailer/Props/Toaster1.uasset" 1977
"C:/Users/1869771/Documents/GitHub/Martel_Ju_TP2_sans_lfs/Content/Game_ThePerfectDate/Meshes/Furnitures/Trailer/Props/Toaster1.uexp" 1978
"C:/Users/1869771/Documents/GitHub/Martel_Ju_TP2_sans_lfs/Content/Game_ThePerfectDate/Meshes/Furnitures/Trailer/Materials/Toilet.uasset" 1979
"C:/Users/1869771/Documents/GitHub/Martel_Ju_TP2_sans_lfs/Content/Game_ThePerfectDate/Meshes/Furnitures/Trailer/Materials/Toilet.uexp" 1980
"C:/Users/1869771/Documents/GitHub/Martel_Ju_TP2_sans_lfs/Content/Game_ThePerfectDate/Meshes/Furnitures/Trailer/Props/Toilet1.ubulk" 1981
"C:/Users/1869771/Documents/GitHub/Martel_Ju_TP2_sans_lfs/Content/Game_ThePerfectDate/Meshes/Furnitures/Trailer/Props/Toilet1.uasset" 1982
"C:/Users/1869771/Documents/GitHub/Martel_Ju_TP2_sans_lfs/Content/Game_ThePerfectDate/Meshes/Furnitures/Trailer/Props/Toilet1.uexp" 1983
"C:/Users/1869771/Documents/GitHub/Martel_Ju_TP2_sans_lfs/Content/Game_ThePerfectDate/Meshes/Furnitures/Trailer/Materials/toilet_paper.uasset" 1984
"C:/Users/1869771/Documents/GitHub/Martel_Ju_TP2_sans_lfs/Content/Game_ThePerfectDate/Meshes/Furnitures/Trailer/Materials/toilet_paper.uexp" 1985
"C:/Users/1869771/Documents/GitHub/Martel_Ju_TP2_sans_lfs/Content/Game_ThePerfectDate/Meshes/Furnitures/Trailer/Props/toilet_paper1.ubulk" 1986
"C:/Users/1869771/Documents/GitHub/Martel_Ju_TP2_sans_lfs/Content/Game_ThePerfectDate/Meshes/Furnitures/Trailer/Props/toilet_paper1.uasset" 1987
"C:/Users/1869771/Documents/GitHub/Martel_Ju_TP2_sans_lfs/Content/Game_ThePerfectDate/Meshes/Furnitures/Trailer/Props/toilet_paper1.uexp" 1988
"C:/Users/1869771/Documents/GitHub/Martel_Ju_TP2_sans_lfs/Content/Game_ThePerfectDate/Meshes/Furnitures/Trailer/Materials/washbasin.uasset" 1989
"C:/Users/1869771/Documents/GitHub/Martel_Ju_TP2_sans_lfs/Content/Game_ThePerfectDate/Meshes/Furnitures/Trailer/Materials/washbasin.uexp" 1990
"C:/Users/1869771/Documents/GitHub/Martel_Ju_TP2_sans_lfs/Content/Game_ThePerfectDate/Meshes/Furnitures/Trailer/Props/washbasin_L.ubulk" 1991
"C:/Users/1869771/Documents/GitHub/Martel_Ju_TP2_sans_lfs/Content/Game_ThePerfectDate/Meshes/Furnitures/Trailer/Props/washbasin_L.uasset" 1992
"C:/Users/1869771/Documents/GitHub/Martel_Ju_TP2_sans_lfs/Content/Game_ThePerfectDate/Meshes/Furnitures/Trailer/Props/washbasin_L.uexp" 1993
"C:/Users/1869771/Documents/GitHub/Martel_Ju_TP2_sans_lfs/Content/Game_ThePerfectDate/Meshes/Furnitures/Trailer/Textures/Covered.uasset" 1994
"C:/Users/1869771/Documents/GitHub/Martel_Ju_TP2_sans_lfs/Content/Game_ThePerfectDate/Meshes/Furnitures/Trailer/Textures/Covered.uexp" 1995
"C:/Users/1869771/Documents/GitHub/Martel_Ju_TP2_sans_lfs/Content/Game_ThePerfectDate/Meshes/Furnitures/Trailer/Textures/Covered_Mat.uasset" 1996
"C:/Users/1869771/Documents/GitHub/Martel_Ju_TP2_sans_lfs/Content/Game_ThePerfectDate/Meshes/Furnitures/Trailer/Textures/Covered_Mat.uexp" 1997
"C:/Users/1869771/Documents/GitHub/Martel_Ju_TP2_sans_lfs/Content/Game_ThePerfectDate/Meshes/Furnitures/Trailer/Textures/TilesSmall.ubulk" 1998
"C:/Users/1869771/Documents/GitHub/Martel_Ju_TP2_sans_lfs/Content/Game_ThePerfectDate/Meshes/Furnitures/Trailer/Textures/TilesSmall.uasset" 1999
"C:/Users/1869771/Documents/GitHub/Martel_Ju_TP2_sans_lfs/Content/Game_ThePerfectDate/Meshes/Furnitures/Trailer/Textures/TilesSmall.uexp" 2000
"C:/Users/1869771/Documents/GitHub/Martel_Ju_TP2_sans_lfs/Content/Game_ThePerfectDate/Meshes/Furnitures/Trailer/Textures/TilesSmall_Mat.uasset" 2001
"C:/Users/1869771/Documents/GitHub/Martel_Ju_TP2_sans_lfs/Content/Game_ThePerfectDate/Meshes/Furnitures/Trailer/Textures/TilesSmall_Mat.uexp" 2002
"C:/Users/1869771/Documents/GitHub/Martel_Ju_TP2_sans_lfs/Content/Game_ThePerfectDate/Meshes/Furnitures/Trailer/Trailer/Metal.uasset" 2003
"C:/Users/1869771/Documents/GitHub/Martel_Ju_TP2_sans_lfs/Content/Game_ThePerfectDate/Meshes/Furnitures/Trailer/Trailer/Metal.uexp" 2004
"C:/Users/1869771/Documents/GitHub/Martel_Ju_TP2_sans_lfs/Content/Game_ThePerfectDate/Meshes/Furnitures/Trailer/Trailer/cor_015.ubulk" 2005
"C:/Users/1869771/Documents/GitHub/Martel_Ju_TP2_sans_lfs/Content/Game_ThePerfectDate/Meshes/Furnitures/Trailer/Trailer/cor_015.uasset" 2006
"C:/Users/1869771/Documents/GitHub/Martel_Ju_TP2_sans_lfs/Content/Game_ThePerfectDate/Meshes/Furnitures/Trailer/Trailer/cor_015.uexp" 2007
"C:/Users/1869771/Documents/GitHub/Martel_Ju_TP2_sans_lfs/Content/Game_ThePerfectDate/Meshes/Furnitures/Trailer/Trailer/Covered.uasset" 2008
"C:/Users/1869771/Documents/GitHub/Martel_Ju_TP2_sans_lfs/Content/Game_ThePerfectDate/Meshes/Furnitures/Trailer/Trailer/Covered.uexp" 2009
"C:/Users/1869771/Documents/GitHub/Martel_Ju_TP2_sans_lfs/Content/Game_ThePerfectDate/Meshes/Furnitures/Trailer/Trailer/Covered_001.uasset" 2010
"C:/Users/1869771/Documents/GitHub/Martel_Ju_TP2_sans_lfs/Content/Game_ThePerfectDate/Meshes/Furnitures/Trailer/Trailer/Covered_001.uexp" 2011
"C:/Users/1869771/Documents/GitHub/Martel_Ju_TP2_sans_lfs/Content/Game_ThePerfectDate/Meshes/Furnitures/Trailer/Trailer/cutlery_holder_001.ubulk" 2012
"C:/Users/1869771/Documents/GitHub/Martel_Ju_TP2_sans_lfs/Content/Game_ThePerfectDate/Meshes/Furnitures/Trailer/Trailer/cutlery_holder_001.uasset" 2013
"C:/Users/1869771/Documents/GitHub/Martel_Ju_TP2_sans_lfs/Content/Game_ThePerfectDate/Meshes/Furnitures/Trailer/Trailer/cutlery_holder_001.uexp" 2014
"C:/Users/1869771/Documents/GitHub/Martel_Ju_TP2_sans_lfs/Content/Game_ThePerfectDate/Meshes/Furnitures/Trailer/Trailer/MetalPlatesBare_01.uasset" 2015
"C:/Users/1869771/Documents/GitHub/Martel_Ju_TP2_sans_lfs/Content/Game_ThePerfectDate/Meshes/Furnitures/Trailer/Trailer/MetalPlatesBare_01.uexp" 2016
"C:/Users/1869771/Documents/GitHub/Martel_Ju_TP2_sans_lfs/Content/Game_ThePerfectDate/Meshes/Furnitures/Trailer/Trailer/Frame_Door_06.ubulk" 2017
"C:/Users/1869771/Documents/GitHub/Martel_Ju_TP2_sans_lfs/Content/Game_ThePerfectDate/Meshes/Furnitures/Trailer/Trailer/Frame_Door_06.uasset" 2018
"C:/Users/1869771/Documents/GitHub/Martel_Ju_TP2_sans_lfs/Content/Game_ThePerfectDate/Meshes/Furnitures/Trailer/Trailer/Frame_Door_06.uexp" 2019
"C:/Users/1869771/Documents/GitHub/Martel_Ju_TP2_sans_lfs/Content/Game_ThePerfectDate/Meshes/Furnitures/Trailer/Trailer/washbasin.uasset" 2020
"C:/Users/1869771/Documents/GitHub/Martel_Ju_TP2_sans_lfs/Content/Game_ThePerfectDate/Meshes/Furnitures/Trailer/Trailer/washbasin.uexp" 2021
"C:/Users/1869771/Documents/GitHub/Martel_Ju_TP2_sans_lfs/Content/Game_ThePerfectDate/Meshes/Furnitures/Trailer/Trailer/TilesPlain.uasset" 2022
"C:/Users/1869771/Documents/GitHub/Martel_Ju_TP2_sans_lfs/Content/Game_ThePerfectDate/Meshes/Furnitures/Trailer/Trailer/TilesPlain.uexp" 2023
"C:/Users/1869771/Documents/GitHub/Martel_Ju_TP2_sans_lfs/Content/Game_ThePerfectDate/Meshes/Furnitures/Trailer/Trailer/cupboard_kitchen.uasset" 2024
"C:/Users/1869771/Documents/GitHub/Martel_Ju_TP2_sans_lfs/Content/Game_ThePerfectDate/Meshes/Furnitures/Trailer/Trailer/cupboard_kitchen.uexp" 2025
"C:/Users/1869771/Documents/GitHub/Martel_Ju_TP2_sans_lfs/Content/Game_ThePerfectDate/Meshes/Furnitures/Trailer/Trailer/kitchen_001.ubulk" 2026
"C:/Users/1869771/Documents/GitHub/Martel_Ju_TP2_sans_lfs/Content/Game_ThePerfectDate/Meshes/Furnitures/Trailer/Trailer/kitchen_001.uasset" 2027
"C:/Users/1869771/Documents/GitHub/Martel_Ju_TP2_sans_lfs/Content/Game_ThePerfectDate/Meshes/Furnitures/Trailer/Trailer/kitchen_001.uexp" 2028
"C:/Users/1869771/Documents/GitHub/Martel_Ju_TP2_sans_lfs/Content/Game_ThePerfectDate/Meshes/Furnitures/Trailer/Trailer/Lamp.uasset" 2029
"C:/Users/1869771/Documents/GitHub/Martel_Ju_TP2_sans_lfs/Content/Game_ThePerfectDate/Meshes/Furnitures/Trailer/Trailer/Lamp.uexp" 2030
"C:/Users/1869771/Documents/GitHub/Martel_Ju_TP2_sans_lfs/Content/Game_ThePerfectDate/Meshes/Furnitures/Trailer/Trailer/Lamp_005.ubulk" 2031
"C:/Users/1869771/Documents/GitHub/Martel_Ju_TP2_sans_lfs/Content/Game_ThePerfectDate/Meshes/Furnitures/Trailer/Trailer/Lamp_005.uasset" 2032
"C:/Users/1869771/Documents/GitHub/Martel_Ju_TP2_sans_lfs/Content/Game_ThePerfectDate/Meshes/Furnitures/Trailer/Trailer/Lamp_005.uexp" 2033
"C:/Users/1869771/Documents/GitHub/Martel_Ju_TP2_sans_lfs/Content/Game_ThePerfectDate/Meshes/Furnitures/Trailer/Trailer/Shelf.uasset" 2034
"C:/Users/1869771/Documents/GitHub/Martel_Ju_TP2_sans_lfs/Content/Game_ThePerfectDate/Meshes/Furnitures/Trailer/Trailer/Shelf.uexp" 2035
"C:/Users/1869771/Documents/GitHub/Martel_Ju_TP2_sans_lfs/Content/Game_ThePerfectDate/Meshes/Furnitures/Trailer/Trailer/Shelf_002.ubulk" 2036
"C:/Users/1869771/Documents/GitHub/Martel_Ju_TP2_sans_lfs/Content/Game_ThePerfectDate/Meshes/Furnitures/Trailer/Trailer/Shelf_002.uasset" 2037
"C:/Users/1869771/Documents/GitHub/Martel_Ju_TP2_sans_lfs/Content/Game_ThePerfectDate/Meshes/Furnitures/Trailer/Trailer/Shelf_002.uexp" 2038
"C:/Users/1869771/Documents/GitHub/Martel_Ju_TP2_sans_lfs/Content/Game_ThePerfectDate/Meshes/Furnitures/Trailer/Trailer/Watering_can.uasset" 2039
"C:/Users/1869771/Documents/GitHub/Martel_Ju_TP2_sans_lfs/Content/Game_ThePerfectDate/Meshes/Furnitures/Trailer/Trailer/Watering_can.uexp" 2040
"C:/Users/1869771/Documents/GitHub/Martel_Ju_TP2_sans_lfs/Content/Game_ThePerfectDate/Meshes/Furnitures/Trailer/Trailer/shower_handle_001.ubulk" 2041
"C:/Users/1869771/Documents/GitHub/Martel_Ju_TP2_sans_lfs/Content/Game_ThePerfectDate/Meshes/Furnitures/Trailer/Trailer/shower_handle_001.uasset" 2042
"C:/Users/1869771/Documents/GitHub/Martel_Ju_TP2_sans_lfs/Content/Game_ThePerfectDate/Meshes/Furnitures/Trailer/Trailer/shower_handle_001.uexp" 2043
"C:/Users/1869771/Documents/GitHub/Martel_Ju_TP2_sans_lfs/Content/Game_ThePerfectDate/Meshes/Furnitures/Trailer/Trailer/Watering_can_001.ubulk" 2044
"C:/Users/1869771/Documents/GitHub/Martel_Ju_TP2_sans_lfs/Content/Game_ThePerfectDate/Meshes/Furnitures/Trailer/Trailer/Watering_can_001.uasset" 2045
"C:/Users/1869771/Documents/GitHub/Martel_Ju_TP2_sans_lfs/Content/Game_ThePerfectDate/Meshes/Furnitures/Trailer/Trailer/Watering_can_001.uexp" 2046
"C:/Users/1869771/Documents/GitHub/Martel_Ju_TP2_sans_lfs/Content/Game_ThePerfectDate/Meshes/Vinyls/01_-_Default.uasset" 2047
"C:/Users/1869771/Documents/GitHub/Martel_Ju_TP2_sans_lfs/Content/Game_ThePerfectDate/Meshes/Vinyls/01_-_Default.uexp" 2048
"C:/Users/1869771/Documents/GitHub/Martel_Ju_TP2_sans_lfs/Content/Game_ThePerfectDate/Meshes/Vinyls/VinylCover_SM.ubulk" 2049
"C:/Users/1869771/Documents/GitHub/Martel_Ju_TP2_sans_lfs/Content/Game_ThePerfectDate/Meshes/Vinyls/VinylCover_SM.uasset" 2050
"C:/Users/1869771/Documents/GitHub/Martel_Ju_TP2_sans_lfs/Content/Game_ThePerfectDate/Meshes/Vinyls/VinylCover_SM.uexp" 2051
"C:/Users/1869771/Documents/GitHub/Martel_Ju_TP2_sans_lfs/Content/Game_ThePerfectDate/Sequences/Asset/PSX_First_Person_Arms_PhysicsAsset.uasset" 2052
"C:/Users/1869771/Documents/GitHub/Martel_Ju_TP2_sans_lfs/Content/Game_ThePerfectDate/Sequences/Asset/PSX_First_Person_Arms_PhysicsAsset.uexp" 2053
"C:/Users/1869771/Documents/GitHub/Martel_Ju_TP2_sans_lfs/Content/Game_ThePerfectDate/Sequences/Asset/arms.ubulk" 2054
"C:/Users/1869771/Documents/GitHub/Martel_Ju_TP2_sans_lfs/Content/Game_ThePerfectDate/Sequences/Asset/arms.uasset" 2055
"C:/Users/1869771/Documents/GitHub/Martel_Ju_TP2_sans_lfs/Content/Game_ThePerfectDate/Sequences/Asset/arms.uexp" 2056
"C:/Users/1869771/Documents/GitHub/Martel_Ju_TP2_sans_lfs/Content/Game_ThePerfectDate/Sequences/Asset/arms1.uasset" 2057
"C:/Users/1869771/Documents/GitHub/Martel_Ju_TP2_sans_lfs/Content/Game_ThePerfectDate/Sequences/Asset/arms1.uexp" 2058
"C:/Users/1869771/Documents/GitHub/Martel_Ju_TP2_sans_lfs/Content/Game_ThePerfectDate/Sequences/Asset/PSX_First_Person_Arms.uasset" 2059
"C:/Users/1869771/Documents/GitHub/Martel_Ju_TP2_sans_lfs/Content/Game_ThePerfectDate/Sequences/Asset/PSX_First_Person_Arms.uexp" 2060
"C:/Users/1869771/Documents/GitHub/Martel_Ju_TP2_sans_lfs/Content/Game_ThePerfectDate/Sequences/Asset/PSX_First_Person_Arms_Anim_arms_armature_Hands_below.uasset" 2061
"C:/Users/1869771/Documents/GitHub/Martel_Ju_TP2_sans_lfs/Content/Game_ThePerfectDate/Sequences/Asset/PSX_First_Person_Arms_Anim_arms_armature_Hands_below.uexp" 2062
"C:/Users/1869771/Documents/GitHub/Martel_Ju_TP2_sans_lfs/Content/Game_ThePerfectDate/SFX/Divers/ambient-empty-room-noise-sound-effect-429845.ubulk" 2063
"C:/Users/1869771/Documents/GitHub/Martel_Ju_TP2_sans_lfs/Content/Game_ThePerfectDate/SFX/Divers/ambient-empty-room-noise-sound-effect-429845.uasset" 2064
"C:/Users/1869771/Documents/GitHub/Martel_Ju_TP2_sans_lfs/Content/Game_ThePerfectDate/SFX/Divers/ambient-empty-room-noise-sound-effect-429845.uexp" 2065
"C:/Users/1869771/Documents/GitHub/Martel_Ju_TP2_sans_lfs/Content/Game_ThePerfectDate/SFX/Divers/clothing_movement_9.ubulk" 2066
"C:/Users/1869771/Documents/GitHub/Martel_Ju_TP2_sans_lfs/Content/Game_ThePerfectDate/SFX/Divers/clothing_movement_9.uasset" 2067
"C:/Users/1869771/Documents/GitHub/Martel_Ju_TP2_sans_lfs/Content/Game_ThePerfectDate/SFX/Divers/clothing_movement_9.uexp" 2068
"C:/Users/1869771/Documents/GitHub/Martel_Ju_TP2_sans_lfs/Content/Game_ThePerfectDate/SFX/Divers/iphone-send-text.ubulk" 2069
"C:/Users/1869771/Documents/GitHub/Martel_Ju_TP2_sans_lfs/Content/Game_ThePerfectDate/SFX/Divers/iphone-send-text.uasset" 2070
"C:/Users/1869771/Documents/GitHub/Martel_Ju_TP2_sans_lfs/Content/Game_ThePerfectDate/SFX/Divers/iphone-send-text.uexp" 2071
"C:/Users/1869771/Documents/GitHub/Martel_Ju_TP2_sans_lfs/Content/Game_ThePerfectDate/SFX/Divers/Original_slide_to_unlock_Sound.ubulk" 2072
"C:/Users/1869771/Documents/GitHub/Martel_Ju_TP2_sans_lfs/Content/Game_ThePerfectDate/SFX/Divers/Original_slide_to_unlock_Sound.uasset" 2073
"C:/Users/1869771/Documents/GitHub/Martel_Ju_TP2_sans_lfs/Content/Game_ThePerfectDate/SFX/Divers/Original_slide_to_unlock_Sound.uexp" 2074
"C:/Users/1869771/Documents/GitHub/Martel_Ju_TP2_sans_lfs/Content/Game_ThePerfectDate/SFX/Door/door_open_5.ubulk" 2075
"C:/Users/1869771/Documents/GitHub/Martel_Ju_TP2_sans_lfs/Content/Game_ThePerfectDate/SFX/Door/door_open_5.uasset" 2076
"C:/Users/1869771/Documents/GitHub/Martel_Ju_TP2_sans_lfs/Content/Game_ThePerfectDate/SFX/Door/door_open_5.uexp" 2077
"C:/Users/1869771/Documents/GitHub/Martel_Ju_TP2_sans_lfs/Content/Game_ThePerfectDate/UI/Cigarettes/Image_Cigarettes.uasset" 2078
"C:/Users/1869771/Documents/GitHub/Martel_Ju_TP2_sans_lfs/Content/Game_ThePerfectDate/UI/Cigarettes/Image_Cigarettes.uexp" 2079
"C:/Users/1869771/Documents/GitHub/Martel_Ju_TP2_sans_lfs/Content/Game_ThePerfectDate/Meshes/Cigarettes/Materials/Material_051.uasset" 2080
"C:/Users/1869771/Documents/GitHub/Martel_Ju_TP2_sans_lfs/Content/Game_ThePerfectDate/Meshes/Cigarettes/Materials/Material_051.uexp" 2081
"C:/Users/1869771/Documents/GitHub/Martel_Ju_TP2_sans_lfs/Content/Game_ThePerfectDate/Meshes/Cigarettes/PackCigaretteStandardOpen.ubulk" 2082
"C:/Users/1869771/Documents/GitHub/Martel_Ju_TP2_sans_lfs/Content/Game_ThePerfectDate/Meshes/Cigarettes/PackCigaretteStandardOpen.uasset" 2083
"C:/Users/1869771/Documents/GitHub/Martel_Ju_TP2_sans_lfs/Content/Game_ThePerfectDate/Meshes/Cigarettes/PackCigaretteStandardOpen.uexp" 2084
"C:/Users/1869771/Documents/GitHub/Martel_Ju_TP2_sans_lfs/Content/Game_ThePerfectDate/UI/Cigarettes/BP_Cigarettes.uasset" 2085
"C:/Users/1869771/Documents/GitHub/Martel_Ju_TP2_sans_lfs/Content/Game_ThePerfectDate/UI/Cigarettes/BP_Cigarettes.uexp" 2086
"C:/Users/1869771/Documents/GitHub/Martel_Ju_TP2_sans_lfs/Content/Game_ThePerfectDate/Maps/LVL_Niveau1.uexp" 2087
"C:/Users/1869771/Documents/GitHub/Martel_Ju_TP2_sans_lfs/Content/Game_ThePerfectDate/Maps/LVL_Niveau1.umap" 2088
"C:/Users/1869771/Documents/GitHub/Martel_Ju_TP2_sans_lfs/Content/Movies/LVL_Niveau1_EDITED.uasset" 2089
"C:/Users/1869771/Documents/GitHub/Martel_Ju_TP2_sans_lfs/Content/Movies/LVL_Niveau1_EDITED.uexp" 2090
"C:/Users/1869771/Documents/GitHub/Martel_Ju_TP2_sans_lfs/Content/Game_ThePerfectDate/Maps/LVL_Menu.uexp" 2091
"C:/Users/1869771/Documents/GitHub/Martel_Ju_TP2_sans_lfs/Content/Game_ThePerfectDate/Maps/LVL_Menu.umap" 2092
"../../../Engine/Content/EngineSky/T_Sky_Stars.ubulk" 2093
"../../../Engine/Content/EngineSky/T_Sky_Stars.uasset" 2094
"../../../Engine/Content/EngineSky/T_Sky_Stars.uexp" 2095
"../../../Engine/Content/EngineSky/T_Sky_Clouds_M.ubulk" 2096
"../../../Engine/Content/EngineSky/T_Sky_Clouds_M.uasset" 2097
"../../../Engine/Content/EngineSky/T_Sky_Clouds_M.uexp" 2098
"../../../Engine/Content/EngineSky/T_Sky_Blue.ubulk" 2099
"../../../Engine/Content/EngineSky/T_Sky_Blue.uasset" 2100
"../../../Engine/Content/EngineSky/T_Sky_Blue.uexp" 2101
"../../../Engine/Content/EngineSky/M_Sky_Panning_Clouds2.uasset" 2102
"../../../Engine/Content/EngineSky/M_Sky_Panning_Clouds2.uexp" 2103
"../../../Engine/Content/EngineSky/SM_SkySphere.ubulk" 2104
"../../../Engine/Content/EngineSky/SM_SkySphere.uasset" 2105
"../../../Engine/Content/EngineSky/SM_SkySphere.uexp" 2106
"../../../Engine/Content/EngineSky/M_SimpleSkyDome.uasset" 2107
"../../../Engine/Content/EngineSky/M_SimpleSkyDome.uexp" 2108
"C:/Users/1869771/Documents/GitHub/Martel_Ju_TP2_sans_lfs/Content/Game_ThePerfectDate/Meshes/Pizza/Scene/Pizzeria_Scene/Textures/Money.ubulk" 2109
"C:/Users/1869771/Documents/GitHub/Martel_Ju_TP2_sans_lfs/Content/Game_ThePerfectDate/Meshes/Pizza/Scene/Pizzeria_Scene/Textures/Money.uasset" 2110
"C:/Users/1869771/Documents/GitHub/Martel_Ju_TP2_sans_lfs/Content/Game_ThePerfectDate/Meshes/Pizza/Scene/Pizzeria_Scene/Textures/Money.uexp" 2111
"C:/Users/1869771/Documents/GitHub/Martel_Ju_TP2_sans_lfs/Content/Game_ThePerfectDate/Meshes/Pizza/Scene/Pizzeria_Scene/Materials/Money.uasset" 2112
"C:/Users/1869771/Documents/GitHub/Martel_Ju_TP2_sans_lfs/Content/Game_ThePerfectDate/Meshes/Pizza/Scene/Pizzeria_Scene/Materials/Money.uexp" 2113
"C:/Users/1869771/Documents/GitHub/Martel_Ju_TP2_sans_lfs/Content/Game_ThePerfectDate/Meshes/Pizza/Scene/Pizzeria_Scene/StaticMeshes/Money_003.ubulk" 2114
"C:/Users/1869771/Documents/GitHub/Martel_Ju_TP2_sans_lfs/Content/Game_ThePerfectDate/Meshes/Pizza/Scene/Pizzeria_Scene/StaticMeshes/Money_003.uasset" 2115
"C:/Users/1869771/Documents/GitHub/Martel_Ju_TP2_sans_lfs/Content/Game_ThePerfectDate/Meshes/Pizza/Scene/Pizzeria_Scene/StaticMeshes/Money_003.uexp" 2116
"C:/Users/1869771/Documents/GitHub/Martel_Ju_TP2_sans_lfs/Content/Game_ThePerfectDate/Materials/Vertex_Snapping/MI_Money2.uasset" 2117
"C:/Users/1869771/Documents/GitHub/Martel_Ju_TP2_sans_lfs/Content/Game_ThePerfectDate/Materials/Vertex_Snapping/MI_Money2.uexp" 2118
"C:/Users/1869771/Documents/GitHub/Martel_Ju_TP2_sans_lfs/Content/Blueprints/BP_Cents.uasset" 2119
"C:/Users/1869771/Documents/GitHub/Martel_Ju_TP2_sans_lfs/Content/Blueprints/BP_Cents.uexp" 2120
"../../../Engine/Content/MapTemplates/Sky/SunsetAmbientCubemap.uasset" 2121
"../../../Engine/Content/MapTemplates/Sky/SunsetAmbientCubemap.uexp" 2122
"C:/Users/1869771/Documents/GitHub/Martel_Ju_TP2_sans_lfs/Content/Game_ThePerfectDate/Meshes/Personnages/NPC/Characters_PSX/Monsieur02/Character_30_Skeleton.uasset" 2123
"C:/Users/1869771/Documents/GitHub/Martel_Ju_TP2_sans_lfs/Content/Game_ThePerfectDate/Meshes/Personnages/NPC/Characters_PSX/Monsieur02/Character_30_Skeleton.uexp" 2124
"C:/Users/1869771/Documents/GitHub/Martel_Ju_TP2_sans_lfs/Content/Game_ThePerfectDate/Meshes/Personnages/NPC/Characters_PSX/Monsieur02/SittingMale.uasset" 2125
"C:/Users/1869771/Documents/GitHub/Martel_Ju_TP2_sans_lfs/Content/Game_ThePerfectDate/Meshes/Personnages/NPC/Characters_PSX/Monsieur02/SittingMale.uexp" 2126
"C:/Users/1869771/Documents/GitHub/Martel_Ju_TP2_sans_lfs/Content/Game_ThePerfectDate/Meshes/Personnages/NPC/MadameJoueur/SittingFemale.uasset" 2127
"C:/Users/1869771/Documents/GitHub/Martel_Ju_TP2_sans_lfs/Content/Game_ThePerfectDate/Meshes/Personnages/NPC/MadameJoueur/SittingFemale.uexp" 2128
"C:/Users/1869771/Documents/GitHub/Martel_Ju_TP2_sans_lfs/Content/Game_ThePerfectDate/SFX/MusiquesRadio/Mourning_Dove_-_Zachariah_Hickman.ubulk" 2129
"C:/Users/1869771/Documents/GitHub/Martel_Ju_TP2_sans_lfs/Content/Game_ThePerfectDate/SFX/MusiquesRadio/Mourning_Dove_-_Zachariah_Hickman.uasset" 2130
"C:/Users/1869771/Documents/GitHub/Martel_Ju_TP2_sans_lfs/Content/Game_ThePerfectDate/SFX/MusiquesRadio/Mourning_Dove_-_Zachariah_Hickman.uexp" 2131
"C:/Users/1869771/Documents/GitHub/Martel_Ju_TP2_sans_lfs/Content/Game_ThePerfectDate/Bluprints/Interfaces/WBP_Fin.uasset" 2132
"C:/Users/1869771/Documents/GitHub/Martel_Ju_TP2_sans_lfs/Content/Game_ThePerfectDate/Bluprints/Interfaces/WBP_Fin.uexp" 2133
"C:/Users/1869771/Documents/GitHub/Martel_Ju_TP2_sans_lfs/Content/Game_ThePerfectDate/Sequences/SEQ_Fin.uasset" 2134
"C:/Users/1869771/Documents/GitHub/Martel_Ju_TP2_sans_lfs/Content/Game_ThePerfectDate/Sequences/SEQ_Fin.uexp" 2135
"C:/Users/1869771/Documents/GitHub/Martel_Ju_TP2_sans_lfs/Content/Game_ThePerfectDate/SFX/Divers/thick_paper_twanging_under_tension_5.ubulk" 2136
"C:/Users/1869771/Documents/GitHub/Martel_Ju_TP2_sans_lfs/Content/Game_ThePerfectDate/SFX/Divers/thick_paper_twanging_under_tension_5.uasset" 2137
"C:/Users/1869771/Documents/GitHub/Martel_Ju_TP2_sans_lfs/Content/Game_ThePerfectDate/SFX/Divers/thick_paper_twanging_under_tension_5.uexp" 2138
"C:/Users/1869771/Documents/GitHub/Martel_Ju_TP2_sans_lfs/Content/Game_ThePerfectDate/Meshes/Bus/Metro_PSX/Models/Metro/Textures/metro_map.uasset" 2139
"C:/Users/1869771/Documents/GitHub/Martel_Ju_TP2_sans_lfs/Content/Game_ThePerfectDate/Meshes/Bus/Metro_PSX/Models/Metro/Textures/metro_map.uexp" 2140
"C:/Users/1869771/Documents/GitHub/Martel_Ju_TP2_sans_lfs/Content/Game_ThePerfectDate/Meshes/Bus/Metro_PSX/Models/Metro/Materials/metro_map.uasset" 2141
"C:/Users/1869771/Documents/GitHub/Martel_Ju_TP2_sans_lfs/Content/Game_ThePerfectDate/Meshes/Bus/Metro_PSX/Models/Metro/Materials/metro_map.uexp" 2142
"C:/Users/1869771/Documents/GitHub/Martel_Ju_TP2_sans_lfs/Content/Game_ThePerfectDate/Meshes/Bus/Metro_PSX/Models/Metro/StaticMeshes/metro_map.ubulk" 2143
"C:/Users/1869771/Documents/GitHub/Martel_Ju_TP2_sans_lfs/Content/Game_ThePerfectDate/Meshes/Bus/Metro_PSX/Models/Metro/StaticMeshes/metro_map.uasset" 2144
"C:/Users/1869771/Documents/GitHub/Martel_Ju_TP2_sans_lfs/Content/Game_ThePerfectDate/Meshes/Bus/Metro_PSX/Models/Metro/StaticMeshes/metro_map.uexp" 2145
"C:/Users/1869771/Documents/GitHub/Martel_Ju_TP2_sans_lfs/Content/Game_ThePerfectDate/Bluprints/BP_CarteMap.uasset" 2146
"C:/Users/1869771/Documents/GitHub/Martel_Ju_TP2_sans_lfs/Content/Game_ThePerfectDate/Bluprints/BP_CarteMap.uexp" 2147
"C:/Users/1869771/Documents/GitHub/Martel_Ju_TP2_sans_lfs/Content/Game_ThePerfectDate/Font/SueEllenFrancisco-Regular.uexp" 2148
"C:/Users/1869771/Documents/GitHub/Martel_Ju_TP2_sans_lfs/Content/Game_ThePerfectDate/Font/SueEllenFrancisco-Regular.uasset" 2149
"C:/Users/1869771/Documents/GitHub/Martel_Ju_TP2_sans_lfs/Content/Game_ThePerfectDate/Font/SueEllenFrancisco-Regular.ufont" 2150
"C:/Users/1869771/Documents/GitHub/Martel_Ju_TP2_sans_lfs/Content/Game_ThePerfectDate/Font/SueEllenFrancisco-Regular_Font.uasset" 2151
"C:/Users/1869771/Documents/GitHub/Martel_Ju_TP2_sans_lfs/Content/Game_ThePerfectDate/Font/SueEllenFrancisco-Regular_Font.uexp" 2152
"C:/Users/1869771/Documents/GitHub/Martel_Ju_TP2_sans_lfs/Content/Game_ThePerfectDate/Dialogue/WBP_Dialogue_Vieux.uasset" 2153
"C:/Users/1869771/Documents/GitHub/Martel_Ju_TP2_sans_lfs/Content/Game_ThePerfectDate/Dialogue/WBP_Dialogue_Vieux.uexp" 2154
"C:/Users/1869771/Documents/GitHub/Martel_Ju_TP2_sans_lfs/Content/Game_ThePerfectDate/Meshes/Personnages/NPC/Characters_PSX/Character_03/Character_03_Skeleton.uasset" 2155
"C:/Users/1869771/Documents/GitHub/Martel_Ju_TP2_sans_lfs/Content/Game_ThePerfectDate/Meshes/Personnages/NPC/Characters_PSX/Character_03/Character_03_Skeleton.uexp" 2156
"C:/Users/1869771/Documents/GitHub/Martel_Ju_TP2_sans_lfs/Content/Game_ThePerfectDate/Meshes/Personnages/NPC/Characters_PSX/Character_03/Old_Man_Idle.uasset" 2157
"C:/Users/1869771/Documents/GitHub/Martel_Ju_TP2_sans_lfs/Content/Game_ThePerfectDate/Meshes/Personnages/NPC/Characters_PSX/Character_03/Old_Man_Idle.uexp" 2158
"C:/Users/1869771/Documents/GitHub/Martel_Ju_TP2_sans_lfs/Content/Game_ThePerfectDate/Meshes/Dep/Textures/Character_03.ubulk" 2159
"C:/Users/1869771/Documents/GitHub/Martel_Ju_TP2_sans_lfs/Content/Game_ThePerfectDate/Meshes/Dep/Textures/Character_03.uasset" 2160
"C:/Users/1869771/Documents/GitHub/Martel_Ju_TP2_sans_lfs/Content/Game_ThePerfectDate/Meshes/Dep/Textures/Character_03.uexp" 2161
"C:/Users/1869771/Documents/GitHub/Martel_Ju_TP2_sans_lfs/Content/Game_ThePerfectDate/Materials/Vertex_Snapping/NPC/MI_Vieux_Monsieur.uasset" 2162
"C:/Users/1869771/Documents/GitHub/Martel_Ju_TP2_sans_lfs/Content/Game_ThePerfectDate/Materials/Vertex_Snapping/NPC/MI_Vieux_Monsieur.uexp" 2163
"C:/Users/1869771/Documents/GitHub/Martel_Ju_TP2_sans_lfs/Content/Game_ThePerfectDate/Meshes/Personnages/NPC/Characters_PSX/Character_03/Character_03_PhysicsAsset.uasset" 2164
"C:/Users/1869771/Documents/GitHub/Martel_Ju_TP2_sans_lfs/Content/Game_ThePerfectDate/Meshes/Personnages/NPC/Characters_PSX/Character_03/Character_03_PhysicsAsset.uexp" 2165
"C:/Users/1869771/Documents/GitHub/Martel_Ju_TP2_sans_lfs/Content/Game_ThePerfectDate/Meshes/Personnages/NPC/Characters_PSX/Character_03/Character_031.uasset" 2166
"C:/Users/1869771/Documents/GitHub/Martel_Ju_TP2_sans_lfs/Content/Game_ThePerfectDate/Meshes/Personnages/NPC/Characters_PSX/Character_03/Character_031.uexp" 2167
"C:/Users/1869771/Documents/GitHub/Martel_Ju_TP2_sans_lfs/Content/Game_ThePerfectDate/Meshes/Personnages/NPC/Characters_PSX/Character_03/BP_OldMan.uasset" 2168
"C:/Users/1869771/Documents/GitHub/Martel_Ju_TP2_sans_lfs/Content/Game_ThePerfectDate/Meshes/Personnages/NPC/Characters_PSX/Character_03/BP_OldMan.uexp" 2169
"C:/Users/1869771/Documents/GitHub/Martel_Ju_TP2_sans_lfs/Content/Game_ThePerfectDate/Dialogue/WBP_Dialogue_VieuxCarte.uasset" 2170
"C:/Users/1869771/Documents/GitHub/Martel_Ju_TP2_sans_lfs/Content/Game_ThePerfectDate/Dialogue/WBP_Dialogue_VieuxCarte.uexp" 2171
"C:/Users/1869771/Documents/GitHub/Martel_Ju_TP2_sans_lfs/Content/Game_ThePerfectDate/SFX/VoiceVieux/miscellaneous_18_sean.ubulk" 2172
"C:/Users/1869771/Documents/GitHub/Martel_Ju_TP2_sans_lfs/Content/Game_ThePerfectDate/SFX/VoiceVieux/miscellaneous_18_sean.uasset" 2173
"C:/Users/1869771/Documents/GitHub/Martel_Ju_TP2_sans_lfs/Content/Game_ThePerfectDate/SFX/VoiceVieux/miscellaneous_18_sean.uexp" 2174
"C:/Users/1869771/Documents/GitHub/Martel_Ju_TP2_sans_lfs/Content/Game_ThePerfectDate/SFX/VoiceVieux/farewell_7_sean.ubulk" 2175
"C:/Users/1869771/Documents/GitHub/Martel_Ju_TP2_sans_lfs/Content/Game_ThePerfectDate/SFX/VoiceVieux/farewell_7_sean.uasset" 2176
"C:/Users/1869771/Documents/GitHub/Martel_Ju_TP2_sans_lfs/Content/Game_ThePerfectDate/SFX/VoiceVieux/farewell_7_sean.uexp" 2177
"C:/Users/1869771/Documents/GitHub/Martel_Ju_TP2_sans_lfs/Content/Game_ThePerfectDate/SFX/VoiceVieux/Greeting/greeting_8_sean.ubulk" 2178
"C:/Users/1869771/Documents/GitHub/Martel_Ju_TP2_sans_lfs/Content/Game_ThePerfectDate/SFX/VoiceVieux/Greeting/greeting_8_sean.uasset" 2179
"C:/Users/1869771/Documents/GitHub/Martel_Ju_TP2_sans_lfs/Content/Game_ThePerfectDate/SFX/VoiceVieux/Greeting/greeting_8_sean.uexp" 2180
"C:/Users/1869771/Documents/GitHub/Martel_Ju_TP2_sans_lfs/Content/Game_ThePerfectDate/SFX/VoiceVieux/Greeting/greeting_7_sean.ubulk" 2181
"C:/Users/1869771/Documents/GitHub/Martel_Ju_TP2_sans_lfs/Content/Game_ThePerfectDate/SFX/VoiceVieux/Greeting/greeting_7_sean.uasset" 2182
"C:/Users/1869771/Documents/GitHub/Martel_Ju_TP2_sans_lfs/Content/Game_ThePerfectDate/SFX/VoiceVieux/Greeting/greeting_7_sean.uexp" 2183
"C:/Users/1869771/Documents/GitHub/Martel_Ju_TP2_sans_lfs/Content/Game_ThePerfectDate/SFX/VoiceVieux/Greeting/greeting_4_sean.ubulk" 2184
"C:/Users/1869771/Documents/GitHub/Martel_Ju_TP2_sans_lfs/Content/Game_ThePerfectDate/SFX/VoiceVieux/Greeting/greeting_4_sean.uasset" 2185
"C:/Users/1869771/Documents/GitHub/Martel_Ju_TP2_sans_lfs/Content/Game_ThePerfectDate/SFX/VoiceVieux/Greeting/greeting_4_sean.uexp" 2186
"C:/Users/1869771/Documents/GitHub/Martel_Ju_TP2_sans_lfs/Content/Game_ThePerfectDate/SFX/VoiceVieux/Greeting/A_Greeting_Vieux.uasset" 2187
"C:/Users/1869771/Documents/GitHub/Martel_Ju_TP2_sans_lfs/Content/Game_ThePerfectDate/SFX/VoiceVieux/Greeting/A_Greeting_Vieux.uexp" 2188
"C:/Users/1869771/Documents/GitHub/Martel_Ju_TP2_sans_lfs/Content/Game_ThePerfectDate/Meshes/Personnages/NPC/Characters_PSX/Character_03/Old_Man_Walk.uasset" 2189
"C:/Users/1869771/Documents/GitHub/Martel_Ju_TP2_sans_lfs/Content/Game_ThePerfectDate/Meshes/Personnages/NPC/Characters_PSX/Character_03/Old_Man_Walk.uexp" 2190
"C:/Users/1869771/Documents/GitHub/Martel_Ju_TP2_sans_lfs/Content/Game_ThePerfectDate/Bluprints/Pawns_Characters/BP_Vieux.uasset" 2191
"C:/Users/1869771/Documents/GitHub/Martel_Ju_TP2_sans_lfs/Content/Game_ThePerfectDate/Bluprints/Pawns_Characters/BP_Vieux.uexp" 2192
"C:/Users/1869771/Documents/GitHub/Martel_Ju_TP2_sans_lfs/Content/Game_ThePerfectDate/Meshes/Bus/Metro_PSX/Models/Metro/Textures/ticket_machine.ubulk" 2193
"C:/Users/1869771/Documents/GitHub/Martel_Ju_TP2_sans_lfs/Content/Game_ThePerfectDate/Meshes/Bus/Metro_PSX/Models/Metro/Textures/ticket_machine.uasset" 2194
"C:/Users/1869771/Documents/GitHub/Martel_Ju_TP2_sans_lfs/Content/Game_ThePerfectDate/Meshes/Bus/Metro_PSX/Models/Metro/Textures/ticket_machine.uexp" 2195
"C:/Users/1869771/Documents/GitHub/Martel_Ju_TP2_sans_lfs/Content/Game_ThePerfectDate/Meshes/Bus/Metro_PSX/Models/Metro/Materials/ticket_machine.uasset" 2196
"C:/Users/1869771/Documents/GitHub/Martel_Ju_TP2_sans_lfs/Content/Game_ThePerfectDate/Meshes/Bus/Metro_PSX/Models/Metro/Materials/ticket_machine.uexp" 2197
"C:/Users/1869771/Documents/GitHub/Martel_Ju_TP2_sans_lfs/Content/Game_ThePerfectDate/Meshes/Bus/Metro_PSX/Models/Metro/StaticMeshes/ticket_machine.ubulk" 2198
"C:/Users/1869771/Documents/GitHub/Martel_Ju_TP2_sans_lfs/Content/Game_ThePerfectDate/Meshes/Bus/Metro_PSX/Models/Metro/StaticMeshes/ticket_machine.uasset" 2199
"C:/Users/1869771/Documents/GitHub/Martel_Ju_TP2_sans_lfs/Content/Game_ThePerfectDate/Meshes/Bus/Metro_PSX/Models/Metro/StaticMeshes/ticket_machine.uexp" 2200
"C:/Users/1869771/Documents/GitHub/Martel_Ju_TP2_sans_lfs/Content/Game_ThePerfectDate/Meshes/Bus/Metro_PSX/Textures/ticket_machine.ubulk" 2201
"C:/Users/1869771/Documents/GitHub/Martel_Ju_TP2_sans_lfs/Content/Game_ThePerfectDate/Meshes/Bus/Metro_PSX/Textures/ticket_machine.uasset" 2202
"C:/Users/1869771/Documents/GitHub/Martel_Ju_TP2_sans_lfs/Content/Game_ThePerfectDate/Meshes/Bus/Metro_PSX/Textures/ticket_machine.uexp" 2203
"C:/Users/1869771/Documents/GitHub/Martel_Ju_TP2_sans_lfs/Content/Game_ThePerfectDate/Materials/Vertex_Snapping/MI_Ticket.uasset" 2204
"C:/Users/1869771/Documents/GitHub/Martel_Ju_TP2_sans_lfs/Content/Game_ThePerfectDate/Materials/Vertex_Snapping/MI_Ticket.uexp" 2205
"C:/Users/1869771/Documents/GitHub/Martel_Ju_TP2_sans_lfs/Content/Game_ThePerfectDate/Images/Icon-mode-bus-default_svg.ubulk" 2206
"C:/Users/1869771/Documents/GitHub/Martel_Ju_TP2_sans_lfs/Content/Game_ThePerfectDate/Images/Icon-mode-bus-default_svg.uasset" 2207
"C:/Users/1869771/Documents/GitHub/Martel_Ju_TP2_sans_lfs/Content/Game_ThePerfectDate/Images/Icon-mode-bus-default_svg.uexp" 2208
"C:/Users/1869771/Documents/GitHub/Martel_Ju_TP2_sans_lfs/Content/Game_ThePerfectDate/Bluprints/Interfaces/WBP_Machine_Ticket.uasset" 2209
"C:/Users/1869771/Documents/GitHub/Martel_Ju_TP2_sans_lfs/Content/Game_ThePerfectDate/Bluprints/Interfaces/WBP_Machine_Ticket.uexp" 2210
"C:/Users/1869771/Documents/GitHub/Martel_Ju_TP2_sans_lfs/Content/Game_ThePerfectDate/Bluprints/BP_Machine_Ticket.uasset" 2211
"C:/Users/1869771/Documents/GitHub/Martel_Ju_TP2_sans_lfs/Content/Game_ThePerfectDate/Bluprints/BP_Machine_Ticket.uexp" 2212
"C:/Users/1869771/Documents/GitHub/Martel_Ju_TP2_sans_lfs/Content/Game_ThePerfectDate/Meshes/Money/low_poly_stack_of_money/Textures/low_poly_stack_of_money_texture_0.ubulk" 2213
"C:/Users/1869771/Documents/GitHub/Martel_Ju_TP2_sans_lfs/Content/Game_ThePerfectDate/Meshes/Money/low_poly_stack_of_money/Textures/low_poly_stack_of_money_texture_0.uasset" 2214
"C:/Users/1869771/Documents/GitHub/Martel_Ju_TP2_sans_lfs/Content/Game_ThePerfectDate/Meshes/Money/low_poly_stack_of_money/Textures/low_poly_stack_of_money_texture_0.uexp" 2215
"C:/Users/1869771/Documents/GitHub/Martel_Ju_TP2_sans_lfs/Content/Game_ThePerfectDate/Meshes/Money/low_poly_stack_of_money/Textures/low_poly_stack_of_money_texture_1.ubulk" 2216
"C:/Users/1869771/Documents/GitHub/Martel_Ju_TP2_sans_lfs/Content/Game_ThePerfectDate/Meshes/Money/low_poly_stack_of_money/Textures/low_poly_stack_of_money_texture_1.uasset" 2217
"C:/Users/1869771/Documents/GitHub/Martel_Ju_TP2_sans_lfs/Content/Game_ThePerfectDate/Meshes/Money/low_poly_stack_of_money/Textures/low_poly_stack_of_money_texture_1.uexp" 2218
"C:/Users/1869771/Documents/GitHub/Martel_Ju_TP2_sans_lfs/Content/Game_ThePerfectDate/Meshes/Money/low_poly_stack_of_money/Materials/Material.uasset" 2219
"C:/Users/1869771/Documents/GitHub/Martel_Ju_TP2_sans_lfs/Content/Game_ThePerfectDate/Meshes/Money/low_poly_stack_of_money/Materials/Material.uexp" 2220
"C:/Users/1869771/Documents/GitHub/Martel_Ju_TP2_sans_lfs/Content/Game_ThePerfectDate/Meshes/Money/low_poly_stack_of_money/StaticMeshes/low_poly_stack_of_money.ubulk" 2221
"C:/Users/1869771/Documents/GitHub/Martel_Ju_TP2_sans_lfs/Content/Game_ThePerfectDate/Meshes/Money/low_poly_stack_of_money/StaticMeshes/low_poly_stack_of_money.uasset" 2222
"C:/Users/1869771/Documents/GitHub/Martel_Ju_TP2_sans_lfs/Content/Game_ThePerfectDate/Meshes/Money/low_poly_stack_of_money/StaticMeshes/low_poly_stack_of_money.uexp" 2223
"C:/Users/1869771/Documents/GitHub/Martel_Ju_TP2_sans_lfs/Content/Game_ThePerfectDate/Materials/Vertex_Snapping/MI_Money.uasset" 2224
"C:/Users/1869771/Documents/GitHub/Martel_Ju_TP2_sans_lfs/Content/Game_ThePerfectDate/Materials/Vertex_Snapping/MI_Money.uexp" 2225
"C:/Users/1869771/Documents/GitHub/Martel_Ju_TP2_sans_lfs/Content/Game_ThePerfectDate/Bluprints/BP_Pieces.uasset" 2226
"C:/Users/1869771/Documents/GitHub/Martel_Ju_TP2_sans_lfs/Content/Game_ThePerfectDate/Bluprints/BP_Pieces.uexp" 2227
"C:/Users/1869771/Documents/GitHub/Martel_Ju_TP2_sans_lfs/Content/Game_ThePerfectDate/Materials/Widget3DPassThrough_Masked1.uasset" 2228
"C:/Users/1869771/Documents/GitHub/Martel_Ju_TP2_sans_lfs/Content/Game_ThePerfectDate/Materials/Widget3DPassThrough_Masked1.uexp" 2229
"C:/Users/1869771/Documents/GitHub/Martel_Ju_TP2_sans_lfs/Content/Game_ThePerfectDate/Meshes/Bus/Bus_stop/Texture/Bus.ubulk" 2230
"C:/Users/1869771/Documents/GitHub/Martel_Ju_TP2_sans_lfs/Content/Game_ThePerfectDate/Meshes/Bus/Bus_stop/Texture/Bus.uasset" 2231
"C:/Users/1869771/Documents/GitHub/Martel_Ju_TP2_sans_lfs/Content/Game_ThePerfectDate/Meshes/Bus/Bus_stop/Texture/Bus.uexp" 2232
"C:/Users/1869771/Documents/GitHub/Martel_Ju_TP2_sans_lfs/Content/Game_ThePerfectDate/Materials/Vertex_Snapping/MI_Bus.uasset" 2233
"C:/Users/1869771/Documents/GitHub/Martel_Ju_TP2_sans_lfs/Content/Game_ThePerfectDate/Materials/Vertex_Snapping/MI_Bus.uexp" 2234
"C:/Users/1869771/Documents/GitHub/Martel_Ju_TP2_sans_lfs/Content/Game_ThePerfectDate/Meshes/Bus/Bus_stop/Materials/Bus.uasset" 2235
"C:/Users/1869771/Documents/GitHub/Martel_Ju_TP2_sans_lfs/Content/Game_ThePerfectDate/Meshes/Bus/Bus_stop/Materials/Bus.uexp" 2236
"C:/Users/1869771/Documents/GitHub/Martel_Ju_TP2_sans_lfs/Content/Game_ThePerfectDate/Meshes/Bus/Bus_stop/Materials/Glass.uasset" 2237
"C:/Users/1869771/Documents/GitHub/Martel_Ju_TP2_sans_lfs/Content/Game_ThePerfectDate/Meshes/Bus/Bus_stop/Materials/Glass.uexp" 2238
"C:/Users/1869771/Documents/GitHub/Martel_Ju_TP2_sans_lfs/Content/Game_ThePerfectDate/Meshes/Bus/Bus_stop/Models/Props/Cube_039.ubulk" 2239
"C:/Users/1869771/Documents/GitHub/Martel_Ju_TP2_sans_lfs/Content/Game_ThePerfectDate/Meshes/Bus/Bus_stop/Models/Props/Cube_039.uasset" 2240
"C:/Users/1869771/Documents/GitHub/Martel_Ju_TP2_sans_lfs/Content/Game_ThePerfectDate/Meshes/Bus/Bus_stop/Models/Props/Cube_039.uexp" 2241
"C:/Users/1869771/Documents/GitHub/Martel_Ju_TP2_sans_lfs/Content/Game_ThePerfectDate/Bluprints/BP_Porte_Bus.uasset" 2242
"C:/Users/1869771/Documents/GitHub/Martel_Ju_TP2_sans_lfs/Content/Game_ThePerfectDate/Bluprints/BP_Porte_Bus.uexp" 2243
"C:/Users/1869771/Documents/GitHub/Martel_Ju_TP2_sans_lfs/Content/Game_ThePerfectDate/Meshes/Furnitures/PSX/Textures/Metal_04.ubulk" 2244
"C:/Users/1869771/Documents/GitHub/Martel_Ju_TP2_sans_lfs/Content/Game_ThePerfectDate/Meshes/Furnitures/PSX/Textures/Metal_04.uasset" 2245
"C:/Users/1869771/Documents/GitHub/Martel_Ju_TP2_sans_lfs/Content/Game_ThePerfectDate/Meshes/Furnitures/PSX/Textures/Metal_04.uexp" 2246
"C:/Users/1869771/Documents/GitHub/Martel_Ju_TP2_sans_lfs/Content/Game_ThePerfectDate/Materials/Vertex_Snapping/MI_Bordure_Dep.uasset" 2247
"C:/Users/1869771/Documents/GitHub/Martel_Ju_TP2_sans_lfs/Content/Game_ThePerfectDate/Materials/Vertex_Snapping/MI_Bordure_Dep.uexp" 2248
"C:/Users/1869771/Documents/GitHub/Martel_Ju_TP2_sans_lfs/Content/Game_ThePerfectDate/Meshes/Furnitures/PSX/Textures/Metal_08.ubulk" 2249
"C:/Users/1869771/Documents/GitHub/Martel_Ju_TP2_sans_lfs/Content/Game_ThePerfectDate/Meshes/Furnitures/PSX/Textures/Metal_08.uasset" 2250
"C:/Users/1869771/Documents/GitHub/Martel_Ju_TP2_sans_lfs/Content/Game_ThePerfectDate/Meshes/Furnitures/PSX/Textures/Metal_08.uexp" 2251
"C:/Users/1869771/Documents/GitHub/Martel_Ju_TP2_sans_lfs/Content/Game_ThePerfectDate/Materials/Vertex_Snapping/MI_Porte_Dep_Rouge.uasset" 2252
"C:/Users/1869771/Documents/GitHub/Martel_Ju_TP2_sans_lfs/Content/Game_ThePerfectDate/Materials/Vertex_Snapping/MI_Porte_Dep_Rouge.uexp" 2253
"C:/Users/1869771/Documents/GitHub/Martel_Ju_TP2_sans_lfs/Content/Game_ThePerfectDate/SFX/Divers/storebell.ubulk" 2254
"C:/Users/1869771/Documents/GitHub/Martel_Ju_TP2_sans_lfs/Content/Game_ThePerfectDate/SFX/Divers/storebell.uasset" 2255
"C:/Users/1869771/Documents/GitHub/Martel_Ju_TP2_sans_lfs/Content/Game_ThePerfectDate/SFX/Divers/storebell.uexp" 2256
"C:/Users/1869771/Documents/GitHub/Martel_Ju_TP2_sans_lfs/Content/Game_ThePerfectDate/Meshes/Dep/Models/Door_011.ubulk" 2257
"C:/Users/1869771/Documents/GitHub/Martel_Ju_TP2_sans_lfs/Content/Game_ThePerfectDate/Meshes/Dep/Models/Door_011.uasset" 2258
"C:/Users/1869771/Documents/GitHub/Martel_Ju_TP2_sans_lfs/Content/Game_ThePerfectDate/Meshes/Dep/Models/Door_011.uexp" 2259
"C:/Users/1869771/Documents/GitHub/Martel_Ju_TP2_sans_lfs/Content/Game_ThePerfectDate/Bluprints/BP_Portes_Dep.uasset" 2260
"C:/Users/1869771/Documents/GitHub/Martel_Ju_TP2_sans_lfs/Content/Game_ThePerfectDate/Bluprints/BP_Portes_Dep.uexp" 2261
"C:/Users/1869771/Documents/GitHub/Martel_Ju_TP2_sans_lfs/Content/Game_ThePerfectDate/Bluprints/Interfaces/WBP_Fade_Out.uasset" 2262
"C:/Users/1869771/Documents/GitHub/Martel_Ju_TP2_sans_lfs/Content/Game_ThePerfectDate/Bluprints/Interfaces/WBP_Fade_Out.uexp" 2263
"C:/Users/1869771/Documents/GitHub/Martel_Ju_TP2_sans_lfs/Content/Game_ThePerfectDate/SFX/VoiceVendeur/OK/confirmation_9_ian.ubulk" 2264
"C:/Users/1869771/Documents/GitHub/Martel_Ju_TP2_sans_lfs/Content/Game_ThePerfectDate/SFX/VoiceVendeur/OK/confirmation_9_ian.uasset" 2265
"C:/Users/1869771/Documents/GitHub/Martel_Ju_TP2_sans_lfs/Content/Game_ThePerfectDate/SFX/VoiceVendeur/OK/confirmation_9_ian.uexp" 2266
"C:/Users/1869771/Documents/GitHub/Martel_Ju_TP2_sans_lfs/Content/Game_ThePerfectDate/SFX/VoiceVendeur/OK/confirmation_4_ian.ubulk" 2267
"C:/Users/1869771/Documents/GitHub/Martel_Ju_TP2_sans_lfs/Content/Game_ThePerfectDate/SFX/VoiceVendeur/OK/confirmation_4_ian.uasset" 2268
"C:/Users/1869771/Documents/GitHub/Martel_Ju_TP2_sans_lfs/Content/Game_ThePerfectDate/SFX/VoiceVendeur/OK/confirmation_4_ian.uexp" 2269
"C:/Users/1869771/Documents/GitHub/Martel_Ju_TP2_sans_lfs/Content/Game_ThePerfectDate/SFX/VoiceVendeur/OK/A_Ok.uasset" 2270
"C:/Users/1869771/Documents/GitHub/Martel_Ju_TP2_sans_lfs/Content/Game_ThePerfectDate/SFX/VoiceVendeur/OK/A_Ok.uexp" 2271
"C:/Users/1869771/Documents/GitHub/Martel_Ju_TP2_sans_lfs/Content/Game_ThePerfectDate/SFX/VoiceVendeur/Nope/refusal_9_ian.ubulk" 2272
"C:/Users/1869771/Documents/GitHub/Martel_Ju_TP2_sans_lfs/Content/Game_ThePerfectDate/SFX/VoiceVendeur/Nope/refusal_9_ian.uasset" 2273
"C:/Users/1869771/Documents/GitHub/Martel_Ju_TP2_sans_lfs/Content/Game_ThePerfectDate/SFX/VoiceVendeur/Nope/refusal_9_ian.uexp" 2274
"C:/Users/1869771/Documents/GitHub/Martel_Ju_TP2_sans_lfs/Content/Game_ThePerfectDate/SFX/VoiceVendeur/Nope/refusal_5_ian.ubulk" 2275
"C:/Users/1869771/Documents/GitHub/Martel_Ju_TP2_sans_lfs/Content/Game_ThePerfectDate/SFX/VoiceVendeur/Nope/refusal_5_ian.uasset" 2276
"C:/Users/1869771/Documents/GitHub/Martel_Ju_TP2_sans_lfs/Content/Game_ThePerfectDate/SFX/VoiceVendeur/Nope/refusal_5_ian.uexp" 2277
"C:/Users/1869771/Documents/GitHub/Martel_Ju_TP2_sans_lfs/Content/Game_ThePerfectDate/SFX/VoiceVendeur/Nope/refusal_3_ian.ubulk" 2278
"C:/Users/1869771/Documents/GitHub/Martel_Ju_TP2_sans_lfs/Content/Game_ThePerfectDate/SFX/VoiceVendeur/Nope/refusal_3_ian.uasset" 2279
"C:/Users/1869771/Documents/GitHub/Martel_Ju_TP2_sans_lfs/Content/Game_ThePerfectDate/SFX/VoiceVendeur/Nope/refusal_3_ian.uexp" 2280
"C:/Users/1869771/Documents/GitHub/Martel_Ju_TP2_sans_lfs/Content/Game_ThePerfectDate/SFX/VoiceVendeur/Nope/A_Nope.uasset" 2281
"C:/Users/1869771/Documents/GitHub/Martel_Ju_TP2_sans_lfs/Content/Game_ThePerfectDate/SFX/VoiceVendeur/Nope/A_Nope.uexp" 2282
"C:/Users/1869771/Documents/GitHub/Martel_Ju_TP2_sans_lfs/Content/Game_ThePerfectDate/SFX/VoiceVendeur/Greeting/greeting_9_ian.ubulk" 2283
"C:/Users/1869771/Documents/GitHub/Martel_Ju_TP2_sans_lfs/Content/Game_ThePerfectDate/SFX/VoiceVendeur/Greeting/greeting_9_ian.uasset" 2284
"C:/Users/1869771/Documents/GitHub/Martel_Ju_TP2_sans_lfs/Content/Game_ThePerfectDate/SFX/VoiceVendeur/Greeting/greeting_9_ian.uexp" 2285
"C:/Users/1869771/Documents/GitHub/Martel_Ju_TP2_sans_lfs/Content/Game_ThePerfectDate/SFX/VoiceVendeur/Greeting/greeting_8_ian.ubulk" 2286
"C:/Users/1869771/Documents/GitHub/Martel_Ju_TP2_sans_lfs/Content/Game_ThePerfectDate/SFX/VoiceVendeur/Greeting/greeting_8_ian.uasset" 2287
"C:/Users/1869771/Documents/GitHub/Martel_Ju_TP2_sans_lfs/Content/Game_ThePerfectDate/SFX/VoiceVendeur/Greeting/greeting_8_ian.uexp" 2288
"C:/Users/1869771/Documents/GitHub/Martel_Ju_TP2_sans_lfs/Content/Game_ThePerfectDate/SFX/VoiceVendeur/Greeting/greeting_6_ian.ubulk" 2289
"C:/Users/1869771/Documents/GitHub/Martel_Ju_TP2_sans_lfs/Content/Game_ThePerfectDate/SFX/VoiceVendeur/Greeting/greeting_6_ian.uasset" 2290
"C:/Users/1869771/Documents/GitHub/Martel_Ju_TP2_sans_lfs/Content/Game_ThePerfectDate/SFX/VoiceVendeur/Greeting/greeting_6_ian.uexp" 2291
"C:/Users/1869771/Documents/GitHub/Martel_Ju_TP2_sans_lfs/Content/Game_ThePerfectDate/SFX/VoiceVendeur/Greeting/greeting_1_ian.ubulk" 2292
"C:/Users/1869771/Documents/GitHub/Martel_Ju_TP2_sans_lfs/Content/Game_ThePerfectDate/SFX/VoiceVendeur/Greeting/greeting_1_ian.uasset" 2293
"C:/Users/1869771/Documents/GitHub/Martel_Ju_TP2_sans_lfs/Content/Game_ThePerfectDate/SFX/VoiceVendeur/Greeting/greeting_1_ian.uexp" 2294
"C:/Users/1869771/Documents/GitHub/Martel_Ju_TP2_sans_lfs/Content/Game_ThePerfectDate/SFX/VoiceVendeur/Greeting/A_Greeting.uasset" 2295
"C:/Users/1869771/Documents/GitHub/Martel_Ju_TP2_sans_lfs/Content/Game_ThePerfectDate/SFX/VoiceVendeur/Greeting/A_Greeting.uexp" 2296
"C:/Users/1869771/Documents/GitHub/Martel_Ju_TP2_sans_lfs/Content/Game_ThePerfectDate/SFX/VoiceVendeur/Farewell/farewell_4_ian.ubulk" 2297
"C:/Users/1869771/Documents/GitHub/Martel_Ju_TP2_sans_lfs/Content/Game_ThePerfectDate/SFX/VoiceVendeur/Farewell/farewell_4_ian.uasset" 2298
"C:/Users/1869771/Documents/GitHub/Martel_Ju_TP2_sans_lfs/Content/Game_ThePerfectDate/SFX/VoiceVendeur/Farewell/farewell_4_ian.uexp" 2299
"C:/Users/1869771/Documents/GitHub/Martel_Ju_TP2_sans_lfs/Content/Game_ThePerfectDate/SFX/VoiceVendeur/Farewell/farewell_2_ian.ubulk" 2300
"C:/Users/1869771/Documents/GitHub/Martel_Ju_TP2_sans_lfs/Content/Game_ThePerfectDate/SFX/VoiceVendeur/Farewell/farewell_2_ian.uasset" 2301
"C:/Users/1869771/Documents/GitHub/Martel_Ju_TP2_sans_lfs/Content/Game_ThePerfectDate/SFX/VoiceVendeur/Farewell/farewell_2_ian.uexp" 2302
"C:/Users/1869771/Documents/GitHub/Martel_Ju_TP2_sans_lfs/Content/Game_ThePerfectDate/SFX/VoiceVendeur/Farewell/farewell_10_ian.ubulk" 2303
"C:/Users/1869771/Documents/GitHub/Martel_Ju_TP2_sans_lfs/Content/Game_ThePerfectDate/SFX/VoiceVendeur/Farewell/farewell_10_ian.uasset" 2304
"C:/Users/1869771/Documents/GitHub/Martel_Ju_TP2_sans_lfs/Content/Game_ThePerfectDate/SFX/VoiceVendeur/Farewell/farewell_10_ian.uexp" 2305
"C:/Users/1869771/Documents/GitHub/Martel_Ju_TP2_sans_lfs/Content/Game_ThePerfectDate/SFX/VoiceVendeur/Farewell/A_Farewell.uasset" 2306
"C:/Users/1869771/Documents/GitHub/Martel_Ju_TP2_sans_lfs/Content/Game_ThePerfectDate/SFX/VoiceVendeur/Farewell/A_Farewell.uexp" 2307
"C:/Users/1869771/Documents/GitHub/Martel_Ju_TP2_sans_lfs/Content/Game_ThePerfectDate/Meshes/Personnages/NPC/Characters_PSX/Character/Character_Skeleton.uasset" 2308
"C:/Users/1869771/Documents/GitHub/Martel_Ju_TP2_sans_lfs/Content/Game_ThePerfectDate/Meshes/Personnages/NPC/Characters_PSX/Character/Character_Skeleton.uexp" 2309
"C:/Users/1869771/Documents/GitHub/Martel_Ju_TP2_sans_lfs/Content/Game_ThePerfectDate/Meshes/Personnages/NPC/Characters_PSX/Character/Standard_Idle.uasset" 2310
"C:/Users/1869771/Documents/GitHub/Martel_Ju_TP2_sans_lfs/Content/Game_ThePerfectDate/Meshes/Personnages/NPC/Characters_PSX/Character/Standard_Idle.uexp" 2311
"C:/Users/1869771/Documents/GitHub/Martel_Ju_TP2_sans_lfs/Content/Game_ThePerfectDate/Meshes/Personnages/NPC/Characters_PSX/Character/Character.ubulk" 2312
"C:/Users/1869771/Documents/GitHub/Martel_Ju_TP2_sans_lfs/Content/Game_ThePerfectDate/Meshes/Personnages/NPC/Characters_PSX/Character/Character.uasset" 2313
"C:/Users/1869771/Documents/GitHub/Martel_Ju_TP2_sans_lfs/Content/Game_ThePerfectDate/Meshes/Personnages/NPC/Characters_PSX/Character/Character.uexp" 2314
"C:/Users/1869771/Documents/GitHub/Martel_Ju_TP2_sans_lfs/Content/Game_ThePerfectDate/Materials/Vertex_Snapping/NPC/MI_Character1.uasset" 2315
"C:/Users/1869771/Documents/GitHub/Martel_Ju_TP2_sans_lfs/Content/Game_ThePerfectDate/Materials/Vertex_Snapping/NPC/MI_Character1.uexp" 2316
"C:/Users/1869771/Documents/GitHub/Martel_Ju_TP2_sans_lfs/Content/Game_ThePerfectDate/Meshes/Personnages/NPC/Characters_PSX/Character/Character_PhysicsAsset.uasset" 2317
"C:/Users/1869771/Documents/GitHub/Martel_Ju_TP2_sans_lfs/Content/Game_ThePerfectDate/Meshes/Personnages/NPC/Characters_PSX/Character/Character_PhysicsAsset.uexp" 2318
"C:/Users/1869771/Documents/GitHub/Martel_Ju_TP2_sans_lfs/Content/Game_ThePerfectDate/Meshes/Personnages/NPC/Characters_PSX/Character/Character1.uasset" 2319
"C:/Users/1869771/Documents/GitHub/Martel_Ju_TP2_sans_lfs/Content/Game_ThePerfectDate/Meshes/Personnages/NPC/Characters_PSX/Character/Character1.uexp" 2320
"C:/Users/1869771/Documents/GitHub/Martel_Ju_TP2_sans_lfs/Content/Game_ThePerfectDate/Bluprints/Interfaces/WBP_Dep.uasset" 2321
"C:/Users/1869771/Documents/GitHub/Martel_Ju_TP2_sans_lfs/Content/Game_ThePerfectDate/Bluprints/Interfaces/WBP_Dep.uexp" 2322
"C:/Users/1869771/Documents/GitHub/Martel_Ju_TP2_sans_lfs/Content/Game_ThePerfectDate/Bluprints/Pawns_Characters/BP_Vendeur.uasset" 2323
"C:/Users/1869771/Documents/GitHub/Martel_Ju_TP2_sans_lfs/Content/Game_ThePerfectDate/Bluprints/Pawns_Characters/BP_Vendeur.uexp" 2324
"C:/Users/1869771/Documents/GitHub/Martel_Ju_TP2_sans_lfs/Content/Game_ThePerfectDate/Images/Skybox/rogland_clear_night_8k.uasset" 2325
"C:/Users/1869771/Documents/GitHub/Martel_Ju_TP2_sans_lfs/Content/Game_ThePerfectDate/Images/Skybox/rogland_clear_night_8k.uexp" 2326
"C:/Users/1869771/Documents/GitHub/Martel_Ju_TP2_sans_lfs/Content/Game_ThePerfectDate/Meshes/Cars/Car1/TEX_car.ubulk" 2327
"C:/Users/1869771/Documents/GitHub/Martel_Ju_TP2_sans_lfs/Content/Game_ThePerfectDate/Meshes/Cars/Car1/TEX_car.uasset" 2328
"C:/Users/1869771/Documents/GitHub/Martel_Ju_TP2_sans_lfs/Content/Game_ThePerfectDate/Meshes/Cars/Car1/TEX_car.uexp" 2329
"C:/Users/1869771/Documents/GitHub/Martel_Ju_TP2_sans_lfs/Content/Game_ThePerfectDate/Materials/Vertex_Snapping/Cars/MI_Car01.uasset" 2330
"C:/Users/1869771/Documents/GitHub/Martel_Ju_TP2_sans_lfs/Content/Game_ThePerfectDate/Materials/Vertex_Snapping/Cars/MI_Car01.uexp" 2331
"C:/Users/1869771/Documents/GitHub/Martel_Ju_TP2_sans_lfs/Content/Game_ThePerfectDate/Meshes/Cars/Car2/TEX_car2.ubulk" 2332
"C:/Users/1869771/Documents/GitHub/Martel_Ju_TP2_sans_lfs/Content/Game_ThePerfectDate/Meshes/Cars/Car2/TEX_car2.uasset" 2333
"C:/Users/1869771/Documents/GitHub/Martel_Ju_TP2_sans_lfs/Content/Game_ThePerfectDate/Meshes/Cars/Car2/TEX_car2.uexp" 2334
"C:/Users/1869771/Documents/GitHub/Martel_Ju_TP2_sans_lfs/Content/Game_ThePerfectDate/Materials/Vertex_Snapping/Cars/MI_Car02.uasset" 2335
"C:/Users/1869771/Documents/GitHub/Martel_Ju_TP2_sans_lfs/Content/Game_ThePerfectDate/Materials/Vertex_Snapping/Cars/MI_Car02.uexp" 2336
"C:/Users/1869771/Documents/GitHub/Martel_Ju_TP2_sans_lfs/Content/Game_ThePerfectDate/Meshes/Cars/Car3/TEX_Car3.ubulk" 2337
"C:/Users/1869771/Documents/GitHub/Martel_Ju_TP2_sans_lfs/Content/Game_ThePerfectDate/Meshes/Cars/Car3/TEX_Car3.uasset" 2338
"C:/Users/1869771/Documents/GitHub/Martel_Ju_TP2_sans_lfs/Content/Game_ThePerfectDate/Meshes/Cars/Car3/TEX_Car3.uexp" 2339
"C:/Users/1869771/Documents/GitHub/Martel_Ju_TP2_sans_lfs/Content/Game_ThePerfectDate/Materials/Vertex_Snapping/Cars/MI_Car03.uasset" 2340
"C:/Users/1869771/Documents/GitHub/Martel_Ju_TP2_sans_lfs/Content/Game_ThePerfectDate/Materials/Vertex_Snapping/Cars/MI_Car03.uexp" 2341
"C:/Users/1869771/Documents/GitHub/Martel_Ju_TP2_sans_lfs/Content/Game_ThePerfectDate/Meshes/Cars/Car4/TEX_car5.ubulk" 2342
"C:/Users/1869771/Documents/GitHub/Martel_Ju_TP2_sans_lfs/Content/Game_ThePerfectDate/Meshes/Cars/Car4/TEX_car5.uasset" 2343
"C:/Users/1869771/Documents/GitHub/Martel_Ju_TP2_sans_lfs/Content/Game_ThePerfectDate/Meshes/Cars/Car4/TEX_car5.uexp" 2344
"C:/Users/1869771/Documents/GitHub/Martel_Ju_TP2_sans_lfs/Content/Game_ThePerfectDate/Materials/Vertex_Snapping/Cars/MI_Car04.uasset" 2345
"C:/Users/1869771/Documents/GitHub/Martel_Ju_TP2_sans_lfs/Content/Game_ThePerfectDate/Materials/Vertex_Snapping/Cars/MI_Car04.uexp" 2346
"C:/Users/1869771/Documents/GitHub/Martel_Ju_TP2_sans_lfs/Content/Game_ThePerfectDate/Meshes/Cars/Police/TEX_car5_police.ubulk" 2347
"C:/Users/1869771/Documents/GitHub/Martel_Ju_TP2_sans_lfs/Content/Game_ThePerfectDate/Meshes/Cars/Police/TEX_car5_police.uasset" 2348
"C:/Users/1869771/Documents/GitHub/Martel_Ju_TP2_sans_lfs/Content/Game_ThePerfectDate/Meshes/Cars/Police/TEX_car5_police.uexp" 2349
"C:/Users/1869771/Documents/GitHub/Martel_Ju_TP2_sans_lfs/Content/Game_ThePerfectDate/Materials/Vertex_Snapping/Cars/MI_Car_Police.uasset" 2350
"C:/Users/1869771/Documents/GitHub/Martel_Ju_TP2_sans_lfs/Content/Game_ThePerfectDate/Materials/Vertex_Snapping/Cars/MI_Car_Police.uexp" 2351
"C:/Users/1869771/Documents/GitHub/Martel_Ju_TP2_sans_lfs/Content/Game_ThePerfectDate/Materials/Vertex_Snapping/Juno/CRT_Veste.uasset" 2352
"C:/Users/1869771/Documents/GitHub/Martel_Ju_TP2_sans_lfs/Content/Game_ThePerfectDate/Materials/Vertex_Snapping/Juno/CRT_Veste.uexp" 2353
"C:/Users/1869771/Documents/GitHub/Martel_Ju_TP2_sans_lfs/Content/Game_ThePerfectDate/Materials/Vertex_Snapping/Juno/MI_Veste.uasset" 2354
"C:/Users/1869771/Documents/GitHub/Martel_Ju_TP2_sans_lfs/Content/Game_ThePerfectDate/Materials/Vertex_Snapping/Juno/MI_Veste.uexp" 2355
"C:/Users/1869771/Documents/GitHub/Martel_Ju_TP2_sans_lfs/Content/Game_ThePerfectDate/Meshes/Dep/Textures/Alcohol.uasset" 2356
"C:/Users/1869771/Documents/GitHub/Martel_Ju_TP2_sans_lfs/Content/Game_ThePerfectDate/Meshes/Dep/Textures/Alcohol.uexp" 2357
"C:/Users/1869771/Documents/GitHub/Martel_Ju_TP2_sans_lfs/Content/Game_ThePerfectDate/Materials/Vertex_Snapping/MI_Alcools.uasset" 2358
"C:/Users/1869771/Documents/GitHub/Martel_Ju_TP2_sans_lfs/Content/Game_ThePerfectDate/Materials/Vertex_Snapping/MI_Alcools.uexp" 2359
"C:/Users/1869771/Documents/GitHub/Martel_Ju_TP2_sans_lfs/Content/Game_ThePerfectDate/Meshes/Furnitures/Trailer/Textures/Antenna.ubulk" 2360
"C:/Users/1869771/Documents/GitHub/Martel_Ju_TP2_sans_lfs/Content/Game_ThePerfectDate/Meshes/Furnitures/Trailer/Textures/Antenna.uasset" 2361
"C:/Users/1869771/Documents/GitHub/Martel_Ju_TP2_sans_lfs/Content/Game_ThePerfectDate/Meshes/Furnitures/Trailer/Textures/Antenna.uexp" 2362
"C:/Users/1869771/Documents/GitHub/Martel_Ju_TP2_sans_lfs/Content/Game_ThePerfectDate/Materials/Vertex_Snapping/MI_Antenne.uasset" 2363
"C:/Users/1869771/Documents/GitHub/Martel_Ju_TP2_sans_lfs/Content/Game_ThePerfectDate/Materials/Vertex_Snapping/MI_Antenne.uexp" 2364
"C:/Users/1869771/Documents/GitHub/Martel_Ju_TP2_sans_lfs/Content/Game_ThePerfectDate/Meshes/Tacos/Tacos_Props/Textures/buildings_26.uasset" 2365
"C:/Users/1869771/Documents/GitHub/Martel_Ju_TP2_sans_lfs/Content/Game_ThePerfectDate/Meshes/Tacos/Tacos_Props/Textures/buildings_26.uexp" 2366
"C:/Users/1869771/Documents/GitHub/Martel_Ju_TP2_sans_lfs/Content/Game_ThePerfectDate/Materials/Vertex_Snapping/MI_Batiment01.uasset" 2367
"C:/Users/1869771/Documents/GitHub/Martel_Ju_TP2_sans_lfs/Content/Game_ThePerfectDate/Materials/Vertex_Snapping/MI_Batiment01.uexp" 2368
"C:/Users/1869771/Documents/GitHub/Martel_Ju_TP2_sans_lfs/Content/Game_ThePerfectDate/Meshes/Tacos/Tacos_Props/Textures/buildings.uasset" 2369
"C:/Users/1869771/Documents/GitHub/Martel_Ju_TP2_sans_lfs/Content/Game_ThePerfectDate/Meshes/Tacos/Tacos_Props/Textures/buildings.uexp" 2370
"C:/Users/1869771/Documents/GitHub/Martel_Ju_TP2_sans_lfs/Content/Game_ThePerfectDate/Materials/Vertex_Snapping/MI_Batiment02.uasset" 2371
"C:/Users/1869771/Documents/GitHub/Martel_Ju_TP2_sans_lfs/Content/Game_ThePerfectDate/Materials/Vertex_Snapping/MI_Batiment02.uexp" 2372
"C:/Users/1869771/Documents/GitHub/Martel_Ju_TP2_sans_lfs/Content/Game_ThePerfectDate/Meshes/Tacos/Tacos_Props/Textures/buildings_13.uasset" 2373
"C:/Users/1869771/Documents/GitHub/Martel_Ju_TP2_sans_lfs/Content/Game_ThePerfectDate/Meshes/Tacos/Tacos_Props/Textures/buildings_13.uexp" 2374
"C:/Users/1869771/Documents/GitHub/Martel_Ju_TP2_sans_lfs/Content/Game_ThePerfectDate/Materials/Vertex_Snapping/MI_Batiment03.uasset" 2375
"C:/Users/1869771/Documents/GitHub/Martel_Ju_TP2_sans_lfs/Content/Game_ThePerfectDate/Materials/Vertex_Snapping/MI_Batiment03.uexp" 2376
"C:/Users/1869771/Documents/GitHub/Martel_Ju_TP2_sans_lfs/Content/Game_ThePerfectDate/Meshes/Dep/Textures/Food_shelf_01.uasset" 2377
"C:/Users/1869771/Documents/GitHub/Martel_Ju_TP2_sans_lfs/Content/Game_ThePerfectDate/Meshes/Dep/Textures/Food_shelf_01.uexp" 2378
"C:/Users/1869771/Documents/GitHub/Martel_Ju_TP2_sans_lfs/Content/Game_ThePerfectDate/Materials/Vertex_Snapping/MI_Boissons.uasset" 2379
"C:/Users/1869771/Documents/GitHub/Martel_Ju_TP2_sans_lfs/Content/Game_ThePerfectDate/Materials/Vertex_Snapping/MI_Boissons.uexp" 2380
"C:/Users/1869771/Documents/GitHub/Martel_Ju_TP2_sans_lfs/Content/Game_ThePerfectDate/Meshes/Buildings/Buildings/Textures/brick_modern_03.ubulk" 2381
"C:/Users/1869771/Documents/GitHub/Martel_Ju_TP2_sans_lfs/Content/Game_ThePerfectDate/Meshes/Buildings/Buildings/Textures/brick_modern_03.uasset" 2382
"C:/Users/1869771/Documents/GitHub/Martel_Ju_TP2_sans_lfs/Content/Game_ThePerfectDate/Meshes/Buildings/Buildings/Textures/brick_modern_03.uexp" 2383
"C:/Users/1869771/Documents/GitHub/Martel_Ju_TP2_sans_lfs/Content/Game_ThePerfectDate/Materials/Vertex_Snapping/MI_Brick_Modern_03.uasset" 2384
"C:/Users/1869771/Documents/GitHub/Martel_Ju_TP2_sans_lfs/Content/Game_ThePerfectDate/Materials/Vertex_Snapping/MI_Brick_Modern_03.uexp" 2385
"C:/Users/1869771/Documents/GitHub/Martel_Ju_TP2_sans_lfs/Content/Game_ThePerfectDate/Meshes/Buildings/Buildings/Textures/BrickSmallBrown.uasset" 2386
"C:/Users/1869771/Documents/GitHub/Martel_Ju_TP2_sans_lfs/Content/Game_ThePerfectDate/Meshes/Buildings/Buildings/Textures/BrickSmallBrown.uexp" 2387
"C:/Users/1869771/Documents/GitHub/Martel_Ju_TP2_sans_lfs/Content/Game_ThePerfectDate/Materials/Vertex_Snapping/MI_BrickSmallBrown.uasset" 2388
"C:/Users/1869771/Documents/GitHub/Martel_Ju_TP2_sans_lfs/Content/Game_ThePerfectDate/Materials/Vertex_Snapping/MI_BrickSmallBrown.uexp" 2389
"C:/Users/1869771/Documents/GitHub/Martel_Ju_TP2_sans_lfs/Content/Game_ThePerfectDate/Meshes/Tacos/Tacos_Props/Textures/brick_modern.ubulk" 2390
"C:/Users/1869771/Documents/GitHub/Martel_Ju_TP2_sans_lfs/Content/Game_ThePerfectDate/Meshes/Tacos/Tacos_Props/Textures/brick_modern.uasset" 2391
"C:/Users/1869771/Documents/GitHub/Martel_Ju_TP2_sans_lfs/Content/Game_ThePerfectDate/Meshes/Tacos/Tacos_Props/Textures/brick_modern.uexp" 2392
"C:/Users/1869771/Documents/GitHub/Martel_Ju_TP2_sans_lfs/Content/Game_ThePerfectDate/Materials/Vertex_Snapping/MI_Brique_Batiment.uasset" 2393
"C:/Users/1869771/Documents/GitHub/Martel_Ju_TP2_sans_lfs/Content/Game_ThePerfectDate/Materials/Vertex_Snapping/MI_Brique_Batiment.uexp" 2394
"C:/Users/1869771/Documents/GitHub/Martel_Ju_TP2_sans_lfs/Content/Game_ThePerfectDate/Meshes/Tacos/Tacos_Props/Textures/Concrete_01.ubulk" 2395
"C:/Users/1869771/Documents/GitHub/Martel_Ju_TP2_sans_lfs/Content/Game_ThePerfectDate/Meshes/Tacos/Tacos_Props/Textures/Concrete_01.uasset" 2396
"C:/Users/1869771/Documents/GitHub/Martel_Ju_TP2_sans_lfs/Content/Game_ThePerfectDate/Meshes/Tacos/Tacos_Props/Textures/Concrete_01.uexp" 2397
"C:/Users/1869771/Documents/GitHub/Martel_Ju_TP2_sans_lfs/Content/Game_ThePerfectDate/Materials/Vertex_Snapping/MI_Brique_Batiment01.uasset" 2398
"C:/Users/1869771/Documents/GitHub/Martel_Ju_TP2_sans_lfs/Content/Game_ThePerfectDate/Materials/Vertex_Snapping/MI_Brique_Batiment01.uexp" 2399
"C:/Users/1869771/Documents/GitHub/Martel_Ju_TP2_sans_lfs/Content/Game_ThePerfectDate/Meshes/Tacos/Tacos_Props/Textures/brick_white_01.uasset" 2400
"C:/Users/1869771/Documents/GitHub/Martel_Ju_TP2_sans_lfs/Content/Game_ThePerfectDate/Meshes/Tacos/Tacos_Props/Textures/brick_white_01.uexp" 2401
"C:/Users/1869771/Documents/GitHub/Martel_Ju_TP2_sans_lfs/Content/Game_ThePerfectDate/Materials/Vertex_Snapping/MI_Brique_Batiment02.uasset" 2402
"C:/Users/1869771/Documents/GitHub/Martel_Ju_TP2_sans_lfs/Content/Game_ThePerfectDate/Materials/Vertex_Snapping/MI_Brique_Batiment02.uexp" 2403
"C:/Users/1869771/Documents/GitHub/Martel_Ju_TP2_sans_lfs/Content/Game_ThePerfectDate/Meshes/Dep/Textures/Bricks.ubulk" 2404
"C:/Users/1869771/Documents/GitHub/Martel_Ju_TP2_sans_lfs/Content/Game_ThePerfectDate/Meshes/Dep/Textures/Bricks.uasset" 2405
"C:/Users/1869771/Documents/GitHub/Martel_Ju_TP2_sans_lfs/Content/Game_ThePerfectDate/Meshes/Dep/Textures/Bricks.uexp" 2406
"C:/Users/1869771/Documents/GitHub/Martel_Ju_TP2_sans_lfs/Content/Game_ThePerfectDate/Materials/Vertex_Snapping/MI_Brique_Dep.uasset" 2407
"C:/Users/1869771/Documents/GitHub/Martel_Ju_TP2_sans_lfs/Content/Game_ThePerfectDate/Materials/Vertex_Snapping/MI_Brique_Dep.uexp" 2408
"C:/Users/1869771/Documents/GitHub/Martel_Ju_TP2_sans_lfs/Content/Game_ThePerfectDate/Meshes/Buildings/Buildings/Textures/building_04.ubulk" 2409
"C:/Users/1869771/Documents/GitHub/Martel_Ju_TP2_sans_lfs/Content/Game_ThePerfectDate/Meshes/Buildings/Buildings/Textures/building_04.uasset" 2410
"C:/Users/1869771/Documents/GitHub/Martel_Ju_TP2_sans_lfs/Content/Game_ThePerfectDate/Meshes/Buildings/Buildings/Textures/building_04.uexp" 2411
"C:/Users/1869771/Documents/GitHub/Martel_Ju_TP2_sans_lfs/Content/Game_ThePerfectDate/Materials/Vertex_Snapping/MI_Building_04.uasset" 2412
"C:/Users/1869771/Documents/GitHub/Martel_Ju_TP2_sans_lfs/Content/Game_ThePerfectDate/Materials/Vertex_Snapping/MI_Building_04.uexp" 2413
"C:/Users/1869771/Documents/GitHub/Martel_Ju_TP2_sans_lfs/Content/Game_ThePerfectDate/Meshes/Buildings/Buildings/Textures/building_07.uasset" 2414
"C:/Users/1869771/Documents/GitHub/Martel_Ju_TP2_sans_lfs/Content/Game_ThePerfectDate/Meshes/Buildings/Buildings/Textures/building_07.uexp" 2415
"C:/Users/1869771/Documents/GitHub/Martel_Ju_TP2_sans_lfs/Content/Game_ThePerfectDate/Materials/Vertex_Snapping/MI_Building_07.uasset" 2416
"C:/Users/1869771/Documents/GitHub/Martel_Ju_TP2_sans_lfs/Content/Game_ThePerfectDate/Materials/Vertex_Snapping/MI_Building_07.uexp" 2417
"C:/Users/1869771/Documents/GitHub/Martel_Ju_TP2_sans_lfs/Content/Game_ThePerfectDate/Meshes/Buildings/Buildings/Textures/building_08.uasset" 2418
"C:/Users/1869771/Documents/GitHub/Martel_Ju_TP2_sans_lfs/Content/Game_ThePerfectDate/Meshes/Buildings/Buildings/Textures/building_08.uexp" 2419
"C:/Users/1869771/Documents/GitHub/Martel_Ju_TP2_sans_lfs/Content/Game_ThePerfectDate/Materials/Vertex_Snapping/MI_Building_08.uasset" 2420
"C:/Users/1869771/Documents/GitHub/Martel_Ju_TP2_sans_lfs/Content/Game_ThePerfectDate/Materials/Vertex_Snapping/MI_Building_08.uexp" 2421
"C:/Users/1869771/Documents/GitHub/Martel_Ju_TP2_sans_lfs/Content/Game_ThePerfectDate/Meshes/Bus/Bus_stop/Texture/Bus_stop.ubulk" 2422
"C:/Users/1869771/Documents/GitHub/Martel_Ju_TP2_sans_lfs/Content/Game_ThePerfectDate/Meshes/Bus/Bus_stop/Texture/Bus_stop.uasset" 2423
"C:/Users/1869771/Documents/GitHub/Martel_Ju_TP2_sans_lfs/Content/Game_ThePerfectDate/Meshes/Bus/Bus_stop/Texture/Bus_stop.uexp" 2424
"C:/Users/1869771/Documents/GitHub/Martel_Ju_TP2_sans_lfs/Content/Game_ThePerfectDate/Materials/Vertex_Snapping/MI_Bus_Stop.uasset" 2425
"C:/Users/1869771/Documents/GitHub/Martel_Ju_TP2_sans_lfs/Content/Game_ThePerfectDate/Materials/Vertex_Snapping/MI_Bus_Stop.uexp" 2426
"C:/Users/1869771/Documents/GitHub/Martel_Ju_TP2_sans_lfs/Content/Game_ThePerfectDate/Meshes/Bus/Bus_stop/Texture/Bus_stop_sign.ubulk" 2427
"C:/Users/1869771/Documents/GitHub/Martel_Ju_TP2_sans_lfs/Content/Game_ThePerfectDate/Meshes/Bus/Bus_stop/Texture/Bus_stop_sign.uasset" 2428
"C:/Users/1869771/Documents/GitHub/Martel_Ju_TP2_sans_lfs/Content/Game_ThePerfectDate/Meshes/Bus/Bus_stop/Texture/Bus_stop_sign.uexp" 2429
"C:/Users/1869771/Documents/GitHub/Martel_Ju_TP2_sans_lfs/Content/Game_ThePerfectDate/Materials/Vertex_Snapping/MI_Bus_Stop_Sign.uasset" 2430
"C:/Users/1869771/Documents/GitHub/Martel_Ju_TP2_sans_lfs/Content/Game_ThePerfectDate/Materials/Vertex_Snapping/MI_Bus_Stop_Sign.uexp" 2431
"C:/Users/1869771/Documents/GitHub/Martel_Ju_TP2_sans_lfs/Content/Game_ThePerfectDate/Meshes/Furnitures/PSX/Textures/Wood_02.ubulk" 2432
"C:/Users/1869771/Documents/GitHub/Martel_Ju_TP2_sans_lfs/Content/Game_ThePerfectDate/Meshes/Furnitures/PSX/Textures/Wood_02.uasset" 2433
"C:/Users/1869771/Documents/GitHub/Martel_Ju_TP2_sans_lfs/Content/Game_ThePerfectDate/Meshes/Furnitures/PSX/Textures/Wood_02.uexp" 2434
"C:/Users/1869771/Documents/GitHub/Martel_Ju_TP2_sans_lfs/Content/Game_ThePerfectDate/Materials/Vertex_Snapping/MI_Cadre_Porte_Dep.uasset" 2435
"C:/Users/1869771/Documents/GitHub/Martel_Ju_TP2_sans_lfs/Content/Game_ThePerfectDate/Materials/Vertex_Snapping/MI_Cadre_Porte_Dep.uexp" 2436
"C:/Users/1869771/Documents/GitHub/Martel_Ju_TP2_sans_lfs/Content/Game_ThePerfectDate/Materials/Vertex_Snapping/MI_Cafe.uasset" 2437
"C:/Users/1869771/Documents/GitHub/Martel_Ju_TP2_sans_lfs/Content/Game_ThePerfectDate/Materials/Vertex_Snapping/MI_Cafe.uexp" 2438
"C:/Users/1869771/Documents/GitHub/Martel_Ju_TP2_sans_lfs/Content/Game_ThePerfectDate/Meshes/Dep/Textures/Mostrador.uasset" 2439
"C:/Users/1869771/Documents/GitHub/Martel_Ju_TP2_sans_lfs/Content/Game_ThePerfectDate/Meshes/Dep/Textures/Mostrador.uexp" 2440
"C:/Users/1869771/Documents/GitHub/Martel_Ju_TP2_sans_lfs/Content/Game_ThePerfectDate/Materials/Vertex_Snapping/MI_Caisse.uasset" 2441
"C:/Users/1869771/Documents/GitHub/Martel_Ju_TP2_sans_lfs/Content/Game_ThePerfectDate/Materials/Vertex_Snapping/MI_Caisse.uexp" 2442
"C:/Users/1869771/Documents/GitHub/Martel_Ju_TP2_sans_lfs/Content/Game_ThePerfectDate/Meshes/Dep/Textures/Candys.uasset" 2443
"C:/Users/1869771/Documents/GitHub/Martel_Ju_TP2_sans_lfs/Content/Game_ThePerfectDate/Meshes/Dep/Textures/Candys.uexp" 2444
"C:/Users/1869771/Documents/GitHub/Martel_Ju_TP2_sans_lfs/Content/Game_ThePerfectDate/Materials/Vertex_Snapping/MI_Candy.uasset" 2445
"C:/Users/1869771/Documents/GitHub/Martel_Ju_TP2_sans_lfs/Content/Game_ThePerfectDate/Materials/Vertex_Snapping/MI_Candy.uexp" 2446
"C:/Users/1869771/Documents/GitHub/Martel_Ju_TP2_sans_lfs/Content/Game_ThePerfectDate/Meshes/Bus/Metro_PSX/Textures/metro_map.uasset" 2447
"C:/Users/1869771/Documents/GitHub/Martel_Ju_TP2_sans_lfs/Content/Game_ThePerfectDate/Meshes/Bus/Metro_PSX/Textures/metro_map.uexp" 2448
"C:/Users/1869771/Documents/GitHub/Martel_Ju_TP2_sans_lfs/Content/Game_ThePerfectDate/Materials/Vertex_Snapping/MI_Carte.uasset" 2449
"C:/Users/1869771/Documents/GitHub/Martel_Ju_TP2_sans_lfs/Content/Game_ThePerfectDate/Materials/Vertex_Snapping/MI_Carte.uexp" 2450
"C:/Users/1869771/Documents/GitHub/Martel_Ju_TP2_sans_lfs/Content/Game_ThePerfectDate/Meshes/Furnitures/PSX2/Texture/Cash_register.uasset" 2451
"C:/Users/1869771/Documents/GitHub/Martel_Ju_TP2_sans_lfs/Content/Game_ThePerfectDate/Meshes/Furnitures/PSX2/Texture/Cash_register.uexp" 2452
"C:/Users/1869771/Documents/GitHub/Martel_Ju_TP2_sans_lfs/Content/Game_ThePerfectDate/Materials/Vertex_Snapping/MI_Cash.uasset" 2453
"C:/Users/1869771/Documents/GitHub/Martel_Ju_TP2_sans_lfs/Content/Game_ThePerfectDate/Materials/Vertex_Snapping/MI_Cash.uexp" 2454
"C:/Users/1869771/Documents/GitHub/Martel_Ju_TP2_sans_lfs/Content/Game_ThePerfectDate/Meshes/Pizza/Scene/Pizzeria_Scene/Textures/Soft_drinks_c.ubulk" 2455
"C:/Users/1869771/Documents/GitHub/Martel_Ju_TP2_sans_lfs/Content/Game_ThePerfectDate/Meshes/Pizza/Scene/Pizzeria_Scene/Textures/Soft_drinks_c.uasset" 2456
"C:/Users/1869771/Documents/GitHub/Martel_Ju_TP2_sans_lfs/Content/Game_ThePerfectDate/Meshes/Pizza/Scene/Pizzeria_Scene/Textures/Soft_drinks_c.uexp" 2457
"C:/Users/1869771/Documents/GitHub/Martel_Ju_TP2_sans_lfs/Content/Game_ThePerfectDate/Materials/Vertex_Snapping/MI_Coke.uasset" 2458
"C:/Users/1869771/Documents/GitHub/Martel_Ju_TP2_sans_lfs/Content/Game_ThePerfectDate/Materials/Vertex_Snapping/MI_Coke.uexp" 2459
"C:/Users/1869771/Documents/GitHub/Martel_Ju_TP2_sans_lfs/Content/Game_ThePerfectDate/Meshes/Pizza/Scene/Pizzeria_Scene/Textures/Soft_drinks_01.ubulk" 2460
"C:/Users/1869771/Documents/GitHub/Martel_Ju_TP2_sans_lfs/Content/Game_ThePerfectDate/Meshes/Pizza/Scene/Pizzeria_Scene/Textures/Soft_drinks_01.uasset" 2461
"C:/Users/1869771/Documents/GitHub/Martel_Ju_TP2_sans_lfs/Content/Game_ThePerfectDate/Meshes/Pizza/Scene/Pizzeria_Scene/Textures/Soft_drinks_01.uexp" 2462
"C:/Users/1869771/Documents/GitHub/Martel_Ju_TP2_sans_lfs/Content/Game_ThePerfectDate/Materials/Vertex_Snapping/MI_Coke2.uasset" 2463
"C:/Users/1869771/Documents/GitHub/Martel_Ju_TP2_sans_lfs/Content/Game_ThePerfectDate/Materials/Vertex_Snapping/MI_Coke2.uexp" 2464
"C:/Users/1869771/Documents/GitHub/Martel_Ju_TP2_sans_lfs/Content/Game_ThePerfectDate/Meshes/Dep/Textures/Plastic_07.ubulk" 2465
"C:/Users/1869771/Documents/GitHub/Martel_Ju_TP2_sans_lfs/Content/Game_ThePerfectDate/Meshes/Dep/Textures/Plastic_07.uasset" 2466
"C:/Users/1869771/Documents/GitHub/Martel_Ju_TP2_sans_lfs/Content/Game_ThePerfectDate/Meshes/Dep/Textures/Plastic_07.uexp" 2467
"C:/Users/1869771/Documents/GitHub/Martel_Ju_TP2_sans_lfs/Content/Game_ThePerfectDate/Materials/Vertex_Snapping/MI_Comptoir_Dep.uasset" 2468
"C:/Users/1869771/Documents/GitHub/Martel_Ju_TP2_sans_lfs/Content/Game_ThePerfectDate/Materials/Vertex_Snapping/MI_Comptoir_Dep.uexp" 2469
"C:/Users/1869771/Documents/GitHub/Martel_Ju_TP2_sans_lfs/Content/Game_ThePerfectDate/Meshes/Buildings/Buildings/Textures/ConcreteBare.ubulk" 2470
"C:/Users/1869771/Documents/GitHub/Martel_Ju_TP2_sans_lfs/Content/Game_ThePerfectDate/Meshes/Buildings/Buildings/Textures/ConcreteBare.uasset" 2471
"C:/Users/1869771/Documents/GitHub/Martel_Ju_TP2_sans_lfs/Content/Game_ThePerfectDate/Meshes/Buildings/Buildings/Textures/ConcreteBare.uexp" 2472
"C:/Users/1869771/Documents/GitHub/Martel_Ju_TP2_sans_lfs/Content/Game_ThePerfectDate/Materials/Vertex_Snapping/MI_ConcreteBare.uasset" 2473
"C:/Users/1869771/Documents/GitHub/Martel_Ju_TP2_sans_lfs/Content/Game_ThePerfectDate/Materials/Vertex_Snapping/MI_ConcreteBare.uexp" 2474
"C:/Users/1869771/Documents/GitHub/Martel_Ju_TP2_sans_lfs/Content/Game_ThePerfectDate/Meshes/Dep/Textures/Plastic_08.ubulk" 2475
"C:/Users/1869771/Documents/GitHub/Martel_Ju_TP2_sans_lfs/Content/Game_ThePerfectDate/Meshes/Dep/Textures/Plastic_08.uasset" 2476
"C:/Users/1869771/Documents/GitHub/Martel_Ju_TP2_sans_lfs/Content/Game_ThePerfectDate/Meshes/Dep/Textures/Plastic_08.uexp" 2477
"C:/Users/1869771/Documents/GitHub/Martel_Ju_TP2_sans_lfs/Content/Game_ThePerfectDate/Materials/Vertex_Snapping/MI_Congelateur.uasset" 2478
"C:/Users/1869771/Documents/GitHub/Martel_Ju_TP2_sans_lfs/Content/Game_ThePerfectDate/Materials/Vertex_Snapping/MI_Congelateur.uexp" 2479
"C:/Users/1869771/Documents/GitHub/Martel_Ju_TP2_sans_lfs/Content/Game_ThePerfectDate/Meshes/Dep/Textures/Plastic.uasset" 2480
"C:/Users/1869771/Documents/GitHub/Martel_Ju_TP2_sans_lfs/Content/Game_ThePerfectDate/Meshes/Dep/Textures/Plastic.uexp" 2481
"C:/Users/1869771/Documents/GitHub/Martel_Ju_TP2_sans_lfs/Content/Game_ThePerfectDate/Materials/Vertex_Snapping/MI_Congelateur2.uasset" 2482
"C:/Users/1869771/Documents/GitHub/Martel_Ju_TP2_sans_lfs/Content/Game_ThePerfectDate/Materials/Vertex_Snapping/MI_Congelateur2.uexp" 2483
"C:/Users/1869771/Documents/GitHub/Martel_Ju_TP2_sans_lfs/Content/Game_ThePerfectDate/Meshes/Dep/Textures/Control.uasset" 2484
"C:/Users/1869771/Documents/GitHub/Martel_Ju_TP2_sans_lfs/Content/Game_ThePerfectDate/Meshes/Dep/Textures/Control.uexp" 2485
"C:/Users/1869771/Documents/GitHub/Martel_Ju_TP2_sans_lfs/Content/Game_ThePerfectDate/Materials/Vertex_Snapping/MI_Controls_Dep.uasset" 2486
"C:/Users/1869771/Documents/GitHub/Martel_Ju_TP2_sans_lfs/Content/Game_ThePerfectDate/Materials/Vertex_Snapping/MI_Controls_Dep.uexp" 2487
"C:/Users/1869771/Documents/GitHub/Martel_Ju_TP2_sans_lfs/Content/Game_ThePerfectDate/Meshes/Dep/Textures/Sign.uasset" 2488
"C:/Users/1869771/Documents/GitHub/Martel_Ju_TP2_sans_lfs/Content/Game_ThePerfectDate/Meshes/Dep/Textures/Sign.uexp" 2489
"C:/Users/1869771/Documents/GitHub/Martel_Ju_TP2_sans_lfs/Content/Game_ThePerfectDate/Materials/Vertex_Snapping/MI_Dep.uasset" 2490
"C:/Users/1869771/Documents/GitHub/Martel_Ju_TP2_sans_lfs/Content/Game_ThePerfectDate/Materials/Vertex_Snapping/MI_Dep.uexp" 2491
"C:/Users/1869771/Documents/GitHub/Martel_Ju_TP2_sans_lfs/Content/Game_ThePerfectDate/Meshes/Pizza/Scene/Pizzeria_Scene/Textures/wood_planks.ubulk" 2492
"C:/Users/1869771/Documents/GitHub/Martel_Ju_TP2_sans_lfs/Content/Game_ThePerfectDate/Meshes/Pizza/Scene/Pizzeria_Scene/Textures/wood_planks.uasset" 2493
"C:/Users/1869771/Documents/GitHub/Martel_Ju_TP2_sans_lfs/Content/Game_ThePerfectDate/Meshes/Pizza/Scene/Pizzeria_Scene/Textures/wood_planks.uexp" 2494
"C:/Users/1869771/Documents/GitHub/Martel_Ju_TP2_sans_lfs/Content/Game_ThePerfectDate/Materials/Vertex_Snapping/MI_Dep_wood.uasset" 2495
"C:/Users/1869771/Documents/GitHub/Martel_Ju_TP2_sans_lfs/Content/Game_ThePerfectDate/Materials/Vertex_Snapping/MI_Dep_wood.uexp" 2496
"C:/Users/1869771/Documents/GitHub/Martel_Ju_TP2_sans_lfs/Content/Game_ThePerfectDate/Meshes/Pizza/Scene/Pizzeria_Scene/Textures/Wood.ubulk" 2497
"C:/Users/1869771/Documents/GitHub/Martel_Ju_TP2_sans_lfs/Content/Game_ThePerfectDate/Meshes/Pizza/Scene/Pizzeria_Scene/Textures/Wood.uasset" 2498
"C:/Users/1869771/Documents/GitHub/Martel_Ju_TP2_sans_lfs/Content/Game_ThePerfectDate/Meshes/Pizza/Scene/Pizzeria_Scene/Textures/Wood.uexp" 2499
"C:/Users/1869771/Documents/GitHub/Martel_Ju_TP2_sans_lfs/Content/Game_ThePerfectDate/Materials/Vertex_Snapping/MI_Dep_Wood2.uasset" 2500
"C:/Users/1869771/Documents/GitHub/Martel_Ju_TP2_sans_lfs/Content/Game_ThePerfectDate/Materials/Vertex_Snapping/MI_Dep_Wood2.uexp" 2501
"C:/Users/1869771/Documents/GitHub/Martel_Ju_TP2_sans_lfs/Content/Game_ThePerfectDate/Meshes/Bus/Metro_PSX/Textures/Vending_machine.ubulk" 2502
"C:/Users/1869771/Documents/GitHub/Martel_Ju_TP2_sans_lfs/Content/Game_ThePerfectDate/Meshes/Bus/Metro_PSX/Textures/Vending_machine.uasset" 2503
"C:/Users/1869771/Documents/GitHub/Martel_Ju_TP2_sans_lfs/Content/Game_ThePerfectDate/Meshes/Bus/Metro_PSX/Textures/Vending_machine.uexp" 2504
"C:/Users/1869771/Documents/GitHub/Martel_Ju_TP2_sans_lfs/Content/Game_ThePerfectDate/Materials/Vertex_Snapping/MI_Distributrice.uasset" 2505
"C:/Users/1869771/Documents/GitHub/Martel_Ju_TP2_sans_lfs/Content/Game_ThePerfectDate/Materials/Vertex_Snapping/MI_Distributrice.uexp" 2506
"C:/Users/1869771/Documents/GitHub/Martel_Ju_TP2_sans_lfs/Content/Game_ThePerfectDate/Meshes/Furnitures/Trailer/Textures/Metal_Fence.uasset" 2507
"C:/Users/1869771/Documents/GitHub/Martel_Ju_TP2_sans_lfs/Content/Game_ThePerfectDate/Meshes/Furnitures/Trailer/Textures/Metal_Fence.uexp" 2508
"C:/Users/1869771/Documents/GitHub/Martel_Ju_TP2_sans_lfs/Content/Game_ThePerfectDate/Materials/Vertex_Snapping/MI_Fence.uasset" 2509
"C:/Users/1869771/Documents/GitHub/Martel_Ju_TP2_sans_lfs/Content/Game_ThePerfectDate/Materials/Vertex_Snapping/MI_Fence.uexp" 2510
"C:/Users/1869771/Documents/GitHub/Martel_Ju_TP2_sans_lfs/Content/Game_ThePerfectDate/Meshes/Dep/Textures/Food_shelf.uasset" 2511
"C:/Users/1869771/Documents/GitHub/Martel_Ju_TP2_sans_lfs/Content/Game_ThePerfectDate/Meshes/Dep/Textures/Food_shelf.uexp" 2512
"C:/Users/1869771/Documents/GitHub/Martel_Ju_TP2_sans_lfs/Content/Game_ThePerfectDate/Materials/Vertex_Snapping/MI_Food.uasset" 2513
"C:/Users/1869771/Documents/GitHub/Martel_Ju_TP2_sans_lfs/Content/Game_ThePerfectDate/Materials/Vertex_Snapping/MI_Food.uexp" 2514
"C:/Users/1869771/Documents/GitHub/Martel_Ju_TP2_sans_lfs/Content/Game_ThePerfectDate/Meshes/Dep/Textures/Food_shelf_02.uasset" 2515
"C:/Users/1869771/Documents/GitHub/Martel_Ju_TP2_sans_lfs/Content/Game_ThePerfectDate/Meshes/Dep/Textures/Food_shelf_02.uexp" 2516
"C:/Users/1869771/Documents/GitHub/Martel_Ju_TP2_sans_lfs/Content/Game_ThePerfectDate/Materials/Vertex_Snapping/MI_Food2.uasset" 2517
"C:/Users/1869771/Documents/GitHub/Martel_Ju_TP2_sans_lfs/Content/Game_ThePerfectDate/Materials/Vertex_Snapping/MI_Food2.uexp" 2518
"C:/Users/1869771/Documents/GitHub/Martel_Ju_TP2_sans_lfs/Content/Game_ThePerfectDate/Meshes/Dep/Textures/Food_shelf_04.uasset" 2519
"C:/Users/1869771/Documents/GitHub/Martel_Ju_TP2_sans_lfs/Content/Game_ThePerfectDate/Meshes/Dep/Textures/Food_shelf_04.uexp" 2520
"C:/Users/1869771/Documents/GitHub/Martel_Ju_TP2_sans_lfs/Content/Game_ThePerfectDate/Materials/Vertex_Snapping/MI_Food4.uasset" 2521
"C:/Users/1869771/Documents/GitHub/Martel_Ju_TP2_sans_lfs/Content/Game_ThePerfectDate/Materials/Vertex_Snapping/MI_Food4.uexp" 2522
"C:/Users/1869771/Documents/GitHub/Martel_Ju_TP2_sans_lfs/Content/Game_ThePerfectDate/Meshes/Pizza/Scene/Pizzeria_Scene/Textures/Pizza_box.ubulk" 2523
"C:/Users/1869771/Documents/GitHub/Martel_Ju_TP2_sans_lfs/Content/Game_ThePerfectDate/Meshes/Pizza/Scene/Pizzeria_Scene/Textures/Pizza_box.uasset" 2524
"C:/Users/1869771/Documents/GitHub/Martel_Ju_TP2_sans_lfs/Content/Game_ThePerfectDate/Meshes/Pizza/Scene/Pizzeria_Scene/Textures/Pizza_box.uexp" 2525
"C:/Users/1869771/Documents/GitHub/Martel_Ju_TP2_sans_lfs/Content/Game_ThePerfectDate/Materials/Vertex_Snapping/MI_FoodFin.uasset" 2526
"C:/Users/1869771/Documents/GitHub/Martel_Ju_TP2_sans_lfs/Content/Game_ThePerfectDate/Materials/Vertex_Snapping/MI_FoodFin.uexp" 2527
"C:/Users/1869771/Documents/GitHub/Martel_Ju_TP2_sans_lfs/Content/Game_ThePerfectDate/Meshes/Dep/Textures/Store_fridge.uasset" 2528
"C:/Users/1869771/Documents/GitHub/Martel_Ju_TP2_sans_lfs/Content/Game_ThePerfectDate/Meshes/Dep/Textures/Store_fridge.uexp" 2529
"C:/Users/1869771/Documents/GitHub/Martel_Ju_TP2_sans_lfs/Content/Game_ThePerfectDate/Materials/Vertex_Snapping/MI_Fridge.uasset" 2530
"C:/Users/1869771/Documents/GitHub/Martel_Ju_TP2_sans_lfs/Content/Game_ThePerfectDate/Materials/Vertex_Snapping/MI_Fridge.uexp" 2531
"C:/Users/1869771/Documents/GitHub/Martel_Ju_TP2_sans_lfs/Content/Game_ThePerfectDate/Meshes/Dep/Textures/Refrigerators.uasset" 2532
"C:/Users/1869771/Documents/GitHub/Martel_Ju_TP2_sans_lfs/Content/Game_ThePerfectDate/Meshes/Dep/Textures/Refrigerators.uexp" 2533
"C:/Users/1869771/Documents/GitHub/Martel_Ju_TP2_sans_lfs/Content/Game_ThePerfectDate/Materials/Vertex_Snapping/MI_Fridge2.uasset" 2534
"C:/Users/1869771/Documents/GitHub/Martel_Ju_TP2_sans_lfs/Content/Game_ThePerfectDate/Materials/Vertex_Snapping/MI_Fridge2.uexp" 2535
"C:/Users/1869771/Documents/GitHub/Martel_Ju_TP2_sans_lfs/Content/Game_ThePerfectDate/Meshes/Furnitures/Trailer/Textures/Grass.ubulk" 2536
"C:/Users/1869771/Documents/GitHub/Martel_Ju_TP2_sans_lfs/Content/Game_ThePerfectDate/Meshes/Furnitures/Trailer/Textures/Grass.uasset" 2537
"C:/Users/1869771/Documents/GitHub/Martel_Ju_TP2_sans_lfs/Content/Game_ThePerfectDate/Meshes/Furnitures/Trailer/Textures/Grass.uexp" 2538
"C:/Users/1869771/Documents/GitHub/Martel_Ju_TP2_sans_lfs/Content/Game_ThePerfectDate/Materials/Vertex_Snapping/MI_Grass.uasset" 2539
"C:/Users/1869771/Documents/GitHub/Martel_Ju_TP2_sans_lfs/Content/Game_ThePerfectDate/Materials/Vertex_Snapping/MI_Grass.uexp" 2540
"C:/Users/1869771/Documents/GitHub/Martel_Ju_TP2_sans_lfs/Content/Game_ThePerfectDate/Meshes/Furnitures/PSX2/Texture/Metal_14.ubulk" 2541
"C:/Users/1869771/Documents/GitHub/Martel_Ju_TP2_sans_lfs/Content/Game_ThePerfectDate/Meshes/Furnitures/PSX2/Texture/Metal_14.uasset" 2542
"C:/Users/1869771/Documents/GitHub/Martel_Ju_TP2_sans_lfs/Content/Game_ThePerfectDate/Meshes/Furnitures/PSX2/Texture/Metal_14.uexp" 2543
"C:/Users/1869771/Documents/GitHub/Martel_Ju_TP2_sans_lfs/Content/Game_ThePerfectDate/Materials/Vertex_Snapping/MI_Ice.uasset" 2544
"C:/Users/1869771/Documents/GitHub/Martel_Ju_TP2_sans_lfs/Content/Game_ThePerfectDate/Materials/Vertex_Snapping/MI_Ice.uexp" 2545
"C:/Users/1869771/Documents/GitHub/Martel_Ju_TP2_sans_lfs/Content/Game_ThePerfectDate/Meshes/Bus/Bus_stop/Texture/Lamppost.ubulk" 2546
"C:/Users/1869771/Documents/GitHub/Martel_Ju_TP2_sans_lfs/Content/Game_ThePerfectDate/Meshes/Bus/Bus_stop/Texture/Lamppost.uasset" 2547
"C:/Users/1869771/Documents/GitHub/Martel_Ju_TP2_sans_lfs/Content/Game_ThePerfectDate/Meshes/Bus/Bus_stop/Texture/Lamppost.uexp" 2548
"C:/Users/1869771/Documents/GitHub/Martel_Ju_TP2_sans_lfs/Content/Game_ThePerfectDate/Materials/Vertex_Snapping/MI_Lamppost.uasset" 2549
"C:/Users/1869771/Documents/GitHub/Martel_Ju_TP2_sans_lfs/Content/Game_ThePerfectDate/Materials/Vertex_Snapping/MI_Lamppost.uexp" 2550
"C:/Users/1869771/Documents/GitHub/Martel_Ju_TP2_sans_lfs/Content/Game_ThePerfectDate/Meshes/Tacos/Tacos_Props/Textures/Light_Emissor.ubulk" 2551
"C:/Users/1869771/Documents/GitHub/Martel_Ju_TP2_sans_lfs/Content/Game_ThePerfectDate/Meshes/Tacos/Tacos_Props/Textures/Light_Emissor.uasset" 2552
"C:/Users/1869771/Documents/GitHub/Martel_Ju_TP2_sans_lfs/Content/Game_ThePerfectDate/Meshes/Tacos/Tacos_Props/Textures/Light_Emissor.uexp" 2553
"C:/Users/1869771/Documents/GitHub/Martel_Ju_TP2_sans_lfs/Content/Game_ThePerfectDate/Materials/Vertex_Snapping/MI_Light.uasset" 2554
"C:/Users/1869771/Documents/GitHub/Martel_Ju_TP2_sans_lfs/Content/Game_ThePerfectDate/Materials/Vertex_Snapping/MI_Light.uexp" 2555
"C:/Users/1869771/Documents/GitHub/Martel_Ju_TP2_sans_lfs/Content/Game_ThePerfectDate/Meshes/Dep/Textures/Lights_Emissor.uasset" 2556
"C:/Users/1869771/Documents/GitHub/Martel_Ju_TP2_sans_lfs/Content/Game_ThePerfectDate/Meshes/Dep/Textures/Lights_Emissor.uexp" 2557
"C:/Users/1869771/Documents/GitHub/Martel_Ju_TP2_sans_lfs/Content/Game_ThePerfectDate/Materials/Vertex_Snapping/MI_Light_Dep.uasset" 2558
"C:/Users/1869771/Documents/GitHub/Martel_Ju_TP2_sans_lfs/Content/Game_ThePerfectDate/Materials/Vertex_Snapping/MI_Light_Dep.uexp" 2559
"C:/Users/1869771/Documents/GitHub/Martel_Ju_TP2_sans_lfs/Content/Game_ThePerfectDate/Meshes/Dep/Textures/Lottery.uasset" 2560
"C:/Users/1869771/Documents/GitHub/Martel_Ju_TP2_sans_lfs/Content/Game_ThePerfectDate/Meshes/Dep/Textures/Lottery.uexp" 2561
"C:/Users/1869771/Documents/GitHub/Martel_Ju_TP2_sans_lfs/Content/Game_ThePerfectDate/Materials/Vertex_Snapping/MI_Lotterie.uasset" 2562
"C:/Users/1869771/Documents/GitHub/Martel_Ju_TP2_sans_lfs/Content/Game_ThePerfectDate/Materials/Vertex_Snapping/MI_Lotterie.uexp" 2563
"C:/Users/1869771/Documents/GitHub/Martel_Ju_TP2_sans_lfs/Content/Game_ThePerfectDate/Meshes/Personnages/NPC/Characters_PSX/Character_06/Character_06.ubulk" 2564
"C:/Users/1869771/Documents/GitHub/Martel_Ju_TP2_sans_lfs/Content/Game_ThePerfectDate/Meshes/Personnages/NPC/Characters_PSX/Character_06/Character_06.uasset" 2565
"C:/Users/1869771/Documents/GitHub/Martel_Ju_TP2_sans_lfs/Content/Game_ThePerfectDate/Meshes/Personnages/NPC/Characters_PSX/Character_06/Character_06.uexp" 2566
"C:/Users/1869771/Documents/GitHub/Martel_Ju_TP2_sans_lfs/Content/Game_ThePerfectDate/Materials/Vertex_Snapping/MI_MadameDanse01.uasset" 2567
"C:/Users/1869771/Documents/GitHub/Martel_Ju_TP2_sans_lfs/Content/Game_ThePerfectDate/Materials/Vertex_Snapping/MI_MadameDanse01.uexp" 2568
"C:/Users/1869771/Documents/GitHub/Martel_Ju_TP2_sans_lfs/Content/Game_ThePerfectDate/Meshes/Buildings/Buildings2/buildings/Textures/buildings_texture_16.ubulk" 2569
"C:/Users/1869771/Documents/GitHub/Martel_Ju_TP2_sans_lfs/Content/Game_ThePerfectDate/Meshes/Buildings/Buildings2/buildings/Textures/buildings_texture_16.uasset" 2570
"C:/Users/1869771/Documents/GitHub/Martel_Ju_TP2_sans_lfs/Content/Game_ThePerfectDate/Meshes/Buildings/Buildings2/buildings/Textures/buildings_texture_16.uexp" 2571
"C:/Users/1869771/Documents/GitHub/Martel_Ju_TP2_sans_lfs/Content/Game_ThePerfectDate/Materials/Vertex_Snapping/MI_Material.uasset" 2572
"C:/Users/1869771/Documents/GitHub/Martel_Ju_TP2_sans_lfs/Content/Game_ThePerfectDate/Materials/Vertex_Snapping/MI_Material.uexp" 2573
"C:/Users/1869771/Documents/GitHub/Martel_Ju_TP2_sans_lfs/Content/Game_ThePerfectDate/Meshes/Buildings/Buildings2/buildings/Textures/buildings_texture_2.ubulk" 2574
"C:/Users/1869771/Documents/GitHub/Martel_Ju_TP2_sans_lfs/Content/Game_ThePerfectDate/Meshes/Buildings/Buildings2/buildings/Textures/buildings_texture_2.uasset" 2575
"C:/Users/1869771/Documents/GitHub/Martel_Ju_TP2_sans_lfs/Content/Game_ThePerfectDate/Meshes/Buildings/Buildings2/buildings/Textures/buildings_texture_2.uexp" 2576
"C:/Users/1869771/Documents/GitHub/Martel_Ju_TP2_sans_lfs/Content/Game_ThePerfectDate/Materials/Vertex_Snapping/MI_Material_014.uasset" 2577
"C:/Users/1869771/Documents/GitHub/Martel_Ju_TP2_sans_lfs/Content/Game_ThePerfectDate/Materials/Vertex_Snapping/MI_Material_014.uexp" 2578
"C:/Users/1869771/Documents/GitHub/Martel_Ju_TP2_sans_lfs/Content/Game_ThePerfectDate/Meshes/Furnitures/PSX/Textures/Metal_03.ubulk" 2579
"C:/Users/1869771/Documents/GitHub/Martel_Ju_TP2_sans_lfs/Content/Game_ThePerfectDate/Meshes/Furnitures/PSX/Textures/Metal_03.uasset" 2580
"C:/Users/1869771/Documents/GitHub/Martel_Ju_TP2_sans_lfs/Content/Game_ThePerfectDate/Meshes/Furnitures/PSX/Textures/Metal_03.uexp" 2581
"C:/Users/1869771/Documents/GitHub/Martel_Ju_TP2_sans_lfs/Content/Game_ThePerfectDate/Materials/Vertex_Snapping/MI_Metal_Light_Dep.uasset" 2582
"C:/Users/1869771/Documents/GitHub/Martel_Ju_TP2_sans_lfs/Content/Game_ThePerfectDate/Materials/Vertex_Snapping/MI_Metal_Light_Dep.uexp" 2583
"C:/Users/1869771/Documents/GitHub/Martel_Ju_TP2_sans_lfs/Content/Game_ThePerfectDate/Meshes/Pizza/Scene/Pizzeria_Scene/Textures/TilesPlain.uasset" 2584
"C:/Users/1869771/Documents/GitHub/Martel_Ju_TP2_sans_lfs/Content/Game_ThePerfectDate/Meshes/Pizza/Scene/Pizzeria_Scene/Textures/TilesPlain.uexp" 2585
"C:/Users/1869771/Documents/GitHub/Martel_Ju_TP2_sans_lfs/Content/Game_ThePerfectDate/Materials/Vertex_Snapping/MI_Mur_Brique.uasset" 2586
"C:/Users/1869771/Documents/GitHub/Martel_Ju_TP2_sans_lfs/Content/Game_ThePerfectDate/Materials/Vertex_Snapping/MI_Mur_Brique.uexp" 2587
"C:/Users/1869771/Documents/GitHub/Martel_Ju_TP2_sans_lfs/Content/Game_ThePerfectDate/Meshes/Dep/Textures/Plaste.ubulk" 2588
"C:/Users/1869771/Documents/GitHub/Martel_Ju_TP2_sans_lfs/Content/Game_ThePerfectDate/Meshes/Dep/Textures/Plaste.uasset" 2589
"C:/Users/1869771/Documents/GitHub/Martel_Ju_TP2_sans_lfs/Content/Game_ThePerfectDate/Meshes/Dep/Textures/Plaste.uexp" 2590
"C:/Users/1869771/Documents/GitHub/Martel_Ju_TP2_sans_lfs/Content/Game_ThePerfectDate/Materials/Vertex_Snapping/MI_Mur_Dep.uasset" 2591
"C:/Users/1869771/Documents/GitHub/Martel_Ju_TP2_sans_lfs/Content/Game_ThePerfectDate/Materials/Vertex_Snapping/MI_Mur_Dep.uexp" 2592
"C:/Users/1869771/Documents/GitHub/Martel_Ju_TP2_sans_lfs/Content/Game_ThePerfectDate/Meshes/Dep/Textures/Office.ubulk" 2593
"C:/Users/1869771/Documents/GitHub/Martel_Ju_TP2_sans_lfs/Content/Game_ThePerfectDate/Meshes/Dep/Textures/Office.uasset" 2594
"C:/Users/1869771/Documents/GitHub/Martel_Ju_TP2_sans_lfs/Content/Game_ThePerfectDate/Meshes/Dep/Textures/Office.uexp" 2595
"C:/Users/1869771/Documents/GitHub/Martel_Ju_TP2_sans_lfs/Content/Game_ThePerfectDate/Materials/Vertex_Snapping/MI_Plafond_Dep.uasset" 2596
"C:/Users/1869771/Documents/GitHub/Martel_Ju_TP2_sans_lfs/Content/Game_ThePerfectDate/Materials/Vertex_Snapping/MI_Plafond_Dep.uexp" 2597
"C:/Users/1869771/Documents/GitHub/Martel_Ju_TP2_sans_lfs/Content/Game_ThePerfectDate/Meshes/Dep/Textures/Door.uasset" 2598
"C:/Users/1869771/Documents/GitHub/Martel_Ju_TP2_sans_lfs/Content/Game_ThePerfectDate/Meshes/Dep/Textures/Door.uexp" 2599
"C:/Users/1869771/Documents/GitHub/Martel_Ju_TP2_sans_lfs/Content/Game_ThePerfectDate/Materials/Vertex_Snapping/MI_Porte_Dep.uasset" 2600
"C:/Users/1869771/Documents/GitHub/Martel_Ju_TP2_sans_lfs/Content/Game_ThePerfectDate/Materials/Vertex_Snapping/MI_Porte_Dep.uexp" 2601
"C:/Users/1869771/Documents/GitHub/Martel_Ju_TP2_sans_lfs/Content/Game_ThePerfectDate/Meshes/Bus/Metro_PSX/Textures/Posters.uasset" 2602
"C:/Users/1869771/Documents/GitHub/Martel_Ju_TP2_sans_lfs/Content/Game_ThePerfectDate/Meshes/Bus/Metro_PSX/Textures/Posters.uexp" 2603
"C:/Users/1869771/Documents/GitHub/Martel_Ju_TP2_sans_lfs/Content/Game_ThePerfectDate/Materials/Vertex_Snapping/MI_Poster.uasset" 2604
"C:/Users/1869771/Documents/GitHub/Martel_Ju_TP2_sans_lfs/Content/Game_ThePerfectDate/Materials/Vertex_Snapping/MI_Poster.uexp" 2605
"C:/Users/1869771/Documents/GitHub/Martel_Ju_TP2_sans_lfs/Content/Game_ThePerfectDate/Meshes/Buildings/Buildings/Textures/Roof_tiles.ubulk" 2606
"C:/Users/1869771/Documents/GitHub/Martel_Ju_TP2_sans_lfs/Content/Game_ThePerfectDate/Meshes/Buildings/Buildings/Textures/Roof_tiles.uasset" 2607
"C:/Users/1869771/Documents/GitHub/Martel_Ju_TP2_sans_lfs/Content/Game_ThePerfectDate/Meshes/Buildings/Buildings/Textures/Roof_tiles.uexp" 2608
"C:/Users/1869771/Documents/GitHub/Martel_Ju_TP2_sans_lfs/Content/Game_ThePerfectDate/Materials/Vertex_Snapping/MI_Roof_Tiles.uasset" 2609
"C:/Users/1869771/Documents/GitHub/Martel_Ju_TP2_sans_lfs/Content/Game_ThePerfectDate/Materials/Vertex_Snapping/MI_Roof_Tiles.uexp" 2610
"C:/Users/1869771/Documents/GitHub/Martel_Ju_TP2_sans_lfs/Content/Game_ThePerfectDate/Meshes/Pizza/Scene/Pizzeria_Scene/Textures/Road.ubulk" 2611
"C:/Users/1869771/Documents/GitHub/Martel_Ju_TP2_sans_lfs/Content/Game_ThePerfectDate/Meshes/Pizza/Scene/Pizzeria_Scene/Textures/Road.uasset" 2612
"C:/Users/1869771/Documents/GitHub/Martel_Ju_TP2_sans_lfs/Content/Game_ThePerfectDate/Meshes/Pizza/Scene/Pizzeria_Scene/Textures/Road.uexp" 2613
"C:/Users/1869771/Documents/GitHub/Martel_Ju_TP2_sans_lfs/Content/Game_ThePerfectDate/Materials/Vertex_Snapping/MI_Route.uasset" 2614
"C:/Users/1869771/Documents/GitHub/Martel_Ju_TP2_sans_lfs/Content/Game_ThePerfectDate/Materials/Vertex_Snapping/MI_Route.uexp" 2615
"C:/Users/1869771/Documents/GitHub/Martel_Ju_TP2_sans_lfs/Content/Game_ThePerfectDate/Meshes/Bus/Bus_stop/Texture/Seating_01.ubulk" 2616
"C:/Users/1869771/Documents/GitHub/Martel_Ju_TP2_sans_lfs/Content/Game_ThePerfectDate/Meshes/Bus/Bus_stop/Texture/Seating_01.uasset" 2617
"C:/Users/1869771/Documents/GitHub/Martel_Ju_TP2_sans_lfs/Content/Game_ThePerfectDate/Meshes/Bus/Bus_stop/Texture/Seating_01.uexp" 2618
"C:/Users/1869771/Documents/GitHub/Martel_Ju_TP2_sans_lfs/Content/Game_ThePerfectDate/Materials/Vertex_Snapping/MI_Seat.uasset" 2619
"C:/Users/1869771/Documents/GitHub/Martel_Ju_TP2_sans_lfs/Content/Game_ThePerfectDate/Materials/Vertex_Snapping/MI_Seat.uexp" 2620
"C:/Users/1869771/Documents/GitHub/Martel_Ju_TP2_sans_lfs/Content/Game_ThePerfectDate/Meshes/Bus/Bus_stop/Texture/Seating.ubulk" 2621
"C:/Users/1869771/Documents/GitHub/Martel_Ju_TP2_sans_lfs/Content/Game_ThePerfectDate/Meshes/Bus/Bus_stop/Texture/Seating.uasset" 2622
"C:/Users/1869771/Documents/GitHub/Martel_Ju_TP2_sans_lfs/Content/Game_ThePerfectDate/Meshes/Bus/Bus_stop/Texture/Seating.uexp" 2623
"C:/Users/1869771/Documents/GitHub/Martel_Ju_TP2_sans_lfs/Content/Game_ThePerfectDate/Materials/Vertex_Snapping/MI_Seats.uasset" 2624
"C:/Users/1869771/Documents/GitHub/Martel_Ju_TP2_sans_lfs/Content/Game_ThePerfectDate/Materials/Vertex_Snapping/MI_Seats.uexp" 2625
"C:/Users/1869771/Documents/GitHub/Martel_Ju_TP2_sans_lfs/Content/Game_ThePerfectDate/Meshes/Buildings/Buildings/Textures/Shops_28.uasset" 2626
"C:/Users/1869771/Documents/GitHub/Martel_Ju_TP2_sans_lfs/Content/Game_ThePerfectDate/Meshes/Buildings/Buildings/Textures/Shops_28.uexp" 2627
"C:/Users/1869771/Documents/GitHub/Martel_Ju_TP2_sans_lfs/Content/Game_ThePerfectDate/Materials/Vertex_Snapping/MI_Shop_28.uasset" 2628
"C:/Users/1869771/Documents/GitHub/Martel_Ju_TP2_sans_lfs/Content/Game_ThePerfectDate/Materials/Vertex_Snapping/MI_Shop_28.uexp" 2629
"C:/Users/1869771/Documents/GitHub/Martel_Ju_TP2_sans_lfs/Content/Game_ThePerfectDate/Meshes/Buildings/Buildings/Textures/Shops_29.uasset" 2630
"C:/Users/1869771/Documents/GitHub/Martel_Ju_TP2_sans_lfs/Content/Game_ThePerfectDate/Meshes/Buildings/Buildings/Textures/Shops_29.uexp" 2631
"C:/Users/1869771/Documents/GitHub/Martel_Ju_TP2_sans_lfs/Content/Game_ThePerfectDate/Materials/Vertex_Snapping/MI_Shop_29.uasset" 2632
"C:/Users/1869771/Documents/GitHub/Martel_Ju_TP2_sans_lfs/Content/Game_ThePerfectDate/Materials/Vertex_Snapping/MI_Shop_29.uexp" 2633
"C:/Users/1869771/Documents/GitHub/Martel_Ju_TP2_sans_lfs/Content/Game_ThePerfectDate/Meshes/Buildings/Buildings/Textures/Shops_30.uasset" 2634
"C:/Users/1869771/Documents/GitHub/Martel_Ju_TP2_sans_lfs/Content/Game_ThePerfectDate/Meshes/Buildings/Buildings/Textures/Shops_30.uexp" 2635
"C:/Users/1869771/Documents/GitHub/Martel_Ju_TP2_sans_lfs/Content/Game_ThePerfectDate/Materials/Vertex_Snapping/MI_Shop_30.uasset" 2636
"C:/Users/1869771/Documents/GitHub/Martel_Ju_TP2_sans_lfs/Content/Game_ThePerfectDate/Materials/Vertex_Snapping/MI_Shop_30.uexp" 2637
"C:/Users/1869771/Documents/GitHub/Martel_Ju_TP2_sans_lfs/Content/Game_ThePerfectDate/Meshes/Buildings/Buildings/Textures/Shops_31.uasset" 2638
"C:/Users/1869771/Documents/GitHub/Martel_Ju_TP2_sans_lfs/Content/Game_ThePerfectDate/Meshes/Buildings/Buildings/Textures/Shops_31.uexp" 2639
"C:/Users/1869771/Documents/GitHub/Martel_Ju_TP2_sans_lfs/Content/Game_ThePerfectDate/Materials/Vertex_Snapping/MI_Shop_31.uasset" 2640
"C:/Users/1869771/Documents/GitHub/Martel_Ju_TP2_sans_lfs/Content/Game_ThePerfectDate/Materials/Vertex_Snapping/MI_Shop_31.uexp" 2641
"C:/Users/1869771/Documents/GitHub/Martel_Ju_TP2_sans_lfs/Content/Game_ThePerfectDate/Meshes/Buildings/Buildings/Textures/Shops_03.uasset" 2642
"C:/Users/1869771/Documents/GitHub/Martel_Ju_TP2_sans_lfs/Content/Game_ThePerfectDate/Meshes/Buildings/Buildings/Textures/Shops_03.uexp" 2643
"C:/Users/1869771/Documents/GitHub/Martel_Ju_TP2_sans_lfs/Content/Game_ThePerfectDate/Materials/Vertex_Snapping/MI_Shop_03.uasset" 2644
"C:/Users/1869771/Documents/GitHub/Martel_Ju_TP2_sans_lfs/Content/Game_ThePerfectDate/Materials/Vertex_Snapping/MI_Shop_03.uexp" 2645
"C:/Users/1869771/Documents/GitHub/Martel_Ju_TP2_sans_lfs/Content/Game_ThePerfectDate/Meshes/Buildings/Buildings/Textures/Shops_04.uasset" 2646
"C:/Users/1869771/Documents/GitHub/Martel_Ju_TP2_sans_lfs/Content/Game_ThePerfectDate/Meshes/Buildings/Buildings/Textures/Shops_04.uexp" 2647
"C:/Users/1869771/Documents/GitHub/Martel_Ju_TP2_sans_lfs/Content/Game_ThePerfectDate/Materials/Vertex_Snapping/MI_Shop_04.uasset" 2648
"C:/Users/1869771/Documents/GitHub/Martel_Ju_TP2_sans_lfs/Content/Game_ThePerfectDate/Materials/Vertex_Snapping/MI_Shop_04.uexp" 2649
"C:/Users/1869771/Documents/GitHub/Martel_Ju_TP2_sans_lfs/Content/Game_ThePerfectDate/Meshes/Buildings/Buildings/Textures/Shops_05.uasset" 2650
"C:/Users/1869771/Documents/GitHub/Martel_Ju_TP2_sans_lfs/Content/Game_ThePerfectDate/Meshes/Buildings/Buildings/Textures/Shops_05.uexp" 2651
"C:/Users/1869771/Documents/GitHub/Martel_Ju_TP2_sans_lfs/Content/Game_ThePerfectDate/Materials/Vertex_Snapping/MI_Shop_05.uasset" 2652
"C:/Users/1869771/Documents/GitHub/Martel_Ju_TP2_sans_lfs/Content/Game_ThePerfectDate/Materials/Vertex_Snapping/MI_Shop_05.uexp" 2653
"C:/Users/1869771/Documents/GitHub/Martel_Ju_TP2_sans_lfs/Content/Game_ThePerfectDate/Meshes/Pizza/Scene/Pizzeria_Scene/Textures/Sidewalk_01.uasset" 2654
"C:/Users/1869771/Documents/GitHub/Martel_Ju_TP2_sans_lfs/Content/Game_ThePerfectDate/Meshes/Pizza/Scene/Pizzeria_Scene/Textures/Sidewalk_01.uexp" 2655
"C:/Users/1869771/Documents/GitHub/Martel_Ju_TP2_sans_lfs/Content/Game_ThePerfectDate/Materials/Vertex_Snapping/MI_Sidewalk.uasset" 2656
"C:/Users/1869771/Documents/GitHub/Martel_Ju_TP2_sans_lfs/Content/Game_ThePerfectDate/Materials/Vertex_Snapping/MI_Sidewalk.uexp" 2657
"C:/Users/1869771/Documents/GitHub/Martel_Ju_TP2_sans_lfs/Content/Game_ThePerfectDate/Meshes/Dep/Textures/6twelve.ubulk" 2658
"C:/Users/1869771/Documents/GitHub/Martel_Ju_TP2_sans_lfs/Content/Game_ThePerfectDate/Meshes/Dep/Textures/6twelve.uasset" 2659
"C:/Users/1869771/Documents/GitHub/Martel_Ju_TP2_sans_lfs/Content/Game_ThePerfectDate/Meshes/Dep/Textures/6twelve.uexp" 2660
"C:/Users/1869771/Documents/GitHub/Martel_Ju_TP2_sans_lfs/Content/Game_ThePerfectDate/Materials/Vertex_Snapping/MI_Sign_Dep.uasset" 2661
"C:/Users/1869771/Documents/GitHub/Martel_Ju_TP2_sans_lfs/Content/Game_ThePerfectDate/Materials/Vertex_Snapping/MI_Sign_Dep.uexp" 2662
"C:/Users/1869771/Documents/GitHub/Martel_Ju_TP2_sans_lfs/Content/Game_ThePerfectDate/Meshes/Tacos/Tacos_Props/Textures/Sodas.ubulk" 2663
"C:/Users/1869771/Documents/GitHub/Martel_Ju_TP2_sans_lfs/Content/Game_ThePerfectDate/Meshes/Tacos/Tacos_Props/Textures/Sodas.uasset" 2664
"C:/Users/1869771/Documents/GitHub/Martel_Ju_TP2_sans_lfs/Content/Game_ThePerfectDate/Meshes/Tacos/Tacos_Props/Textures/Sodas.uexp" 2665
"C:/Users/1869771/Documents/GitHub/Martel_Ju_TP2_sans_lfs/Content/Game_ThePerfectDate/Materials/Vertex_Snapping/MI_Soda.uasset" 2666
"C:/Users/1869771/Documents/GitHub/Martel_Ju_TP2_sans_lfs/Content/Game_ThePerfectDate/Materials/Vertex_Snapping/MI_Soda.uexp" 2667
"C:/Users/1869771/Documents/GitHub/Martel_Ju_TP2_sans_lfs/Content/Game_ThePerfectDate/Meshes/Dep/Textures/Cigars.uasset" 2668
"C:/Users/1869771/Documents/GitHub/Martel_Ju_TP2_sans_lfs/Content/Game_ThePerfectDate/Meshes/Dep/Textures/Cigars.uexp" 2669
"C:/Users/1869771/Documents/GitHub/Martel_Ju_TP2_sans_lfs/Content/Game_ThePerfectDate/Materials/Vertex_Snapping/MI_Tabac.uasset" 2670
"C:/Users/1869771/Documents/GitHub/Martel_Ju_TP2_sans_lfs/Content/Game_ThePerfectDate/Materials/Vertex_Snapping/MI_Tabac.uexp" 2671
"C:/Users/1869771/Documents/GitHub/Martel_Ju_TP2_sans_lfs/Content/Game_ThePerfectDate/Meshes/Tacos/Tacos_Props/Textures/Public_phone.ubulk" 2672
"C:/Users/1869771/Documents/GitHub/Martel_Ju_TP2_sans_lfs/Content/Game_ThePerfectDate/Meshes/Tacos/Tacos_Props/Textures/Public_phone.uasset" 2673
"C:/Users/1869771/Documents/GitHub/Martel_Ju_TP2_sans_lfs/Content/Game_ThePerfectDate/Meshes/Tacos/Tacos_Props/Textures/Public_phone.uexp" 2674
"C:/Users/1869771/Documents/GitHub/Martel_Ju_TP2_sans_lfs/Content/Game_ThePerfectDate/Materials/Vertex_Snapping/MI_TelephonePublique.uasset" 2675
"C:/Users/1869771/Documents/GitHub/Martel_Ju_TP2_sans_lfs/Content/Game_ThePerfectDate/Materials/Vertex_Snapping/MI_TelephonePublique.uexp" 2676
"C:/Users/1869771/Documents/GitHub/Martel_Ju_TP2_sans_lfs/Content/Game_ThePerfectDate/Meshes/Furnitures/PSX2/Texture/Deposits.uasset" 2677
"C:/Users/1869771/Documents/GitHub/Martel_Ju_TP2_sans_lfs/Content/Game_ThePerfectDate/Meshes/Furnitures/PSX2/Texture/Deposits.uexp" 2678
"C:/Users/1869771/Documents/GitHub/Martel_Ju_TP2_sans_lfs/Content/Game_ThePerfectDate/Materials/Vertex_Snapping/MI_Trash.uasset" 2679
"C:/Users/1869771/Documents/GitHub/Martel_Ju_TP2_sans_lfs/Content/Game_ThePerfectDate/Materials/Vertex_Snapping/MI_Trash.uexp" 2680
"C:/Users/1869771/Documents/GitHub/Martel_Ju_TP2_sans_lfs/Content/Game_ThePerfectDate/Meshes/Dep/Textures/Trash_01.uasset" 2681
"C:/Users/1869771/Documents/GitHub/Martel_Ju_TP2_sans_lfs/Content/Game_ThePerfectDate/Meshes/Dep/Textures/Trash_01.uexp" 2682
"C:/Users/1869771/Documents/GitHub/Martel_Ju_TP2_sans_lfs/Content/Game_ThePerfectDate/Materials/Vertex_Snapping/MI_Trash2.uasset" 2683
"C:/Users/1869771/Documents/GitHub/Martel_Ju_TP2_sans_lfs/Content/Game_ThePerfectDate/Materials/Vertex_Snapping/MI_Trash2.uexp" 2684
"C:/Users/1869771/Documents/GitHub/Martel_Ju_TP2_sans_lfs/Content/Game_ThePerfectDate/Meshes/Pizza/Scene/Pizzeria_Scene/Textures/Trash_.ubulk" 2685
"C:/Users/1869771/Documents/GitHub/Martel_Ju_TP2_sans_lfs/Content/Game_ThePerfectDate/Meshes/Pizza/Scene/Pizzeria_Scene/Textures/Trash_.uasset" 2686
"C:/Users/1869771/Documents/GitHub/Martel_Ju_TP2_sans_lfs/Content/Game_ThePerfectDate/Meshes/Pizza/Scene/Pizzeria_Scene/Textures/Trash_.uexp" 2687
"C:/Users/1869771/Documents/GitHub/Martel_Ju_TP2_sans_lfs/Content/Game_ThePerfectDate/Materials/Vertex_Snapping/MI_TrashBag1.uasset" 2688
"C:/Users/1869771/Documents/GitHub/Martel_Ju_TP2_sans_lfs/Content/Game_ThePerfectDate/Materials/Vertex_Snapping/MI_TrashBag1.uexp" 2689
"C:/Users/1869771/Documents/GitHub/Martel_Ju_TP2_sans_lfs/Content/Game_ThePerfectDate/Meshes/Tacos/Tacos_Props/Textures/trash_can.ubulk" 2690
"C:/Users/1869771/Documents/GitHub/Martel_Ju_TP2_sans_lfs/Content/Game_ThePerfectDate/Meshes/Tacos/Tacos_Props/Textures/trash_can.uasset" 2691
"C:/Users/1869771/Documents/GitHub/Martel_Ju_TP2_sans_lfs/Content/Game_ThePerfectDate/Meshes/Tacos/Tacos_Props/Textures/trash_can.uexp" 2692
"C:/Users/1869771/Documents/GitHub/Martel_Ju_TP2_sans_lfs/Content/Game_ThePerfectDate/Materials/Vertex_Snapping/MI_TrashBlue.uasset" 2693
"C:/Users/1869771/Documents/GitHub/Martel_Ju_TP2_sans_lfs/Content/Game_ThePerfectDate/Materials/Vertex_Snapping/MI_TrashBlue.uexp" 2694
"C:/Users/1869771/Documents/GitHub/Martel_Ju_TP2_sans_lfs/Content/Game_ThePerfectDate/Meshes/Furnitures/Trailer/Textures/trash_can_metal.ubulk" 2695
"C:/Users/1869771/Documents/GitHub/Martel_Ju_TP2_sans_lfs/Content/Game_ThePerfectDate/Meshes/Furnitures/Trailer/Textures/trash_can_metal.uasset" 2696
"C:/Users/1869771/Documents/GitHub/Martel_Ju_TP2_sans_lfs/Content/Game_ThePerfectDate/Meshes/Furnitures/Trailer/Textures/trash_can_metal.uexp" 2697
"C:/Users/1869771/Documents/GitHub/Martel_Ju_TP2_sans_lfs/Content/Game_ThePerfectDate/Materials/Vertex_Snapping/MI_TrashMetal.uasset" 2698
"C:/Users/1869771/Documents/GitHub/Martel_Ju_TP2_sans_lfs/Content/Game_ThePerfectDate/Materials/Vertex_Snapping/MI_TrashMetal.uexp" 2699
"C:/Users/1869771/Documents/GitHub/Martel_Ju_TP2_sans_lfs/Content/Game_ThePerfectDate/Materials/Vertex_Snapping/MI_Tuile_Dep.uasset" 2700
"C:/Users/1869771/Documents/GitHub/Martel_Ju_TP2_sans_lfs/Content/Game_ThePerfectDate/Materials/Vertex_Snapping/MI_Tuile_Dep.uexp" 2701
"C:/Users/1869771/Documents/GitHub/Martel_Ju_TP2_sans_lfs/Content/Game_ThePerfectDate/Meshes/Dep/Textures/outdoor_electronics.uasset" 2702
"C:/Users/1869771/Documents/GitHub/Martel_Ju_TP2_sans_lfs/Content/Game_ThePerfectDate/Meshes/Dep/Textures/outdoor_electronics.uexp" 2703
"C:/Users/1869771/Documents/GitHub/Martel_Ju_TP2_sans_lfs/Content/Game_ThePerfectDate/Materials/Vertex_Snapping/MI_Vent.uasset" 2704
"C:/Users/1869771/Documents/GitHub/Martel_Ju_TP2_sans_lfs/Content/Game_ThePerfectDate/Materials/Vertex_Snapping/MI_Vent.uexp" 2705
"C:/Users/1869771/Documents/GitHub/Martel_Ju_TP2_sans_lfs/Content/Game_ThePerfectDate/Meshes/Nature/Wood_03.ubulk" 2706
"C:/Users/1869771/Documents/GitHub/Martel_Ju_TP2_sans_lfs/Content/Game_ThePerfectDate/Meshes/Nature/Wood_03.uasset" 2707
"C:/Users/1869771/Documents/GitHub/Martel_Ju_TP2_sans_lfs/Content/Game_ThePerfectDate/Meshes/Nature/Wood_03.uexp" 2708
"C:/Users/1869771/Documents/GitHub/Martel_Ju_TP2_sans_lfs/Content/Game_ThePerfectDate/Materials/Vertex_Snapping/Nature/MI_Tronc.uasset" 2709
"C:/Users/1869771/Documents/GitHub/Martel_Ju_TP2_sans_lfs/Content/Game_ThePerfectDate/Materials/Vertex_Snapping/Nature/MI_Tronc.uexp" 2710
"C:/Users/1869771/Documents/GitHub/Martel_Ju_TP2_sans_lfs/Content/Game_ThePerfectDate/Meshes/Asset_Mix_Pack/PSX_AssetsPack2/Mailbox/mailbox/Textures/Postbox.uasset" 2711
"C:/Users/1869771/Documents/GitHub/Martel_Ju_TP2_sans_lfs/Content/Game_ThePerfectDate/Meshes/Asset_Mix_Pack/PSX_AssetsPack2/Mailbox/mailbox/Textures/Postbox.uexp" 2712
"C:/Users/1869771/Documents/GitHub/Martel_Ju_TP2_sans_lfs/Content/Game_ThePerfectDate/Meshes/Asset_Mix_Pack/PSX_AssetsPack2/Mailbox/mailbox/Materials/PostboxMaterial.uasset" 2713
"C:/Users/1869771/Documents/GitHub/Martel_Ju_TP2_sans_lfs/Content/Game_ThePerfectDate/Meshes/Asset_Mix_Pack/PSX_AssetsPack2/Mailbox/mailbox/Materials/PostboxMaterial.uexp" 2714
"C:/Users/1869771/Documents/GitHub/Martel_Ju_TP2_sans_lfs/Content/Game_ThePerfectDate/Meshes/Asset_Mix_Pack/PSX_AssetsPack2/Mailbox/mailbox/StaticMeshes/mailbox.ubulk" 2715
"C:/Users/1869771/Documents/GitHub/Martel_Ju_TP2_sans_lfs/Content/Game_ThePerfectDate/Meshes/Asset_Mix_Pack/PSX_AssetsPack2/Mailbox/mailbox/StaticMeshes/mailbox.uasset" 2716
"C:/Users/1869771/Documents/GitHub/Martel_Ju_TP2_sans_lfs/Content/Game_ThePerfectDate/Meshes/Asset_Mix_Pack/PSX_AssetsPack2/Mailbox/mailbox/StaticMeshes/mailbox.uexp" 2717
"C:/Users/1869771/Documents/GitHub/Martel_Ju_TP2_sans_lfs/Content/Game_ThePerfectDate/Meshes/Asset_Mix_Pack/PSX_AssetsPack_1_UPDATED/PSX_AssetsPack_1/Models/Bench/bench/Textures/Woddd.uasset" 2718
"C:/Users/1869771/Documents/GitHub/Martel_Ju_TP2_sans_lfs/Content/Game_ThePerfectDate/Meshes/Asset_Mix_Pack/PSX_AssetsPack_1_UPDATED/PSX_AssetsPack_1/Models/Bench/bench/Textures/Woddd.uexp" 2719
"C:/Users/1869771/Documents/GitHub/Martel_Ju_TP2_sans_lfs/Content/Game_ThePerfectDate/Meshes/Asset_Mix_Pack/PSX_AssetsPack_1_UPDATED/PSX_AssetsPack_1/Models/Bench/bench/Materials/PlanksMaterial.uasset" 2720
"C:/Users/1869771/Documents/GitHub/Martel_Ju_TP2_sans_lfs/Content/Game_ThePerfectDate/Meshes/Asset_Mix_Pack/PSX_AssetsPack_1_UPDATED/PSX_AssetsPack_1/Models/Bench/bench/Materials/PlanksMaterial.uexp" 2721
"C:/Users/1869771/Documents/GitHub/Martel_Ju_TP2_sans_lfs/Content/Game_ThePerfectDate/Meshes/Asset_Mix_Pack/PSX_AssetsPack_1_UPDATED/PSX_AssetsPack_1/Models/Bench/bench/Textures/Metal.uasset" 2722
"C:/Users/1869771/Documents/GitHub/Martel_Ju_TP2_sans_lfs/Content/Game_ThePerfectDate/Meshes/Asset_Mix_Pack/PSX_AssetsPack_1_UPDATED/PSX_AssetsPack_1/Models/Bench/bench/Textures/Metal.uexp" 2723
"C:/Users/1869771/Documents/GitHub/Martel_Ju_TP2_sans_lfs/Content/Game_ThePerfectDate/Meshes/Asset_Mix_Pack/PSX_AssetsPack_1_UPDATED/PSX_AssetsPack_1/Models/Bench/bench/Materials/Metal.uasset" 2724
"C:/Users/1869771/Documents/GitHub/Martel_Ju_TP2_sans_lfs/Content/Game_ThePerfectDate/Meshes/Asset_Mix_Pack/PSX_AssetsPack_1_UPDATED/PSX_AssetsPack_1/Models/Bench/bench/Materials/Metal.uexp" 2725
"C:/Users/1869771/Documents/GitHub/Martel_Ju_TP2_sans_lfs/Content/Game_ThePerfectDate/Meshes/Asset_Mix_Pack/PSX_AssetsPack_1_UPDATED/PSX_AssetsPack_1/Models/Bench/bench/StaticMeshes/bench.ubulk" 2726
"C:/Users/1869771/Documents/GitHub/Martel_Ju_TP2_sans_lfs/Content/Game_ThePerfectDate/Meshes/Asset_Mix_Pack/PSX_AssetsPack_1_UPDATED/PSX_AssetsPack_1/Models/Bench/bench/StaticMeshes/bench.uasset" 2727
"C:/Users/1869771/Documents/GitHub/Martel_Ju_TP2_sans_lfs/Content/Game_ThePerfectDate/Meshes/Asset_Mix_Pack/PSX_AssetsPack_1_UPDATED/PSX_AssetsPack_1/Models/Bench/bench/StaticMeshes/bench.uexp" 2728
"C:/Users/1869771/Documents/GitHub/Martel_Ju_TP2_sans_lfs/Content/Game_ThePerfectDate/Meshes/Asset_Mix_Pack/PSX_AssetsPack_1_UPDATED/PSX_AssetsPack_1/Textures/CardboardBox.ubulk" 2729
"C:/Users/1869771/Documents/GitHub/Martel_Ju_TP2_sans_lfs/Content/Game_ThePerfectDate/Meshes/Asset_Mix_Pack/PSX_AssetsPack_1_UPDATED/PSX_AssetsPack_1/Textures/CardboardBox.uasset" 2730
"C:/Users/1869771/Documents/GitHub/Martel_Ju_TP2_sans_lfs/Content/Game_ThePerfectDate/Meshes/Asset_Mix_Pack/PSX_AssetsPack_1_UPDATED/PSX_AssetsPack_1/Textures/CardboardBox.uexp" 2731
"C:/Users/1869771/Documents/GitHub/Martel_Ju_TP2_sans_lfs/Content/Game_ThePerfectDate/Meshes/Asset_Mix_Pack/PSX_AssetsPack_1_UPDATED/PSX_AssetsPack_1/Models/CardboardBox/cardboardbox/Materials/Material_001.uasset" 2732
"C:/Users/1869771/Documents/GitHub/Martel_Ju_TP2_sans_lfs/Content/Game_ThePerfectDate/Meshes/Asset_Mix_Pack/PSX_AssetsPack_1_UPDATED/PSX_AssetsPack_1/Models/CardboardBox/cardboardbox/Materials/Material_001.uexp" 2733
"C:/Users/1869771/Documents/GitHub/Martel_Ju_TP2_sans_lfs/Content/Game_ThePerfectDate/Meshes/Asset_Mix_Pack/PSX_AssetsPack_1_UPDATED/PSX_AssetsPack_1/Models/CardboardBox/cardboardbox/StaticMeshes/cardboardbox.ubulk" 2734
"C:/Users/1869771/Documents/GitHub/Martel_Ju_TP2_sans_lfs/Content/Game_ThePerfectDate/Meshes/Asset_Mix_Pack/PSX_AssetsPack_1_UPDATED/PSX_AssetsPack_1/Models/CardboardBox/cardboardbox/StaticMeshes/cardboardbox.uasset" 2735
"C:/Users/1869771/Documents/GitHub/Martel_Ju_TP2_sans_lfs/Content/Game_ThePerfectDate/Meshes/Asset_Mix_Pack/PSX_AssetsPack_1_UPDATED/PSX_AssetsPack_1/Models/CardboardBox/cardboardbox/StaticMeshes/cardboardbox.uexp" 2736
"C:/Users/1869771/Documents/GitHub/Martel_Ju_TP2_sans_lfs/Content/Game_ThePerfectDate/Meshes/Buildings/Buildings/Materials/ConcreteBare.uasset" 2737
"C:/Users/1869771/Documents/GitHub/Martel_Ju_TP2_sans_lfs/Content/Game_ThePerfectDate/Meshes/Buildings/Buildings/Materials/ConcreteBare.uexp" 2738
"C:/Users/1869771/Documents/GitHub/Martel_Ju_TP2_sans_lfs/Content/Game_ThePerfectDate/Meshes/Buildings/Buildings/Materials/Roof_tiles.uasset" 2739
"C:/Users/1869771/Documents/GitHub/Martel_Ju_TP2_sans_lfs/Content/Game_ThePerfectDate/Meshes/Buildings/Buildings/Materials/Roof_tiles.uexp" 2740
"C:/Users/1869771/Documents/GitHub/Martel_Ju_TP2_sans_lfs/Content/Game_ThePerfectDate/Meshes/Buildings/Buildings/Materials/brick_modern_03.uasset" 2741
"C:/Users/1869771/Documents/GitHub/Martel_Ju_TP2_sans_lfs/Content/Game_ThePerfectDate/Meshes/Buildings/Buildings/Materials/brick_modern_03.uexp" 2742
"C:/Users/1869771/Documents/GitHub/Martel_Ju_TP2_sans_lfs/Content/Game_ThePerfectDate/Meshes/Buildings/Buildings/Materials/building_04.uasset" 2743
"C:/Users/1869771/Documents/GitHub/Martel_Ju_TP2_sans_lfs/Content/Game_ThePerfectDate/Meshes/Buildings/Buildings/Materials/building_04.uexp" 2744
"C:/Users/1869771/Documents/GitHub/Martel_Ju_TP2_sans_lfs/Content/Game_ThePerfectDate/Meshes/Buildings/Buildings/Materials/Shops_03.uasset" 2745
"C:/Users/1869771/Documents/GitHub/Martel_Ju_TP2_sans_lfs/Content/Game_ThePerfectDate/Meshes/Buildings/Buildings/Materials/Shops_03.uexp" 2746
"C:/Users/1869771/Documents/GitHub/Martel_Ju_TP2_sans_lfs/Content/Game_ThePerfectDate/Meshes/Buildings/Buildings/Materials/Shops_04.uasset" 2747
"C:/Users/1869771/Documents/GitHub/Martel_Ju_TP2_sans_lfs/Content/Game_ThePerfectDate/Meshes/Buildings/Buildings/Materials/Shops_04.uexp" 2748
"C:/Users/1869771/Documents/GitHub/Martel_Ju_TP2_sans_lfs/Content/Game_ThePerfectDate/Meshes/Buildings/Buildings/Materials/Shops_05.uasset" 2749
"C:/Users/1869771/Documents/GitHub/Martel_Ju_TP2_sans_lfs/Content/Game_ThePerfectDate/Meshes/Buildings/Buildings/Materials/Shops_05.uexp" 2750
"C:/Users/1869771/Documents/GitHub/Martel_Ju_TP2_sans_lfs/Content/Game_ThePerfectDate/Meshes/Buildings/Buildings/StaticMeshes/Building_01.ubulk" 2751
"C:/Users/1869771/Documents/GitHub/Martel_Ju_TP2_sans_lfs/Content/Game_ThePerfectDate/Meshes/Buildings/Buildings/StaticMeshes/Building_01.uasset" 2752
"C:/Users/1869771/Documents/GitHub/Martel_Ju_TP2_sans_lfs/Content/Game_ThePerfectDate/Meshes/Buildings/Buildings/StaticMeshes/Building_01.uexp" 2753
"C:/Users/1869771/Documents/GitHub/Martel_Ju_TP2_sans_lfs/Content/Game_ThePerfectDate/Meshes/Buildings/Buildings/Textures/Shops_10.uasset" 2754
"C:/Users/1869771/Documents/GitHub/Martel_Ju_TP2_sans_lfs/Content/Game_ThePerfectDate/Meshes/Buildings/Buildings/Textures/Shops_10.uexp" 2755
"C:/Users/1869771/Documents/GitHub/Martel_Ju_TP2_sans_lfs/Content/Game_ThePerfectDate/Meshes/Buildings/Buildings/Materials/Shops_10.uasset" 2756
"C:/Users/1869771/Documents/GitHub/Martel_Ju_TP2_sans_lfs/Content/Game_ThePerfectDate/Meshes/Buildings/Buildings/Materials/Shops_10.uexp" 2757
"C:/Users/1869771/Documents/GitHub/Martel_Ju_TP2_sans_lfs/Content/Game_ThePerfectDate/Meshes/Buildings/Buildings/Textures/Shops_11.uasset" 2758
"C:/Users/1869771/Documents/GitHub/Martel_Ju_TP2_sans_lfs/Content/Game_ThePerfectDate/Meshes/Buildings/Buildings/Textures/Shops_11.uexp" 2759
"C:/Users/1869771/Documents/GitHub/Martel_Ju_TP2_sans_lfs/Content/Game_ThePerfectDate/Meshes/Buildings/Buildings/Materials/Shops_11.uasset" 2760
"C:/Users/1869771/Documents/GitHub/Martel_Ju_TP2_sans_lfs/Content/Game_ThePerfectDate/Meshes/Buildings/Buildings/Materials/Shops_11.uexp" 2761
"C:/Users/1869771/Documents/GitHub/Martel_Ju_TP2_sans_lfs/Content/Game_ThePerfectDate/Meshes/Buildings/Buildings/Textures/Shops_12.uasset" 2762
"C:/Users/1869771/Documents/GitHub/Martel_Ju_TP2_sans_lfs/Content/Game_ThePerfectDate/Meshes/Buildings/Buildings/Textures/Shops_12.uexp" 2763
"C:/Users/1869771/Documents/GitHub/Martel_Ju_TP2_sans_lfs/Content/Game_ThePerfectDate/Meshes/Buildings/Buildings/Materials/Shops_12.uasset" 2764
"C:/Users/1869771/Documents/GitHub/Martel_Ju_TP2_sans_lfs/Content/Game_ThePerfectDate/Meshes/Buildings/Buildings/Materials/Shops_12.uexp" 2765
"C:/Users/1869771/Documents/GitHub/Martel_Ju_TP2_sans_lfs/Content/Game_ThePerfectDate/Meshes/Buildings/Buildings/Textures/Shops_13.uasset" 2766
"C:/Users/1869771/Documents/GitHub/Martel_Ju_TP2_sans_lfs/Content/Game_ThePerfectDate/Meshes/Buildings/Buildings/Textures/Shops_13.uexp" 2767
"C:/Users/1869771/Documents/GitHub/Martel_Ju_TP2_sans_lfs/Content/Game_ThePerfectDate/Meshes/Buildings/Buildings/Materials/Shops_13.uasset" 2768
"C:/Users/1869771/Documents/GitHub/Martel_Ju_TP2_sans_lfs/Content/Game_ThePerfectDate/Meshes/Buildings/Buildings/Materials/Shops_13.uexp" 2769
"C:/Users/1869771/Documents/GitHub/Martel_Ju_TP2_sans_lfs/Content/Game_ThePerfectDate/Meshes/Buildings/Buildings/Textures/Shops_14.uasset" 2770
"C:/Users/1869771/Documents/GitHub/Martel_Ju_TP2_sans_lfs/Content/Game_ThePerfectDate/Meshes/Buildings/Buildings/Textures/Shops_14.uexp" 2771
"C:/Users/1869771/Documents/GitHub/Martel_Ju_TP2_sans_lfs/Content/Game_ThePerfectDate/Meshes/Buildings/Buildings/Materials/Shops_14.uasset" 2772
"C:/Users/1869771/Documents/GitHub/Martel_Ju_TP2_sans_lfs/Content/Game_ThePerfectDate/Meshes/Buildings/Buildings/Materials/Shops_14.uexp" 2773
"C:/Users/1869771/Documents/GitHub/Martel_Ju_TP2_sans_lfs/Content/Game_ThePerfectDate/Meshes/Buildings/Buildings/Textures/brick_modern_02.ubulk" 2774
"C:/Users/1869771/Documents/GitHub/Martel_Ju_TP2_sans_lfs/Content/Game_ThePerfectDate/Meshes/Buildings/Buildings/Textures/brick_modern_02.uasset" 2775
"C:/Users/1869771/Documents/GitHub/Martel_Ju_TP2_sans_lfs/Content/Game_ThePerfectDate/Meshes/Buildings/Buildings/Textures/brick_modern_02.uexp" 2776
"C:/Users/1869771/Documents/GitHub/Martel_Ju_TP2_sans_lfs/Content/Game_ThePerfectDate/Meshes/Buildings/Buildings/Materials/brick_modern_02.uasset" 2777
"C:/Users/1869771/Documents/GitHub/Martel_Ju_TP2_sans_lfs/Content/Game_ThePerfectDate/Meshes/Buildings/Buildings/Materials/brick_modern_02.uexp" 2778
"C:/Users/1869771/Documents/GitHub/Martel_Ju_TP2_sans_lfs/Content/Game_ThePerfectDate/Meshes/Buildings/Buildings/Materials/building_08.uasset" 2779
"C:/Users/1869771/Documents/GitHub/Martel_Ju_TP2_sans_lfs/Content/Game_ThePerfectDate/Meshes/Buildings/Buildings/Materials/building_08.uexp" 2780
"C:/Users/1869771/Documents/GitHub/Martel_Ju_TP2_sans_lfs/Content/Game_ThePerfectDate/Meshes/Buildings/Buildings/StaticMeshes/Building_02.ubulk" 2781
"C:/Users/1869771/Documents/GitHub/Martel_Ju_TP2_sans_lfs/Content/Game_ThePerfectDate/Meshes/Buildings/Buildings/StaticMeshes/Building_02.uasset" 2782
"C:/Users/1869771/Documents/GitHub/Martel_Ju_TP2_sans_lfs/Content/Game_ThePerfectDate/Meshes/Buildings/Buildings/StaticMeshes/Building_02.uexp" 2783
"C:/Users/1869771/Documents/GitHub/Martel_Ju_TP2_sans_lfs/Content/Game_ThePerfectDate/Meshes/Buildings/Buildings/Textures/Shops_15.uasset" 2784
"C:/Users/1869771/Documents/GitHub/Martel_Ju_TP2_sans_lfs/Content/Game_ThePerfectDate/Meshes/Buildings/Buildings/Textures/Shops_15.uexp" 2785
"C:/Users/1869771/Documents/GitHub/Martel_Ju_TP2_sans_lfs/Content/Game_ThePerfectDate/Meshes/Buildings/Buildings/Materials/Shops_15.uasset" 2786
"C:/Users/1869771/Documents/GitHub/Martel_Ju_TP2_sans_lfs/Content/Game_ThePerfectDate/Meshes/Buildings/Buildings/Materials/Shops_15.uexp" 2787
"C:/Users/1869771/Documents/GitHub/Martel_Ju_TP2_sans_lfs/Content/Game_ThePerfectDate/Meshes/Buildings/Buildings/Textures/Shops_16.uasset" 2788
"C:/Users/1869771/Documents/GitHub/Martel_Ju_TP2_sans_lfs/Content/Game_ThePerfectDate/Meshes/Buildings/Buildings/Textures/Shops_16.uexp" 2789
"C:/Users/1869771/Documents/GitHub/Martel_Ju_TP2_sans_lfs/Content/Game_ThePerfectDate/Meshes/Buildings/Buildings/Materials/Shops_16.uasset" 2790
"C:/Users/1869771/Documents/GitHub/Martel_Ju_TP2_sans_lfs/Content/Game_ThePerfectDate/Meshes/Buildings/Buildings/Materials/Shops_16.uexp" 2791
"C:/Users/1869771/Documents/GitHub/Martel_Ju_TP2_sans_lfs/Content/Game_ThePerfectDate/Meshes/Buildings/Buildings/Textures/Shops_17.uasset" 2792
"C:/Users/1869771/Documents/GitHub/Martel_Ju_TP2_sans_lfs/Content/Game_ThePerfectDate/Meshes/Buildings/Buildings/Textures/Shops_17.uexp" 2793
"C:/Users/1869771/Documents/GitHub/Martel_Ju_TP2_sans_lfs/Content/Game_ThePerfectDate/Meshes/Buildings/Buildings/Materials/Shops_17.uasset" 2794
"C:/Users/1869771/Documents/GitHub/Martel_Ju_TP2_sans_lfs/Content/Game_ThePerfectDate/Meshes/Buildings/Buildings/Materials/Shops_17.uexp" 2795
"C:/Users/1869771/Documents/GitHub/Martel_Ju_TP2_sans_lfs/Content/Game_ThePerfectDate/Meshes/Buildings/Buildings/Textures/building_01.uasset" 2796
"C:/Users/1869771/Documents/GitHub/Martel_Ju_TP2_sans_lfs/Content/Game_ThePerfectDate/Meshes/Buildings/Buildings/Textures/building_01.uexp" 2797
"C:/Users/1869771/Documents/GitHub/Martel_Ju_TP2_sans_lfs/Content/Game_ThePerfectDate/Meshes/Buildings/Buildings/Materials/building_01.uasset" 2798
"C:/Users/1869771/Documents/GitHub/Martel_Ju_TP2_sans_lfs/Content/Game_ThePerfectDate/Meshes/Buildings/Buildings/Materials/building_01.uexp" 2799
"C:/Users/1869771/Documents/GitHub/Martel_Ju_TP2_sans_lfs/Content/Game_ThePerfectDate/Meshes/Buildings/Buildings/StaticMeshes/Building_04.ubulk" 2800
"C:/Users/1869771/Documents/GitHub/Martel_Ju_TP2_sans_lfs/Content/Game_ThePerfectDate/Meshes/Buildings/Buildings/StaticMeshes/Building_04.uasset" 2801
"C:/Users/1869771/Documents/GitHub/Martel_Ju_TP2_sans_lfs/Content/Game_ThePerfectDate/Meshes/Buildings/Buildings/StaticMeshes/Building_04.uexp" 2802
"C:/Users/1869771/Documents/GitHub/Martel_Ju_TP2_sans_lfs/Content/Game_ThePerfectDate/Meshes/Buildings/Buildings/Textures/Shops_19.uasset" 2803
"C:/Users/1869771/Documents/GitHub/Martel_Ju_TP2_sans_lfs/Content/Game_ThePerfectDate/Meshes/Buildings/Buildings/Textures/Shops_19.uexp" 2804
"C:/Users/1869771/Documents/GitHub/Martel_Ju_TP2_sans_lfs/Content/Game_ThePerfectDate/Materials/Vertex_Snapping/MI_Shop_19.uasset" 2805
"C:/Users/1869771/Documents/GitHub/Martel_Ju_TP2_sans_lfs/Content/Game_ThePerfectDate/Materials/Vertex_Snapping/MI_Shop_19.uexp" 2806
"C:/Users/1869771/Documents/GitHub/Martel_Ju_TP2_sans_lfs/Content/Game_ThePerfectDate/Meshes/Buildings/Buildings/Textures/Shops_20.uasset" 2807
"C:/Users/1869771/Documents/GitHub/Martel_Ju_TP2_sans_lfs/Content/Game_ThePerfectDate/Meshes/Buildings/Buildings/Textures/Shops_20.uexp" 2808
"C:/Users/1869771/Documents/GitHub/Martel_Ju_TP2_sans_lfs/Content/Game_ThePerfectDate/Materials/Vertex_Snapping/MI_Shop_20.uasset" 2809
"C:/Users/1869771/Documents/GitHub/Martel_Ju_TP2_sans_lfs/Content/Game_ThePerfectDate/Materials/Vertex_Snapping/MI_Shop_20.uexp" 2810
"C:/Users/1869771/Documents/GitHub/Martel_Ju_TP2_sans_lfs/Content/Game_ThePerfectDate/Meshes/Buildings/Buildings/Textures/Shops_21.uasset" 2811
"C:/Users/1869771/Documents/GitHub/Martel_Ju_TP2_sans_lfs/Content/Game_ThePerfectDate/Meshes/Buildings/Buildings/Textures/Shops_21.uexp" 2812
"C:/Users/1869771/Documents/GitHub/Martel_Ju_TP2_sans_lfs/Content/Game_ThePerfectDate/Materials/Vertex_Snapping/MI_Shop_21.uasset" 2813
"C:/Users/1869771/Documents/GitHub/Martel_Ju_TP2_sans_lfs/Content/Game_ThePerfectDate/Materials/Vertex_Snapping/MI_Shop_21.uexp" 2814
"C:/Users/1869771/Documents/GitHub/Martel_Ju_TP2_sans_lfs/Content/Game_ThePerfectDate/Meshes/Buildings/Buildings/Textures/Shops_22.uasset" 2815
"C:/Users/1869771/Documents/GitHub/Martel_Ju_TP2_sans_lfs/Content/Game_ThePerfectDate/Meshes/Buildings/Buildings/Textures/Shops_22.uexp" 2816
"C:/Users/1869771/Documents/GitHub/Martel_Ju_TP2_sans_lfs/Content/Game_ThePerfectDate/Materials/Vertex_Snapping/MI_Shop_22.uasset" 2817
"C:/Users/1869771/Documents/GitHub/Martel_Ju_TP2_sans_lfs/Content/Game_ThePerfectDate/Materials/Vertex_Snapping/MI_Shop_22.uexp" 2818
"C:/Users/1869771/Documents/GitHub/Martel_Ju_TP2_sans_lfs/Content/Game_ThePerfectDate/Meshes/Buildings/Buildings/Textures/building_03.uasset" 2819
"C:/Users/1869771/Documents/GitHub/Martel_Ju_TP2_sans_lfs/Content/Game_ThePerfectDate/Meshes/Buildings/Buildings/Textures/building_03.uexp" 2820
"C:/Users/1869771/Documents/GitHub/Martel_Ju_TP2_sans_lfs/Content/Game_ThePerfectDate/Materials/Vertex_Snapping/MI_Building_03.uasset" 2821
"C:/Users/1869771/Documents/GitHub/Martel_Ju_TP2_sans_lfs/Content/Game_ThePerfectDate/Materials/Vertex_Snapping/MI_Building_03.uexp" 2822
"C:/Users/1869771/Documents/GitHub/Martel_Ju_TP2_sans_lfs/Content/Game_ThePerfectDate/Meshes/Buildings/Buildings/Textures/brick_modern_01.ubulk" 2823
"C:/Users/1869771/Documents/GitHub/Martel_Ju_TP2_sans_lfs/Content/Game_ThePerfectDate/Meshes/Buildings/Buildings/Textures/brick_modern_01.uasset" 2824
"C:/Users/1869771/Documents/GitHub/Martel_Ju_TP2_sans_lfs/Content/Game_ThePerfectDate/Meshes/Buildings/Buildings/Textures/brick_modern_01.uexp" 2825
"C:/Users/1869771/Documents/GitHub/Martel_Ju_TP2_sans_lfs/Content/Game_ThePerfectDate/Materials/Vertex_Snapping/MI_Brique_Modern_01.uasset" 2826
"C:/Users/1869771/Documents/GitHub/Martel_Ju_TP2_sans_lfs/Content/Game_ThePerfectDate/Materials/Vertex_Snapping/MI_Brique_Modern_01.uexp" 2827
"C:/Users/1869771/Documents/GitHub/Martel_Ju_TP2_sans_lfs/Content/Game_ThePerfectDate/Meshes/Buildings/Buildings/StaticMeshes/Building_05.ubulk" 2828
"C:/Users/1869771/Documents/GitHub/Martel_Ju_TP2_sans_lfs/Content/Game_ThePerfectDate/Meshes/Buildings/Buildings/StaticMeshes/Building_05.uasset" 2829
"C:/Users/1869771/Documents/GitHub/Martel_Ju_TP2_sans_lfs/Content/Game_ThePerfectDate/Meshes/Buildings/Buildings/StaticMeshes/Building_05.uexp" 2830
"C:/Users/1869771/Documents/GitHub/Martel_Ju_TP2_sans_lfs/Content/Game_ThePerfectDate/Meshes/Buildings/Buildings/Materials/Shops_28.uasset" 2831
"C:/Users/1869771/Documents/GitHub/Martel_Ju_TP2_sans_lfs/Content/Game_ThePerfectDate/Meshes/Buildings/Buildings/Materials/Shops_28.uexp" 2832
"C:/Users/1869771/Documents/GitHub/Martel_Ju_TP2_sans_lfs/Content/Game_ThePerfectDate/Meshes/Buildings/Buildings/Materials/Shops_29.uasset" 2833
"C:/Users/1869771/Documents/GitHub/Martel_Ju_TP2_sans_lfs/Content/Game_ThePerfectDate/Meshes/Buildings/Buildings/Materials/Shops_29.uexp" 2834
"C:/Users/1869771/Documents/GitHub/Martel_Ju_TP2_sans_lfs/Content/Game_ThePerfectDate/Meshes/Buildings/Buildings/Materials/Shops_30.uasset" 2835
"C:/Users/1869771/Documents/GitHub/Martel_Ju_TP2_sans_lfs/Content/Game_ThePerfectDate/Meshes/Buildings/Buildings/Materials/Shops_30.uexp" 2836
"C:/Users/1869771/Documents/GitHub/Martel_Ju_TP2_sans_lfs/Content/Game_ThePerfectDate/Meshes/Buildings/Buildings/Materials/Shops_31.uasset" 2837
"C:/Users/1869771/Documents/GitHub/Martel_Ju_TP2_sans_lfs/Content/Game_ThePerfectDate/Meshes/Buildings/Buildings/Materials/Shops_31.uexp" 2838
"C:/Users/1869771/Documents/GitHub/Martel_Ju_TP2_sans_lfs/Content/Game_ThePerfectDate/Meshes/Buildings/Buildings/Materials/BrickSmallBrown.uasset" 2839
"C:/Users/1869771/Documents/GitHub/Martel_Ju_TP2_sans_lfs/Content/Game_ThePerfectDate/Meshes/Buildings/Buildings/Materials/BrickSmallBrown.uexp" 2840
"C:/Users/1869771/Documents/GitHub/Martel_Ju_TP2_sans_lfs/Content/Game_ThePerfectDate/Meshes/Buildings/Buildings/Materials/building_07.uasset" 2841
"C:/Users/1869771/Documents/GitHub/Martel_Ju_TP2_sans_lfs/Content/Game_ThePerfectDate/Meshes/Buildings/Buildings/Materials/building_07.uexp" 2842
"C:/Users/1869771/Documents/GitHub/Martel_Ju_TP2_sans_lfs/Content/Game_ThePerfectDate/Meshes/Buildings/Buildings/StaticMeshes/Building_06.ubulk" 2843
"C:/Users/1869771/Documents/GitHub/Martel_Ju_TP2_sans_lfs/Content/Game_ThePerfectDate/Meshes/Buildings/Buildings/StaticMeshes/Building_06.uasset" 2844
"C:/Users/1869771/Documents/GitHub/Martel_Ju_TP2_sans_lfs/Content/Game_ThePerfectDate/Meshes/Buildings/Buildings/StaticMeshes/Building_06.uexp" 2845
"C:/Users/1869771/Documents/GitHub/Martel_Ju_TP2_sans_lfs/Content/Game_ThePerfectDate/Meshes/Buildings/Buildings/Textures/Shops_26.uasset" 2846
"C:/Users/1869771/Documents/GitHub/Martel_Ju_TP2_sans_lfs/Content/Game_ThePerfectDate/Meshes/Buildings/Buildings/Textures/Shops_26.uexp" 2847
"C:/Users/1869771/Documents/GitHub/Martel_Ju_TP2_sans_lfs/Content/Game_ThePerfectDate/Materials/Vertex_Snapping/MI_Shop_26.uasset" 2848
"C:/Users/1869771/Documents/GitHub/Martel_Ju_TP2_sans_lfs/Content/Game_ThePerfectDate/Materials/Vertex_Snapping/MI_Shop_26.uexp" 2849
"C:/Users/1869771/Documents/GitHub/Martel_Ju_TP2_sans_lfs/Content/Game_ThePerfectDate/Meshes/Buildings/Buildings/Textures/Shops_27.uasset" 2850
"C:/Users/1869771/Documents/GitHub/Martel_Ju_TP2_sans_lfs/Content/Game_ThePerfectDate/Meshes/Buildings/Buildings/Textures/Shops_27.uexp" 2851
"C:/Users/1869771/Documents/GitHub/Martel_Ju_TP2_sans_lfs/Content/Game_ThePerfectDate/Materials/Vertex_Snapping/MI_Shop_27.uasset" 2852
"C:/Users/1869771/Documents/GitHub/Martel_Ju_TP2_sans_lfs/Content/Game_ThePerfectDate/Materials/Vertex_Snapping/MI_Shop_27.uexp" 2853
"C:/Users/1869771/Documents/GitHub/Martel_Ju_TP2_sans_lfs/Content/Game_ThePerfectDate/Meshes/Buildings/Buildings/Textures/building_11.uasset" 2854
"C:/Users/1869771/Documents/GitHub/Martel_Ju_TP2_sans_lfs/Content/Game_ThePerfectDate/Meshes/Buildings/Buildings/Textures/building_11.uexp" 2855
"C:/Users/1869771/Documents/GitHub/Martel_Ju_TP2_sans_lfs/Content/Game_ThePerfectDate/Materials/Vertex_Snapping/MI_Building_11.uasset" 2856
"C:/Users/1869771/Documents/GitHub/Martel_Ju_TP2_sans_lfs/Content/Game_ThePerfectDate/Materials/Vertex_Snapping/MI_Building_11.uexp" 2857
"C:/Users/1869771/Documents/GitHub/Martel_Ju_TP2_sans_lfs/Content/Game_ThePerfectDate/Meshes/Buildings/Buildings/Textures/BrickSmallPainted.uasset" 2858
"C:/Users/1869771/Documents/GitHub/Martel_Ju_TP2_sans_lfs/Content/Game_ThePerfectDate/Meshes/Buildings/Buildings/Textures/BrickSmallPainted.uexp" 2859
"C:/Users/1869771/Documents/GitHub/Martel_Ju_TP2_sans_lfs/Content/Game_ThePerfectDate/Materials/Vertex_Snapping/MI_BrickSmallPainted.uasset" 2860
"C:/Users/1869771/Documents/GitHub/Martel_Ju_TP2_sans_lfs/Content/Game_ThePerfectDate/Materials/Vertex_Snapping/MI_BrickSmallPainted.uexp" 2861
"C:/Users/1869771/Documents/GitHub/Martel_Ju_TP2_sans_lfs/Content/Game_ThePerfectDate/Meshes/Buildings/Buildings/StaticMeshes/Building_08.ubulk" 2862
"C:/Users/1869771/Documents/GitHub/Martel_Ju_TP2_sans_lfs/Content/Game_ThePerfectDate/Meshes/Buildings/Buildings/StaticMeshes/Building_08.uasset" 2863
"C:/Users/1869771/Documents/GitHub/Martel_Ju_TP2_sans_lfs/Content/Game_ThePerfectDate/Meshes/Buildings/Buildings/StaticMeshes/Building_08.uexp" 2864
"C:/Users/1869771/Documents/GitHub/Martel_Ju_TP2_sans_lfs/Content/Game_ThePerfectDate/Meshes/Buildings/Buildings/Textures/Shops_18.uasset" 2865
"C:/Users/1869771/Documents/GitHub/Martel_Ju_TP2_sans_lfs/Content/Game_ThePerfectDate/Meshes/Buildings/Buildings/Textures/Shops_18.uexp" 2866
"C:/Users/1869771/Documents/GitHub/Martel_Ju_TP2_sans_lfs/Content/Game_ThePerfectDate/Meshes/Buildings/Buildings/Materials/Shops_18.uasset" 2867
"C:/Users/1869771/Documents/GitHub/Martel_Ju_TP2_sans_lfs/Content/Game_ThePerfectDate/Meshes/Buildings/Buildings/Materials/Shops_18.uexp" 2868
"C:/Users/1869771/Documents/GitHub/Martel_Ju_TP2_sans_lfs/Content/Game_ThePerfectDate/Meshes/Buildings/Buildings/Textures/building_10.uasset" 2869
"C:/Users/1869771/Documents/GitHub/Martel_Ju_TP2_sans_lfs/Content/Game_ThePerfectDate/Meshes/Buildings/Buildings/Textures/building_10.uexp" 2870
"C:/Users/1869771/Documents/GitHub/Martel_Ju_TP2_sans_lfs/Content/Game_ThePerfectDate/Meshes/Buildings/Buildings/Materials/building_10.uasset" 2871
"C:/Users/1869771/Documents/GitHub/Martel_Ju_TP2_sans_lfs/Content/Game_ThePerfectDate/Meshes/Buildings/Buildings/Materials/building_10.uexp" 2872
"C:/Users/1869771/Documents/GitHub/Martel_Ju_TP2_sans_lfs/Content/Game_ThePerfectDate/Meshes/Buildings/Buildings/Textures/brick_modern.ubulk" 2873
"C:/Users/1869771/Documents/GitHub/Martel_Ju_TP2_sans_lfs/Content/Game_ThePerfectDate/Meshes/Buildings/Buildings/Textures/brick_modern.uasset" 2874
"C:/Users/1869771/Documents/GitHub/Martel_Ju_TP2_sans_lfs/Content/Game_ThePerfectDate/Meshes/Buildings/Buildings/Textures/brick_modern.uexp" 2875
"C:/Users/1869771/Documents/GitHub/Martel_Ju_TP2_sans_lfs/Content/Game_ThePerfectDate/Meshes/Buildings/Buildings/Materials/brick_modern.uasset" 2876
"C:/Users/1869771/Documents/GitHub/Martel_Ju_TP2_sans_lfs/Content/Game_ThePerfectDate/Meshes/Buildings/Buildings/Materials/brick_modern.uexp" 2877
"C:/Users/1869771/Documents/GitHub/Martel_Ju_TP2_sans_lfs/Content/Game_ThePerfectDate/Meshes/Buildings/Buildings/Textures/Shops_07.uasset" 2878
"C:/Users/1869771/Documents/GitHub/Martel_Ju_TP2_sans_lfs/Content/Game_ThePerfectDate/Meshes/Buildings/Buildings/Textures/Shops_07.uexp" 2879
"C:/Users/1869771/Documents/GitHub/Martel_Ju_TP2_sans_lfs/Content/Game_ThePerfectDate/Meshes/Buildings/Buildings/Materials/Shops_07.uasset" 2880
"C:/Users/1869771/Documents/GitHub/Martel_Ju_TP2_sans_lfs/Content/Game_ThePerfectDate/Meshes/Buildings/Buildings/Materials/Shops_07.uexp" 2881
"C:/Users/1869771/Documents/GitHub/Martel_Ju_TP2_sans_lfs/Content/Game_ThePerfectDate/Meshes/Buildings/Buildings/StaticMeshes/Building_09.ubulk" 2882
"C:/Users/1869771/Documents/GitHub/Martel_Ju_TP2_sans_lfs/Content/Game_ThePerfectDate/Meshes/Buildings/Buildings/StaticMeshes/Building_09.uasset" 2883
"C:/Users/1869771/Documents/GitHub/Martel_Ju_TP2_sans_lfs/Content/Game_ThePerfectDate/Meshes/Buildings/Buildings/StaticMeshes/Building_09.uexp" 2884
"C:/Users/1869771/Documents/GitHub/Martel_Ju_TP2_sans_lfs/Content/Game_ThePerfectDate/Meshes/Buildings/Buildings2/buildings/Textures/buildings_texture_15.ubulk" 2885
"C:/Users/1869771/Documents/GitHub/Martel_Ju_TP2_sans_lfs/Content/Game_ThePerfectDate/Meshes/Buildings/Buildings2/buildings/Textures/buildings_texture_15.uasset" 2886
"C:/Users/1869771/Documents/GitHub/Martel_Ju_TP2_sans_lfs/Content/Game_ThePerfectDate/Meshes/Buildings/Buildings2/buildings/Textures/buildings_texture_15.uexp" 2887
"C:/Users/1869771/Documents/GitHub/Martel_Ju_TP2_sans_lfs/Content/Game_ThePerfectDate/Meshes/Buildings/Buildings2/buildings/Materials/Material_001.uasset" 2888
"C:/Users/1869771/Documents/GitHub/Martel_Ju_TP2_sans_lfs/Content/Game_ThePerfectDate/Meshes/Buildings/Buildings2/buildings/Materials/Material_001.uexp" 2889
"C:/Users/1869771/Documents/GitHub/Martel_Ju_TP2_sans_lfs/Content/Game_ThePerfectDate/Meshes/Buildings/Buildings2/buildings/Textures/buildings_texture_8.ubulk" 2890
"C:/Users/1869771/Documents/GitHub/Martel_Ju_TP2_sans_lfs/Content/Game_ThePerfectDate/Meshes/Buildings/Buildings2/buildings/Textures/buildings_texture_8.uasset" 2891
"C:/Users/1869771/Documents/GitHub/Martel_Ju_TP2_sans_lfs/Content/Game_ThePerfectDate/Meshes/Buildings/Buildings2/buildings/Textures/buildings_texture_8.uexp" 2892
"C:/Users/1869771/Documents/GitHub/Martel_Ju_TP2_sans_lfs/Content/Game_ThePerfectDate/Meshes/Buildings/Buildings2/buildings/Materials/Material_008.uasset" 2893
"C:/Users/1869771/Documents/GitHub/Martel_Ju_TP2_sans_lfs/Content/Game_ThePerfectDate/Meshes/Buildings/Buildings2/buildings/Materials/Material_008.uexp" 2894
"C:/Users/1869771/Documents/GitHub/Martel_Ju_TP2_sans_lfs/Content/Game_ThePerfectDate/Meshes/Buildings/Buildings2/buildings/Textures/buildings_texture_0.ubulk" 2895
"C:/Users/1869771/Documents/GitHub/Martel_Ju_TP2_sans_lfs/Content/Game_ThePerfectDate/Meshes/Buildings/Buildings2/buildings/Textures/buildings_texture_0.uasset" 2896
"C:/Users/1869771/Documents/GitHub/Martel_Ju_TP2_sans_lfs/Content/Game_ThePerfectDate/Meshes/Buildings/Buildings2/buildings/Textures/buildings_texture_0.uexp" 2897
"C:/Users/1869771/Documents/GitHub/Martel_Ju_TP2_sans_lfs/Content/Game_ThePerfectDate/Meshes/Buildings/Buildings2/buildings/Materials/Material_016.uasset" 2898
"C:/Users/1869771/Documents/GitHub/Martel_Ju_TP2_sans_lfs/Content/Game_ThePerfectDate/Meshes/Buildings/Buildings2/buildings/Materials/Material_016.uexp" 2899
"C:/Users/1869771/Documents/GitHub/Martel_Ju_TP2_sans_lfs/Content/Game_ThePerfectDate/Meshes/Buildings/Buildings2/buildings/Materials/Material.uasset" 2900
"C:/Users/1869771/Documents/GitHub/Martel_Ju_TP2_sans_lfs/Content/Game_ThePerfectDate/Meshes/Buildings/Buildings2/buildings/Materials/Material.uexp" 2901
"C:/Users/1869771/Documents/GitHub/Martel_Ju_TP2_sans_lfs/Content/Game_ThePerfectDate/Meshes/Buildings/Buildings2/buildings/StaticMeshes/Material-material.ubulk" 2902
"C:/Users/1869771/Documents/GitHub/Martel_Ju_TP2_sans_lfs/Content/Game_ThePerfectDate/Meshes/Buildings/Buildings2/buildings/StaticMeshes/Material-material.uasset" 2903
"C:/Users/1869771/Documents/GitHub/Martel_Ju_TP2_sans_lfs/Content/Game_ThePerfectDate/Meshes/Buildings/Buildings2/buildings/StaticMeshes/Material-material.uexp" 2904
"C:/Users/1869771/Documents/GitHub/Martel_Ju_TP2_sans_lfs/Content/Game_ThePerfectDate/Meshes/Buildings/Buildings2/buildings/StaticMeshes/Material_001-material.ubulk" 2905
"C:/Users/1869771/Documents/GitHub/Martel_Ju_TP2_sans_lfs/Content/Game_ThePerfectDate/Meshes/Buildings/Buildings2/buildings/StaticMeshes/Material_001-material.uasset" 2906
"C:/Users/1869771/Documents/GitHub/Martel_Ju_TP2_sans_lfs/Content/Game_ThePerfectDate/Meshes/Buildings/Buildings2/buildings/StaticMeshes/Material_001-material.uexp" 2907
"C:/Users/1869771/Documents/GitHub/Martel_Ju_TP2_sans_lfs/Content/Game_ThePerfectDate/Meshes/Buildings/Buildings2/buildings/Textures/buildings_texture_13.ubulk" 2908
"C:/Users/1869771/Documents/GitHub/Martel_Ju_TP2_sans_lfs/Content/Game_ThePerfectDate/Meshes/Buildings/Buildings2/buildings/Textures/buildings_texture_13.uasset" 2909
"C:/Users/1869771/Documents/GitHub/Martel_Ju_TP2_sans_lfs/Content/Game_ThePerfectDate/Meshes/Buildings/Buildings2/buildings/Textures/buildings_texture_13.uexp" 2910
"C:/Users/1869771/Documents/GitHub/Martel_Ju_TP2_sans_lfs/Content/Game_ThePerfectDate/Meshes/Buildings/Buildings2/buildings/Materials/Material_003.uasset" 2911
"C:/Users/1869771/Documents/GitHub/Martel_Ju_TP2_sans_lfs/Content/Game_ThePerfectDate/Meshes/Buildings/Buildings2/buildings/Materials/Material_003.uexp" 2912
"C:/Users/1869771/Documents/GitHub/Martel_Ju_TP2_sans_lfs/Content/Game_ThePerfectDate/Meshes/Buildings/Buildings2/buildings/StaticMeshes/Material_003-material.ubulk" 2913
"C:/Users/1869771/Documents/GitHub/Martel_Ju_TP2_sans_lfs/Content/Game_ThePerfectDate/Meshes/Buildings/Buildings2/buildings/StaticMeshes/Material_003-material.uasset" 2914
"C:/Users/1869771/Documents/GitHub/Martel_Ju_TP2_sans_lfs/Content/Game_ThePerfectDate/Meshes/Buildings/Buildings2/buildings/StaticMeshes/Material_003-material.uexp" 2915
"C:/Users/1869771/Documents/GitHub/Martel_Ju_TP2_sans_lfs/Content/Game_ThePerfectDate/Meshes/Buildings/Buildings2/buildings/StaticMeshes/Material_008-material.ubulk" 2916
"C:/Users/1869771/Documents/GitHub/Martel_Ju_TP2_sans_lfs/Content/Game_ThePerfectDate/Meshes/Buildings/Buildings2/buildings/StaticMeshes/Material_008-material.uasset" 2917
"C:/Users/1869771/Documents/GitHub/Martel_Ju_TP2_sans_lfs/Content/Game_ThePerfectDate/Meshes/Buildings/Buildings2/buildings/StaticMeshes/Material_008-material.uexp" 2918
"C:/Users/1869771/Documents/GitHub/Martel_Ju_TP2_sans_lfs/Content/Game_ThePerfectDate/Meshes/Buildings/Buildings2/buildings/Textures/buildings_texture_5.ubulk" 2919
"C:/Users/1869771/Documents/GitHub/Martel_Ju_TP2_sans_lfs/Content/Game_ThePerfectDate/Meshes/Buildings/Buildings2/buildings/Textures/buildings_texture_5.uasset" 2920
"C:/Users/1869771/Documents/GitHub/Martel_Ju_TP2_sans_lfs/Content/Game_ThePerfectDate/Meshes/Buildings/Buildings2/buildings/Textures/buildings_texture_5.uexp" 2921
"C:/Users/1869771/Documents/GitHub/Martel_Ju_TP2_sans_lfs/Content/Game_ThePerfectDate/Meshes/Buildings/Buildings2/buildings/Materials/Material_011.uasset" 2922
"C:/Users/1869771/Documents/GitHub/Martel_Ju_TP2_sans_lfs/Content/Game_ThePerfectDate/Meshes/Buildings/Buildings2/buildings/Materials/Material_011.uexp" 2923
"C:/Users/1869771/Documents/GitHub/Martel_Ju_TP2_sans_lfs/Content/Game_ThePerfectDate/Meshes/Buildings/Buildings2/buildings/StaticMeshes/Material_011-material.ubulk" 2924
"C:/Users/1869771/Documents/GitHub/Martel_Ju_TP2_sans_lfs/Content/Game_ThePerfectDate/Meshes/Buildings/Buildings2/buildings/StaticMeshes/Material_011-material.uasset" 2925
"C:/Users/1869771/Documents/GitHub/Martel_Ju_TP2_sans_lfs/Content/Game_ThePerfectDate/Meshes/Buildings/Buildings2/buildings/StaticMeshes/Material_011-material.uexp" 2926
"C:/Users/1869771/Documents/GitHub/Martel_Ju_TP2_sans_lfs/Content/Game_ThePerfectDate/Meshes/Buildings/Buildings2/buildings/Materials/Material_014.uasset" 2927
"C:/Users/1869771/Documents/GitHub/Martel_Ju_TP2_sans_lfs/Content/Game_ThePerfectDate/Meshes/Buildings/Buildings2/buildings/Materials/Material_014.uexp" 2928
"C:/Users/1869771/Documents/GitHub/Martel_Ju_TP2_sans_lfs/Content/Game_ThePerfectDate/Meshes/Buildings/Buildings2/buildings/StaticMeshes/Material_014-material.ubulk" 2929
"C:/Users/1869771/Documents/GitHub/Martel_Ju_TP2_sans_lfs/Content/Game_ThePerfectDate/Meshes/Buildings/Buildings2/buildings/StaticMeshes/Material_014-material.uasset" 2930
"C:/Users/1869771/Documents/GitHub/Martel_Ju_TP2_sans_lfs/Content/Game_ThePerfectDate/Meshes/Buildings/Buildings2/buildings/StaticMeshes/Material_014-material.uexp" 2931
"C:/Users/1869771/Documents/GitHub/Martel_Ju_TP2_sans_lfs/Content/Game_ThePerfectDate/Meshes/Buildings/Buildings2/buildings/StaticMeshes/Material_016-material.ubulk" 2932
"C:/Users/1869771/Documents/GitHub/Martel_Ju_TP2_sans_lfs/Content/Game_ThePerfectDate/Meshes/Buildings/Buildings2/buildings/StaticMeshes/Material_016-material.uasset" 2933
"C:/Users/1869771/Documents/GitHub/Martel_Ju_TP2_sans_lfs/Content/Game_ThePerfectDate/Meshes/Buildings/Buildings2/buildings/StaticMeshes/Material_016-material.uexp" 2934
"C:/Users/1869771/Documents/GitHub/Martel_Ju_TP2_sans_lfs/Content/Game_ThePerfectDate/Meshes/Bus/Bus_stop/Materials/Seating_01.uasset" 2935
"C:/Users/1869771/Documents/GitHub/Martel_Ju_TP2_sans_lfs/Content/Game_ThePerfectDate/Meshes/Bus/Bus_stop/Materials/Seating_01.uexp" 2936
"C:/Users/1869771/Documents/GitHub/Martel_Ju_TP2_sans_lfs/Content/Game_ThePerfectDate/Meshes/Bus/Bus_stop/Materials/Seating.uasset" 2937
"C:/Users/1869771/Documents/GitHub/Martel_Ju_TP2_sans_lfs/Content/Game_ThePerfectDate/Meshes/Bus/Bus_stop/Materials/Seating.uexp" 2938
"C:/Users/1869771/Documents/GitHub/Martel_Ju_TP2_sans_lfs/Content/Game_ThePerfectDate/Meshes/Bus/Bus_stop/Models/Props/Bus1.ubulk" 2939
"C:/Users/1869771/Documents/GitHub/Martel_Ju_TP2_sans_lfs/Content/Game_ThePerfectDate/Meshes/Bus/Bus_stop/Models/Props/Bus1.uasset" 2940
"C:/Users/1869771/Documents/GitHub/Martel_Ju_TP2_sans_lfs/Content/Game_ThePerfectDate/Meshes/Bus/Bus_stop/Models/Props/Bus1.uexp" 2941
"C:/Users/1869771/Documents/GitHub/Martel_Ju_TP2_sans_lfs/Content/Game_ThePerfectDate/Meshes/Bus/Bus_stop/Materials/Lamppost.uasset" 2942
"C:/Users/1869771/Documents/GitHub/Martel_Ju_TP2_sans_lfs/Content/Game_ThePerfectDate/Meshes/Bus/Bus_stop/Materials/Lamppost.uexp" 2943
"C:/Users/1869771/Documents/GitHub/Martel_Ju_TP2_sans_lfs/Content/Game_ThePerfectDate/Meshes/Bus/Bus_stop/Models/Props/Lamppost1.ubulk" 2944
"C:/Users/1869771/Documents/GitHub/Martel_Ju_TP2_sans_lfs/Content/Game_ThePerfectDate/Meshes/Bus/Bus_stop/Models/Props/Lamppost1.uasset" 2945
"C:/Users/1869771/Documents/GitHub/Martel_Ju_TP2_sans_lfs/Content/Game_ThePerfectDate/Meshes/Bus/Bus_stop/Models/Props/Lamppost1.uexp" 2946
"C:/Users/1869771/Documents/GitHub/Martel_Ju_TP2_sans_lfs/Content/Game_ThePerfectDate/Meshes/Bus/Bus_stop/Models/Props/Lamppost_01.ubulk" 2947
"C:/Users/1869771/Documents/GitHub/Martel_Ju_TP2_sans_lfs/Content/Game_ThePerfectDate/Meshes/Bus/Bus_stop/Models/Props/Lamppost_01.uasset" 2948
"C:/Users/1869771/Documents/GitHub/Martel_Ju_TP2_sans_lfs/Content/Game_ThePerfectDate/Meshes/Bus/Bus_stop/Models/Props/Lamppost_01.uexp" 2949
"C:/Users/1869771/Documents/GitHub/Martel_Ju_TP2_sans_lfs/Content/Game_ThePerfectDate/Meshes/Bus/Bus_stop/Models/Props/Tire.ubulk" 2950
"C:/Users/1869771/Documents/GitHub/Martel_Ju_TP2_sans_lfs/Content/Game_ThePerfectDate/Meshes/Bus/Bus_stop/Models/Props/Tire.uasset" 2951
"C:/Users/1869771/Documents/GitHub/Martel_Ju_TP2_sans_lfs/Content/Game_ThePerfectDate/Meshes/Bus/Bus_stop/Models/Props/Tire.uexp" 2952
"C:/Users/1869771/Documents/GitHub/Martel_Ju_TP2_sans_lfs/Content/Game_ThePerfectDate/Meshes/Bus/Bus_stop/Models/Stops/Bus_stop_001.ubulk" 2953
"C:/Users/1869771/Documents/GitHub/Martel_Ju_TP2_sans_lfs/Content/Game_ThePerfectDate/Meshes/Bus/Bus_stop/Models/Stops/Bus_stop_001.uasset" 2954
"C:/Users/1869771/Documents/GitHub/Martel_Ju_TP2_sans_lfs/Content/Game_ThePerfectDate/Meshes/Bus/Bus_stop/Models/Stops/Bus_stop_001.uexp" 2955
"C:/Users/1869771/Documents/GitHub/Martel_Ju_TP2_sans_lfs/Content/Game_ThePerfectDate/Meshes/Bus/Bus_stop/Models/Stops/Bus_stop_sign1.ubulk" 2956
"C:/Users/1869771/Documents/GitHub/Martel_Ju_TP2_sans_lfs/Content/Game_ThePerfectDate/Meshes/Bus/Bus_stop/Models/Stops/Bus_stop_sign1.uasset" 2957
"C:/Users/1869771/Documents/GitHub/Martel_Ju_TP2_sans_lfs/Content/Game_ThePerfectDate/Meshes/Bus/Bus_stop/Models/Stops/Bus_stop_sign1.uexp" 2958
"C:/Users/1869771/Documents/GitHub/Martel_Ju_TP2_sans_lfs/Content/Game_ThePerfectDate/Meshes/Bus/Bus_stop/Materials/Wire.uasset" 2959
"C:/Users/1869771/Documents/GitHub/Martel_Ju_TP2_sans_lfs/Content/Game_ThePerfectDate/Meshes/Bus/Bus_stop/Materials/Wire.uexp" 2960
"C:/Users/1869771/Documents/GitHub/Martel_Ju_TP2_sans_lfs/Content/Game_ThePerfectDate/Meshes/Bus/Bus_stop/Materials/Fence.uasset" 2961
"C:/Users/1869771/Documents/GitHub/Martel_Ju_TP2_sans_lfs/Content/Game_ThePerfectDate/Meshes/Bus/Bus_stop/Materials/Fence.uexp" 2962
"C:/Users/1869771/Documents/GitHub/Martel_Ju_TP2_sans_lfs/Content/Game_ThePerfectDate/Meshes/Bus/Bus_stop/Models/Stops/Fence_01.ubulk" 2963
"C:/Users/1869771/Documents/GitHub/Martel_Ju_TP2_sans_lfs/Content/Game_ThePerfectDate/Meshes/Bus/Bus_stop/Models/Stops/Fence_01.uasset" 2964
"C:/Users/1869771/Documents/GitHub/Martel_Ju_TP2_sans_lfs/Content/Game_ThePerfectDate/Meshes/Bus/Bus_stop/Models/Stops/Fence_01.uexp" 2965
"C:/Users/1869771/Documents/GitHub/Martel_Ju_TP2_sans_lfs/Content/Game_ThePerfectDate/Meshes/Bus/Bus_stop/Materials/Grass_02.uasset" 2966
"C:/Users/1869771/Documents/GitHub/Martel_Ju_TP2_sans_lfs/Content/Game_ThePerfectDate/Meshes/Bus/Bus_stop/Materials/Grass_02.uexp" 2967
"C:/Users/1869771/Documents/GitHub/Martel_Ju_TP2_sans_lfs/Content/Game_ThePerfectDate/Meshes/Bus/Bus_stop/Models/Stops/Grass_021.ubulk" 2968
"C:/Users/1869771/Documents/GitHub/Martel_Ju_TP2_sans_lfs/Content/Game_ThePerfectDate/Meshes/Bus/Bus_stop/Models/Stops/Grass_021.uasset" 2969
"C:/Users/1869771/Documents/GitHub/Martel_Ju_TP2_sans_lfs/Content/Game_ThePerfectDate/Meshes/Bus/Bus_stop/Models/Stops/Grass_021.uexp" 2970
"C:/Users/1869771/Documents/GitHub/Martel_Ju_TP2_sans_lfs/Content/Game_ThePerfectDate/Meshes/Bus/Bus_stop/Materials/Road.uasset" 2971
"C:/Users/1869771/Documents/GitHub/Martel_Ju_TP2_sans_lfs/Content/Game_ThePerfectDate/Meshes/Bus/Bus_stop/Materials/Road.uexp" 2972
"C:/Users/1869771/Documents/GitHub/Martel_Ju_TP2_sans_lfs/Content/Game_ThePerfectDate/Meshes/Bus/Bus_stop/Materials/Grass_01.uasset" 2973
"C:/Users/1869771/Documents/GitHub/Martel_Ju_TP2_sans_lfs/Content/Game_ThePerfectDate/Meshes/Bus/Bus_stop/Materials/Grass_01.uexp" 2974
"C:/Users/1869771/Documents/GitHub/Martel_Ju_TP2_sans_lfs/Content/Game_ThePerfectDate/Meshes/Bus/Bus_stop/Materials/Grass.uasset" 2975
"C:/Users/1869771/Documents/GitHub/Martel_Ju_TP2_sans_lfs/Content/Game_ThePerfectDate/Meshes/Bus/Bus_stop/Materials/Grass.uexp" 2976
"C:/Users/1869771/Documents/GitHub/Martel_Ju_TP2_sans_lfs/Content/Game_ThePerfectDate/Meshes/Bus/Bus_stop/Materials/Farmland.uasset" 2977
"C:/Users/1869771/Documents/GitHub/Martel_Ju_TP2_sans_lfs/Content/Game_ThePerfectDate/Meshes/Bus/Bus_stop/Materials/Farmland.uexp" 2978
"C:/Users/1869771/Documents/GitHub/Martel_Ju_TP2_sans_lfs/Content/Game_ThePerfectDate/Meshes/Bus/Bus_stop/Models/Stops/Ground.ubulk" 2979
"C:/Users/1869771/Documents/GitHub/Martel_Ju_TP2_sans_lfs/Content/Game_ThePerfectDate/Meshes/Bus/Bus_stop/Models/Stops/Ground.uasset" 2980
"C:/Users/1869771/Documents/GitHub/Martel_Ju_TP2_sans_lfs/Content/Game_ThePerfectDate/Meshes/Bus/Bus_stop/Models/Stops/Ground.uexp" 2981
"C:/Users/1869771/Documents/GitHub/Martel_Ju_TP2_sans_lfs/Content/Game_ThePerfectDate/Meshes/Bus/Bus_stop/Texture/Fence.ubulk" 2982
"C:/Users/1869771/Documents/GitHub/Martel_Ju_TP2_sans_lfs/Content/Game_ThePerfectDate/Meshes/Bus/Bus_stop/Texture/Fence.uasset" 2983
"C:/Users/1869771/Documents/GitHub/Martel_Ju_TP2_sans_lfs/Content/Game_ThePerfectDate/Meshes/Bus/Bus_stop/Texture/Fence.uexp" 2984
"C:/Users/1869771/Documents/GitHub/Martel_Ju_TP2_sans_lfs/Content/Game_ThePerfectDate/Meshes/Bus/Bus_stop/Texture/Fence_Mat.uasset" 2985
"C:/Users/1869771/Documents/GitHub/Martel_Ju_TP2_sans_lfs/Content/Game_ThePerfectDate/Meshes/Bus/Bus_stop/Texture/Fence_Mat.uexp" 2986
"C:/Users/1869771/Documents/GitHub/Martel_Ju_TP2_sans_lfs/Content/Game_ThePerfectDate/Meshes/Bus/Bus_stop/Texture/fence_metal.uasset" 2987
"C:/Users/1869771/Documents/GitHub/Martel_Ju_TP2_sans_lfs/Content/Game_ThePerfectDate/Meshes/Bus/Bus_stop/Texture/fence_metal.uexp" 2988
"C:/Users/1869771/Documents/GitHub/Martel_Ju_TP2_sans_lfs/Content/Game_ThePerfectDate/Meshes/Bus/Bus_stop/Texture/fence_metal_Mat.uasset" 2989
"C:/Users/1869771/Documents/GitHub/Martel_Ju_TP2_sans_lfs/Content/Game_ThePerfectDate/Meshes/Bus/Bus_stop/Texture/fence_metal_Mat.uexp" 2990
"C:/Users/1869771/Documents/GitHub/Martel_Ju_TP2_sans_lfs/Content/Game_ThePerfectDate/Meshes/Bus/Bus_stop/Texture/Grass_02.ubulk" 2991
"C:/Users/1869771/Documents/GitHub/Martel_Ju_TP2_sans_lfs/Content/Game_ThePerfectDate/Meshes/Bus/Bus_stop/Texture/Grass_02.uasset" 2992
"C:/Users/1869771/Documents/GitHub/Martel_Ju_TP2_sans_lfs/Content/Game_ThePerfectDate/Meshes/Bus/Bus_stop/Texture/Grass_02.uexp" 2993
"C:/Users/1869771/Documents/GitHub/Martel_Ju_TP2_sans_lfs/Content/Game_ThePerfectDate/Meshes/Bus/Bus_stop/Texture/Grass_02_Mat.uasset" 2994
"C:/Users/1869771/Documents/GitHub/Martel_Ju_TP2_sans_lfs/Content/Game_ThePerfectDate/Meshes/Bus/Bus_stop/Texture/Grass_02_Mat.uexp" 2995
"C:/Users/1869771/Documents/GitHub/Martel_Ju_TP2_sans_lfs/Content/Game_ThePerfectDate/Meshes/Bus/Bus_stop/Texture/Grass.ubulk" 2996
"C:/Users/1869771/Documents/GitHub/Martel_Ju_TP2_sans_lfs/Content/Game_ThePerfectDate/Meshes/Bus/Bus_stop/Texture/Grass.uasset" 2997
"C:/Users/1869771/Documents/GitHub/Martel_Ju_TP2_sans_lfs/Content/Game_ThePerfectDate/Meshes/Bus/Bus_stop/Texture/Grass.uexp" 2998
"C:/Users/1869771/Documents/GitHub/Martel_Ju_TP2_sans_lfs/Content/Game_ThePerfectDate/Meshes/Bus/Bus_stop/Texture/Grass_Mat.uasset" 2999
"C:/Users/1869771/Documents/GitHub/Martel_Ju_TP2_sans_lfs/Content/Game_ThePerfectDate/Meshes/Bus/Bus_stop/Texture/Grass_Mat.uexp" 3000
"C:/Users/1869771/Documents/GitHub/Martel_Ju_TP2_sans_lfs/Content/Game_ThePerfectDate/Meshes/Bus/Metro_PSX/Models/Metro/Textures/Posters.uasset" 3001
"C:/Users/1869771/Documents/GitHub/Martel_Ju_TP2_sans_lfs/Content/Game_ThePerfectDate/Meshes/Bus/Metro_PSX/Models/Metro/Textures/Posters.uexp" 3002
"C:/Users/1869771/Documents/GitHub/Martel_Ju_TP2_sans_lfs/Content/Game_ThePerfectDate/Meshes/Bus/Metro_PSX/Models/Metro/Materials/Posters.uasset" 3003
"C:/Users/1869771/Documents/GitHub/Martel_Ju_TP2_sans_lfs/Content/Game_ThePerfectDate/Meshes/Bus/Metro_PSX/Models/Metro/Materials/Posters.uexp" 3004
"C:/Users/1869771/Documents/GitHub/Martel_Ju_TP2_sans_lfs/Content/Game_ThePerfectDate/Meshes/Bus/Metro_PSX/Models/Metro/StaticMeshes/Poster_04.ubulk" 3005
"C:/Users/1869771/Documents/GitHub/Martel_Ju_TP2_sans_lfs/Content/Game_ThePerfectDate/Meshes/Bus/Metro_PSX/Models/Metro/StaticMeshes/Poster_04.uasset" 3006
"C:/Users/1869771/Documents/GitHub/Martel_Ju_TP2_sans_lfs/Content/Game_ThePerfectDate/Meshes/Bus/Metro_PSX/Models/Metro/StaticMeshes/Poster_04.uexp" 3007
"C:/Users/1869771/Documents/GitHub/Martel_Ju_TP2_sans_lfs/Content/Game_ThePerfectDate/Meshes/Bus/Metro_PSX/Models/Metro/StaticMeshes/Poster_05.ubulk" 3008
"C:/Users/1869771/Documents/GitHub/Martel_Ju_TP2_sans_lfs/Content/Game_ThePerfectDate/Meshes/Bus/Metro_PSX/Models/Metro/StaticMeshes/Poster_05.uasset" 3009
"C:/Users/1869771/Documents/GitHub/Martel_Ju_TP2_sans_lfs/Content/Game_ThePerfectDate/Meshes/Bus/Metro_PSX/Models/Metro/StaticMeshes/Poster_05.uexp" 3010
"C:/Users/1869771/Documents/GitHub/Martel_Ju_TP2_sans_lfs/Content/Game_ThePerfectDate/Meshes/Bus/Metro_PSX/Models/Metro/StaticMeshes/Poster_07.ubulk" 3011
"C:/Users/1869771/Documents/GitHub/Martel_Ju_TP2_sans_lfs/Content/Game_ThePerfectDate/Meshes/Bus/Metro_PSX/Models/Metro/StaticMeshes/Poster_07.uasset" 3012
"C:/Users/1869771/Documents/GitHub/Martel_Ju_TP2_sans_lfs/Content/Game_ThePerfectDate/Meshes/Bus/Metro_PSX/Models/Metro/StaticMeshes/Poster_07.uexp" 3013
"C:/Users/1869771/Documents/GitHub/Martel_Ju_TP2_sans_lfs/Content/Game_ThePerfectDate/Meshes/Bus/Metro_PSX/Models/Vending_machine.uasset" 3014
"C:/Users/1869771/Documents/GitHub/Martel_Ju_TP2_sans_lfs/Content/Game_ThePerfectDate/Meshes/Bus/Metro_PSX/Models/Vending_machine.uexp" 3015
"C:/Users/1869771/Documents/GitHub/Martel_Ju_TP2_sans_lfs/Content/Game_ThePerfectDate/Meshes/Bus/Metro_PSX/Models/Vending_machine1.ubulk" 3016
"C:/Users/1869771/Documents/GitHub/Martel_Ju_TP2_sans_lfs/Content/Game_ThePerfectDate/Meshes/Bus/Metro_PSX/Models/Vending_machine1.uasset" 3017
"C:/Users/1869771/Documents/GitHub/Martel_Ju_TP2_sans_lfs/Content/Game_ThePerfectDate/Meshes/Bus/Metro_PSX/Models/Vending_machine1.uexp" 3018
"C:/Users/1869771/Documents/GitHub/Martel_Ju_TP2_sans_lfs/Content/Game_ThePerfectDate/Meshes/Cars/Car1/car_mat.uasset" 3019
"C:/Users/1869771/Documents/GitHub/Martel_Ju_TP2_sans_lfs/Content/Game_ThePerfectDate/Meshes/Cars/Car1/car_mat.uexp" 3020
"C:/Users/1869771/Documents/GitHub/Martel_Ju_TP2_sans_lfs/Content/Game_ThePerfectDate/Meshes/Cars/Car1/Car.ubulk" 3021
"C:/Users/1869771/Documents/GitHub/Martel_Ju_TP2_sans_lfs/Content/Game_ThePerfectDate/Meshes/Cars/Car1/Car.uasset" 3022
"C:/Users/1869771/Documents/GitHub/Martel_Ju_TP2_sans_lfs/Content/Game_ThePerfectDate/Meshes/Cars/Car1/Car.uexp" 3023
"C:/Users/1869771/Documents/GitHub/Martel_Ju_TP2_sans_lfs/Content/Game_ThePerfectDate/Meshes/Cars/Car2/car2_mat.uasset" 3024
"C:/Users/1869771/Documents/GitHub/Martel_Ju_TP2_sans_lfs/Content/Game_ThePerfectDate/Meshes/Cars/Car2/car2_mat.uexp" 3025
"C:/Users/1869771/Documents/GitHub/Martel_Ju_TP2_sans_lfs/Content/Game_ThePerfectDate/Meshes/Cars/Car2/Car2.ubulk" 3026
"C:/Users/1869771/Documents/GitHub/Martel_Ju_TP2_sans_lfs/Content/Game_ThePerfectDate/Meshes/Cars/Car2/Car2.uasset" 3027
"C:/Users/1869771/Documents/GitHub/Martel_Ju_TP2_sans_lfs/Content/Game_ThePerfectDate/Meshes/Cars/Car2/Car2.uexp" 3028
"C:/Users/1869771/Documents/GitHub/Martel_Ju_TP2_sans_lfs/Content/Game_ThePerfectDate/Meshes/Cars/Car3/car3_mat.uasset" 3029
"C:/Users/1869771/Documents/GitHub/Martel_Ju_TP2_sans_lfs/Content/Game_ThePerfectDate/Meshes/Cars/Car3/car3_mat.uexp" 3030
"C:/Users/1869771/Documents/GitHub/Martel_Ju_TP2_sans_lfs/Content/Game_ThePerfectDate/Meshes/Cars/Car3/Car3.ubulk" 3031
"C:/Users/1869771/Documents/GitHub/Martel_Ju_TP2_sans_lfs/Content/Game_ThePerfectDate/Meshes/Cars/Car3/Car3.uasset" 3032
"C:/Users/1869771/Documents/GitHub/Martel_Ju_TP2_sans_lfs/Content/Game_ThePerfectDate/Meshes/Cars/Car3/Car3.uexp" 3033
"C:/Users/1869771/Documents/GitHub/Martel_Ju_TP2_sans_lfs/Content/Game_ThePerfectDate/Meshes/Cars/Car4/car5_mat.uasset" 3034
"C:/Users/1869771/Documents/GitHub/Martel_Ju_TP2_sans_lfs/Content/Game_ThePerfectDate/Meshes/Cars/Car4/car5_mat.uexp" 3035
"C:/Users/1869771/Documents/GitHub/Martel_Ju_TP2_sans_lfs/Content/Game_ThePerfectDate/Meshes/Cars/Car4/Car5.ubulk" 3036
"C:/Users/1869771/Documents/GitHub/Martel_Ju_TP2_sans_lfs/Content/Game_ThePerfectDate/Meshes/Cars/Car4/Car5.uasset" 3037
"C:/Users/1869771/Documents/GitHub/Martel_Ju_TP2_sans_lfs/Content/Game_ThePerfectDate/Meshes/Cars/Car4/Car5.uexp" 3038
"C:/Users/1869771/Documents/GitHub/Martel_Ju_TP2_sans_lfs/Content/Game_ThePerfectDate/Meshes/Cars/Police/car5_police_mat.uasset" 3039
"C:/Users/1869771/Documents/GitHub/Martel_Ju_TP2_sans_lfs/Content/Game_ThePerfectDate/Meshes/Cars/Police/car5_police_mat.uexp" 3040
"C:/Users/1869771/Documents/GitHub/Martel_Ju_TP2_sans_lfs/Content/Game_ThePerfectDate/Meshes/Cars/Police/Car5_Police.ubulk" 3041
"C:/Users/1869771/Documents/GitHub/Martel_Ju_TP2_sans_lfs/Content/Game_ThePerfectDate/Meshes/Cars/Police/Car5_Police.uasset" 3042
"C:/Users/1869771/Documents/GitHub/Martel_Ju_TP2_sans_lfs/Content/Game_ThePerfectDate/Meshes/Cars/Police/Car5_Police.uexp" 3043
"C:/Users/1869771/Documents/GitHub/Martel_Ju_TP2_sans_lfs/Content/Game_ThePerfectDate/Meshes/Dep/Models/6twelve1.ubulk" 3044
"C:/Users/1869771/Documents/GitHub/Martel_Ju_TP2_sans_lfs/Content/Game_ThePerfectDate/Meshes/Dep/Models/6twelve1.uasset" 3045
"C:/Users/1869771/Documents/GitHub/Martel_Ju_TP2_sans_lfs/Content/Game_ThePerfectDate/Meshes/Dep/Models/6twelve1.uexp" 3046
"C:/Users/1869771/Documents/GitHub/Martel_Ju_TP2_sans_lfs/Content/Game_ThePerfectDate/Meshes/Dep/Models/Air_conditioners.ubulk" 3047
"C:/Users/1869771/Documents/GitHub/Martel_Ju_TP2_sans_lfs/Content/Game_ThePerfectDate/Meshes/Dep/Models/Air_conditioners.uasset" 3048
"C:/Users/1869771/Documents/GitHub/Martel_Ju_TP2_sans_lfs/Content/Game_ThePerfectDate/Meshes/Dep/Models/Air_conditioners.uexp" 3049
"C:/Users/1869771/Documents/GitHub/Martel_Ju_TP2_sans_lfs/Content/Game_ThePerfectDate/Meshes/Dep/Models/Alcohol_Cigars.ubulk" 3050
"C:/Users/1869771/Documents/GitHub/Martel_Ju_TP2_sans_lfs/Content/Game_ThePerfectDate/Meshes/Dep/Models/Alcohol_Cigars.uasset" 3051
"C:/Users/1869771/Documents/GitHub/Martel_Ju_TP2_sans_lfs/Content/Game_ThePerfectDate/Meshes/Dep/Models/Alcohol_Cigars.uexp" 3052
"C:/Users/1869771/Documents/GitHub/Martel_Ju_TP2_sans_lfs/Content/Game_ThePerfectDate/Meshes/Dep/Models/Candys_01.ubulk" 3053
"C:/Users/1869771/Documents/GitHub/Martel_Ju_TP2_sans_lfs/Content/Game_ThePerfectDate/Meshes/Dep/Models/Candys_01.uasset" 3054
"C:/Users/1869771/Documents/GitHub/Martel_Ju_TP2_sans_lfs/Content/Game_ThePerfectDate/Meshes/Dep/Models/Candys_01.uexp" 3055
"C:/Users/1869771/Documents/GitHub/Martel_Ju_TP2_sans_lfs/Content/Game_ThePerfectDate/Meshes/Dep/Models/Coffee_maker.ubulk" 3056
"C:/Users/1869771/Documents/GitHub/Martel_Ju_TP2_sans_lfs/Content/Game_ThePerfectDate/Meshes/Dep/Models/Coffee_maker.uasset" 3057
"C:/Users/1869771/Documents/GitHub/Martel_Ju_TP2_sans_lfs/Content/Game_ThePerfectDate/Meshes/Dep/Models/Coffee_maker.uexp" 3058
"C:/Users/1869771/Documents/GitHub/Martel_Ju_TP2_sans_lfs/Content/Game_ThePerfectDate/Meshes/Dep/Models/Diablito_industrial.ubulk" 3059
"C:/Users/1869771/Documents/GitHub/Martel_Ju_TP2_sans_lfs/Content/Game_ThePerfectDate/Meshes/Dep/Models/Diablito_industrial.uasset" 3060
"C:/Users/1869771/Documents/GitHub/Martel_Ju_TP2_sans_lfs/Content/Game_ThePerfectDate/Meshes/Dep/Models/Diablito_industrial.uexp" 3061
"C:/Users/1869771/Documents/GitHub/Martel_Ju_TP2_sans_lfs/Content/Game_ThePerfectDate/Meshes/Dep/Models/Door_04.ubulk" 3062
"C:/Users/1869771/Documents/GitHub/Martel_Ju_TP2_sans_lfs/Content/Game_ThePerfectDate/Meshes/Dep/Models/Door_04.uasset" 3063
"C:/Users/1869771/Documents/GitHub/Martel_Ju_TP2_sans_lfs/Content/Game_ThePerfectDate/Meshes/Dep/Models/Door_04.uexp" 3064
"C:/Users/1869771/Documents/GitHub/Martel_Ju_TP2_sans_lfs/Content/Game_ThePerfectDate/Meshes/Dep/Models/Door_frame.ubulk" 3065
"C:/Users/1869771/Documents/GitHub/Martel_Ju_TP2_sans_lfs/Content/Game_ThePerfectDate/Meshes/Dep/Models/Door_frame.uasset" 3066
"C:/Users/1869771/Documents/GitHub/Martel_Ju_TP2_sans_lfs/Content/Game_ThePerfectDate/Meshes/Dep/Models/Door_frame.uexp" 3067
"C:/Users/1869771/Documents/GitHub/Martel_Ju_TP2_sans_lfs/Content/Game_ThePerfectDate/Meshes/Dep/Models/Dump.ubulk" 3068
"C:/Users/1869771/Documents/GitHub/Martel_Ju_TP2_sans_lfs/Content/Game_ThePerfectDate/Meshes/Dep/Models/Dump.uasset" 3069
"C:/Users/1869771/Documents/GitHub/Martel_Ju_TP2_sans_lfs/Content/Game_ThePerfectDate/Meshes/Dep/Models/Dump.uexp" 3070
"C:/Users/1869771/Documents/GitHub/Martel_Ju_TP2_sans_lfs/Content/Game_ThePerfectDate/Meshes/Dep/Models/Food_01.ubulk" 3071
"C:/Users/1869771/Documents/GitHub/Martel_Ju_TP2_sans_lfs/Content/Game_ThePerfectDate/Meshes/Dep/Models/Food_01.uasset" 3072
"C:/Users/1869771/Documents/GitHub/Martel_Ju_TP2_sans_lfs/Content/Game_ThePerfectDate/Meshes/Dep/Models/Food_01.uexp" 3073
"C:/Users/1869771/Documents/GitHub/Martel_Ju_TP2_sans_lfs/Content/Game_ThePerfectDate/Meshes/Dep/Models/Food_shelf1.ubulk" 3074
"C:/Users/1869771/Documents/GitHub/Martel_Ju_TP2_sans_lfs/Content/Game_ThePerfectDate/Meshes/Dep/Models/Food_shelf1.uasset" 3075
"C:/Users/1869771/Documents/GitHub/Martel_Ju_TP2_sans_lfs/Content/Game_ThePerfectDate/Meshes/Dep/Models/Food_shelf1.uexp" 3076
"C:/Users/1869771/Documents/GitHub/Martel_Ju_TP2_sans_lfs/Content/Game_ThePerfectDate/Meshes/Dep/Models/Glasses.ubulk" 3077
"C:/Users/1869771/Documents/GitHub/Martel_Ju_TP2_sans_lfs/Content/Game_ThePerfectDate/Meshes/Dep/Models/Glasses.uasset" 3078
"C:/Users/1869771/Documents/GitHub/Martel_Ju_TP2_sans_lfs/Content/Game_ThePerfectDate/Meshes/Dep/Models/Glasses.uexp" 3079
"C:/Users/1869771/Documents/GitHub/Martel_Ju_TP2_sans_lfs/Content/Game_ThePerfectDate/Meshes/Dep/Models/IceCream_Refrigerator.ubulk" 3080
"C:/Users/1869771/Documents/GitHub/Martel_Ju_TP2_sans_lfs/Content/Game_ThePerfectDate/Meshes/Dep/Models/IceCream_Refrigerator.uasset" 3081
"C:/Users/1869771/Documents/GitHub/Martel_Ju_TP2_sans_lfs/Content/Game_ThePerfectDate/Meshes/Dep/Models/IceCream_Refrigerator.uexp" 3082
"C:/Users/1869771/Documents/GitHub/Martel_Ju_TP2_sans_lfs/Content/Game_ThePerfectDate/Meshes/Dep/Models/IceCream_Refrigerator_Door.ubulk" 3083
"C:/Users/1869771/Documents/GitHub/Martel_Ju_TP2_sans_lfs/Content/Game_ThePerfectDate/Meshes/Dep/Models/IceCream_Refrigerator_Door.uasset" 3084
"C:/Users/1869771/Documents/GitHub/Martel_Ju_TP2_sans_lfs/Content/Game_ThePerfectDate/Meshes/Dep/Models/IceCream_Refrigerator_Door.uexp" 3085
"C:/Users/1869771/Documents/GitHub/Martel_Ju_TP2_sans_lfs/Content/Game_ThePerfectDate/Meshes/Dep/Models/IceCream_Refrigerator_Door_01.ubulk" 3086
"C:/Users/1869771/Documents/GitHub/Martel_Ju_TP2_sans_lfs/Content/Game_ThePerfectDate/Meshes/Dep/Models/IceCream_Refrigerator_Door_01.uasset" 3087
"C:/Users/1869771/Documents/GitHub/Martel_Ju_TP2_sans_lfs/Content/Game_ThePerfectDate/Meshes/Dep/Models/IceCream_Refrigerator_Door_01.uexp" 3088
"C:/Users/1869771/Documents/GitHub/Martel_Ju_TP2_sans_lfs/Content/Game_ThePerfectDate/Meshes/Dep/Models/Keyboard.ubulk" 3089
"C:/Users/1869771/Documents/GitHub/Martel_Ju_TP2_sans_lfs/Content/Game_ThePerfectDate/Meshes/Dep/Models/Keyboard.uasset" 3090
"C:/Users/1869771/Documents/GitHub/Martel_Ju_TP2_sans_lfs/Content/Game_ThePerfectDate/Meshes/Dep/Models/Keyboard.uexp" 3091
"C:/Users/1869771/Documents/GitHub/Martel_Ju_TP2_sans_lfs/Content/Game_ThePerfectDate/Meshes/Dep/Models/Ladders.ubulk" 3092
"C:/Users/1869771/Documents/GitHub/Martel_Ju_TP2_sans_lfs/Content/Game_ThePerfectDate/Meshes/Dep/Models/Ladders.uasset" 3093
"C:/Users/1869771/Documents/GitHub/Martel_Ju_TP2_sans_lfs/Content/Game_ThePerfectDate/Meshes/Dep/Models/Ladders.uexp" 3094
"C:/Users/1869771/Documents/GitHub/Martel_Ju_TP2_sans_lfs/Content/Game_ThePerfectDate/Meshes/Dep/Models/Lights_02.ubulk" 3095
"C:/Users/1869771/Documents/GitHub/Martel_Ju_TP2_sans_lfs/Content/Game_ThePerfectDate/Meshes/Dep/Models/Lights_02.uasset" 3096
"C:/Users/1869771/Documents/GitHub/Martel_Ju_TP2_sans_lfs/Content/Game_ThePerfectDate/Meshes/Dep/Models/Lights_02.uexp" 3097
"C:/Users/1869771/Documents/GitHub/Martel_Ju_TP2_sans_lfs/Content/Game_ThePerfectDate/Meshes/Dep/Models/Lottery1.ubulk" 3098
"C:/Users/1869771/Documents/GitHub/Martel_Ju_TP2_sans_lfs/Content/Game_ThePerfectDate/Meshes/Dep/Models/Lottery1.uasset" 3099
"C:/Users/1869771/Documents/GitHub/Martel_Ju_TP2_sans_lfs/Content/Game_ThePerfectDate/Meshes/Dep/Models/Lottery1.uexp" 3100
"C:/Users/1869771/Documents/GitHub/Martel_Ju_TP2_sans_lfs/Content/Game_ThePerfectDate/Meshes/Dep/Models/Monitor.ubulk" 3101
"C:/Users/1869771/Documents/GitHub/Martel_Ju_TP2_sans_lfs/Content/Game_ThePerfectDate/Meshes/Dep/Models/Monitor.uasset" 3102
"C:/Users/1869771/Documents/GitHub/Martel_Ju_TP2_sans_lfs/Content/Game_ThePerfectDate/Meshes/Dep/Models/Monitor.uexp" 3103
"C:/Users/1869771/Documents/GitHub/Martel_Ju_TP2_sans_lfs/Content/Game_ThePerfectDate/Meshes/Dep/Models/Mostrator1.ubulk" 3104
"C:/Users/1869771/Documents/GitHub/Martel_Ju_TP2_sans_lfs/Content/Game_ThePerfectDate/Meshes/Dep/Models/Mostrator1.uasset" 3105
"C:/Users/1869771/Documents/GitHub/Martel_Ju_TP2_sans_lfs/Content/Game_ThePerfectDate/Meshes/Dep/Models/Mostrator1.uexp" 3106
"C:/Users/1869771/Documents/GitHub/Martel_Ju_TP2_sans_lfs/Content/Game_ThePerfectDate/Meshes/Dep/Models/Payment_Terminal.ubulk" 3107
"C:/Users/1869771/Documents/GitHub/Martel_Ju_TP2_sans_lfs/Content/Game_ThePerfectDate/Meshes/Dep/Models/Payment_Terminal.uasset" 3108
"C:/Users/1869771/Documents/GitHub/Martel_Ju_TP2_sans_lfs/Content/Game_ThePerfectDate/Meshes/Dep/Models/Payment_Terminal.uexp" 3109
"C:/Users/1869771/Documents/GitHub/Martel_Ju_TP2_sans_lfs/Content/Game_ThePerfectDate/Meshes/Dep/Models/Shelf_02.ubulk" 3110
"C:/Users/1869771/Documents/GitHub/Martel_Ju_TP2_sans_lfs/Content/Game_ThePerfectDate/Meshes/Dep/Models/Shelf_02.uasset" 3111
"C:/Users/1869771/Documents/GitHub/Martel_Ju_TP2_sans_lfs/Content/Game_ThePerfectDate/Meshes/Dep/Models/Shelf_02.uexp" 3112
"C:/Users/1869771/Documents/GitHub/Martel_Ju_TP2_sans_lfs/Content/Game_ThePerfectDate/Meshes/Dep/Models/Tiles1.ubulk" 3113
"C:/Users/1869771/Documents/GitHub/Martel_Ju_TP2_sans_lfs/Content/Game_ThePerfectDate/Meshes/Dep/Models/Tiles1.uasset" 3114
"C:/Users/1869771/Documents/GitHub/Martel_Ju_TP2_sans_lfs/Content/Game_ThePerfectDate/Meshes/Dep/Models/Tiles1.uexp" 3115
"C:/Users/1869771/Documents/GitHub/Martel_Ju_TP2_sans_lfs/Content/Game_ThePerfectDate/Meshes/Dep/Textures/ice_cream_popsicles.ubulk" 3116
"C:/Users/1869771/Documents/GitHub/Martel_Ju_TP2_sans_lfs/Content/Game_ThePerfectDate/Meshes/Dep/Textures/ice_cream_popsicles.uasset" 3117
"C:/Users/1869771/Documents/GitHub/Martel_Ju_TP2_sans_lfs/Content/Game_ThePerfectDate/Meshes/Dep/Textures/ice_cream_popsicles.uexp" 3118
"C:/Users/1869771/Documents/GitHub/Martel_Ju_TP2_sans_lfs/Content/Game_ThePerfectDate/Meshes/Dep/Textures/ice_cream_popsicles_Mat.uasset" 3119
"C:/Users/1869771/Documents/GitHub/Martel_Ju_TP2_sans_lfs/Content/Game_ThePerfectDate/Meshes/Dep/Textures/ice_cream_popsicles_Mat.uexp" 3120
"C:/Users/1869771/Documents/GitHub/Martel_Ju_TP2_sans_lfs/Content/Game_ThePerfectDate/Meshes/Dep/Textures/Prices.uasset" 3121
"C:/Users/1869771/Documents/GitHub/Martel_Ju_TP2_sans_lfs/Content/Game_ThePerfectDate/Meshes/Dep/Textures/Prices.uexp" 3122
"C:/Users/1869771/Documents/GitHub/Martel_Ju_TP2_sans_lfs/Content/Game_ThePerfectDate/Meshes/Dep/Textures/Prices_Mat.uasset" 3123
"C:/Users/1869771/Documents/GitHub/Martel_Ju_TP2_sans_lfs/Content/Game_ThePerfectDate/Meshes/Dep/Textures/Prices_Mat.uexp" 3124
"C:/Users/1869771/Documents/GitHub/Martel_Ju_TP2_sans_lfs/Content/Game_ThePerfectDate/Meshes/Furnitures/PSX2/Texture/Plants_09.uasset" 3125
"C:/Users/1869771/Documents/GitHub/Martel_Ju_TP2_sans_lfs/Content/Game_ThePerfectDate/Meshes/Furnitures/PSX2/Texture/Plants_09.uexp" 3126
"C:/Users/1869771/Documents/GitHub/Martel_Ju_TP2_sans_lfs/Content/Game_ThePerfectDate/Meshes/Furnitures/PSX2/Texture/Plants_09_Mat.uasset" 3127
"C:/Users/1869771/Documents/GitHub/Martel_Ju_TP2_sans_lfs/Content/Game_ThePerfectDate/Meshes/Furnitures/PSX2/Texture/Plants_09_Mat.uexp" 3128
"C:/Users/1869771/Documents/GitHub/Martel_Ju_TP2_sans_lfs/Content/Game_ThePerfectDate/Meshes/Furnitures/PSX2/Models/Ar3.ubulk" 3129
"C:/Users/1869771/Documents/GitHub/Martel_Ju_TP2_sans_lfs/Content/Game_ThePerfectDate/Meshes/Furnitures/PSX2/Models/Ar3.uasset" 3130
"C:/Users/1869771/Documents/GitHub/Martel_Ju_TP2_sans_lfs/Content/Game_ThePerfectDate/Meshes/Furnitures/PSX2/Models/Ar3.uexp" 3131
"C:/Users/1869771/Documents/GitHub/Martel_Ju_TP2_sans_lfs/Content/Game_ThePerfectDate/Meshes/Furnitures/PSX2/Materials/Material_010.uasset" 3132
"C:/Users/1869771/Documents/GitHub/Martel_Ju_TP2_sans_lfs/Content/Game_ThePerfectDate/Meshes/Furnitures/PSX2/Materials/Material_010.uexp" 3133
"C:/Users/1869771/Documents/GitHub/Martel_Ju_TP2_sans_lfs/Content/Game_ThePerfectDate/Meshes/Furnitures/PSX2/Materials/Metal.uasset" 3134
"C:/Users/1869771/Documents/GitHub/Martel_Ju_TP2_sans_lfs/Content/Game_ThePerfectDate/Meshes/Furnitures/PSX2/Materials/Metal.uexp" 3135
"C:/Users/1869771/Documents/GitHub/Martel_Ju_TP2_sans_lfs/Content/Game_ThePerfectDate/Meshes/Furnitures/PSX2/Materials/Material_091.uasset" 3136
"C:/Users/1869771/Documents/GitHub/Martel_Ju_TP2_sans_lfs/Content/Game_ThePerfectDate/Meshes/Furnitures/PSX2/Materials/Material_091.uexp" 3137
"C:/Users/1869771/Documents/GitHub/Martel_Ju_TP2_sans_lfs/Content/Game_ThePerfectDate/Meshes/Furnitures/PSX2/Models/Carro_su_003.ubulk" 3138
"C:/Users/1869771/Documents/GitHub/Martel_Ju_TP2_sans_lfs/Content/Game_ThePerfectDate/Meshes/Furnitures/PSX2/Models/Carro_su_003.uasset" 3139
"C:/Users/1869771/Documents/GitHub/Martel_Ju_TP2_sans_lfs/Content/Game_ThePerfectDate/Meshes/Furnitures/PSX2/Models/Carro_su_003.uexp" 3140
"C:/Users/1869771/Documents/GitHub/Martel_Ju_TP2_sans_lfs/Content/Game_ThePerfectDate/Meshes/Furnitures/PSX2/Materials/Metal_14.uasset" 3141
"C:/Users/1869771/Documents/GitHub/Martel_Ju_TP2_sans_lfs/Content/Game_ThePerfectDate/Meshes/Furnitures/PSX2/Materials/Metal_14.uexp" 3142
"C:/Users/1869771/Documents/GitHub/Martel_Ju_TP2_sans_lfs/Content/Game_ThePerfectDate/Meshes/Furnitures/PSX2/Materials/Metal_15.uasset" 3143
"C:/Users/1869771/Documents/GitHub/Martel_Ju_TP2_sans_lfs/Content/Game_ThePerfectDate/Meshes/Furnitures/PSX2/Materials/Metal_15.uexp" 3144
"C:/Users/1869771/Documents/GitHub/Martel_Ju_TP2_sans_lfs/Content/Game_ThePerfectDate/Meshes/Furnitures/PSX2/Models/Cube_128.ubulk" 3145
"C:/Users/1869771/Documents/GitHub/Martel_Ju_TP2_sans_lfs/Content/Game_ThePerfectDate/Meshes/Furnitures/PSX2/Models/Cube_128.uasset" 3146
"C:/Users/1869771/Documents/GitHub/Martel_Ju_TP2_sans_lfs/Content/Game_ThePerfectDate/Meshes/Furnitures/PSX2/Models/Cube_128.uexp" 3147
"C:/Users/1869771/Documents/GitHub/Martel_Ju_TP2_sans_lfs/Content/Game_ThePerfectDate/Meshes/Furnitures/PSX2/Materials/Cash_register.uasset" 3148
"C:/Users/1869771/Documents/GitHub/Martel_Ju_TP2_sans_lfs/Content/Game_ThePerfectDate/Meshes/Furnitures/PSX2/Materials/Cash_register.uexp" 3149
"C:/Users/1869771/Documents/GitHub/Martel_Ju_TP2_sans_lfs/Content/Game_ThePerfectDate/Meshes/Furnitures/PSX2/Models/Cube_131.ubulk" 3150
"C:/Users/1869771/Documents/GitHub/Martel_Ju_TP2_sans_lfs/Content/Game_ThePerfectDate/Meshes/Furnitures/PSX2/Models/Cube_131.uasset" 3151
"C:/Users/1869771/Documents/GitHub/Martel_Ju_TP2_sans_lfs/Content/Game_ThePerfectDate/Meshes/Furnitures/PSX2/Models/Cube_131.uexp" 3152
"C:/Users/1869771/Documents/GitHub/Martel_Ju_TP2_sans_lfs/Content/Game_ThePerfectDate/Meshes/Furnitures/PSX2/Texture/Wire.uasset" 3153
"C:/Users/1869771/Documents/GitHub/Martel_Ju_TP2_sans_lfs/Content/Game_ThePerfectDate/Meshes/Furnitures/PSX2/Texture/Wire.uexp" 3154
"C:/Users/1869771/Documents/GitHub/Martel_Ju_TP2_sans_lfs/Content/Game_ThePerfectDate/Meshes/Furnitures/PSX2/Texture/Wire_Mat.uasset" 3155
"C:/Users/1869771/Documents/GitHub/Martel_Ju_TP2_sans_lfs/Content/Game_ThePerfectDate/Meshes/Furnitures/PSX2/Texture/Wire_Mat.uexp" 3156
"C:/Users/1869771/Documents/GitHub/Martel_Ju_TP2_sans_lfs/Content/Game_ThePerfectDate/Meshes/Furnitures/Trailer/Materials/Antenna.uasset" 3157
"C:/Users/1869771/Documents/GitHub/Martel_Ju_TP2_sans_lfs/Content/Game_ThePerfectDate/Meshes/Furnitures/Trailer/Materials/Antenna.uexp" 3158
"C:/Users/1869771/Documents/GitHub/Martel_Ju_TP2_sans_lfs/Content/Game_ThePerfectDate/Meshes/Furnitures/Trailer/Props/Antenna_.ubulk" 3159
"C:/Users/1869771/Documents/GitHub/Martel_Ju_TP2_sans_lfs/Content/Game_ThePerfectDate/Meshes/Furnitures/Trailer/Props/Antenna_.uasset" 3160
"C:/Users/1869771/Documents/GitHub/Martel_Ju_TP2_sans_lfs/Content/Game_ThePerfectDate/Meshes/Furnitures/Trailer/Props/Antenna_.uexp" 3161
"C:/Users/1869771/Documents/GitHub/Martel_Ju_TP2_sans_lfs/Content/Game_ThePerfectDate/Meshes/Furnitures/Trailer/Materials/Metal_Fence.uasset" 3162
"C:/Users/1869771/Documents/GitHub/Martel_Ju_TP2_sans_lfs/Content/Game_ThePerfectDate/Meshes/Furnitures/Trailer/Materials/Metal_Fence.uexp" 3163
"C:/Users/1869771/Documents/GitHub/Martel_Ju_TP2_sans_lfs/Content/Game_ThePerfectDate/Meshes/Furnitures/Trailer/Props/Fence.ubulk" 3164
"C:/Users/1869771/Documents/GitHub/Martel_Ju_TP2_sans_lfs/Content/Game_ThePerfectDate/Meshes/Furnitures/Trailer/Props/Fence.uasset" 3165
"C:/Users/1869771/Documents/GitHub/Martel_Ju_TP2_sans_lfs/Content/Game_ThePerfectDate/Meshes/Furnitures/Trailer/Props/Fence.uexp" 3166
"C:/Users/1869771/Documents/GitHub/Martel_Ju_TP2_sans_lfs/Content/Game_ThePerfectDate/Meshes/Furnitures/Trailer/Materials/Flowers.uasset" 3167
"C:/Users/1869771/Documents/GitHub/Martel_Ju_TP2_sans_lfs/Content/Game_ThePerfectDate/Meshes/Furnitures/Trailer/Materials/Flowers.uexp" 3168
"C:/Users/1869771/Documents/GitHub/Martel_Ju_TP2_sans_lfs/Content/Game_ThePerfectDate/Meshes/Furnitures/Trailer/Props/Flowers1.ubulk" 3169
"C:/Users/1869771/Documents/GitHub/Martel_Ju_TP2_sans_lfs/Content/Game_ThePerfectDate/Meshes/Furnitures/Trailer/Props/Flowers1.uasset" 3170
"C:/Users/1869771/Documents/GitHub/Martel_Ju_TP2_sans_lfs/Content/Game_ThePerfectDate/Meshes/Furnitures/Trailer/Props/Flowers1.uexp" 3171
"C:/Users/1869771/Documents/GitHub/Martel_Ju_TP2_sans_lfs/Content/Game_ThePerfectDate/Meshes/Furnitures/Trailer/Textures/Antenna_Mat.uasset" 3172
"C:/Users/1869771/Documents/GitHub/Martel_Ju_TP2_sans_lfs/Content/Game_ThePerfectDate/Meshes/Furnitures/Trailer/Textures/Antenna_Mat.uexp" 3173
"C:/Users/1869771/Documents/GitHub/Martel_Ju_TP2_sans_lfs/Content/Game_ThePerfectDate/Meshes/Furnitures/Trailer/Textures/Flowers.ubulk" 3174
"C:/Users/1869771/Documents/GitHub/Martel_Ju_TP2_sans_lfs/Content/Game_ThePerfectDate/Meshes/Furnitures/Trailer/Textures/Flowers.uasset" 3175
"C:/Users/1869771/Documents/GitHub/Martel_Ju_TP2_sans_lfs/Content/Game_ThePerfectDate/Meshes/Furnitures/Trailer/Textures/Flowers.uexp" 3176
"C:/Users/1869771/Documents/GitHub/Martel_Ju_TP2_sans_lfs/Content/Game_ThePerfectDate/Meshes/Furnitures/Trailer/Textures/Flowers_Mat.uasset" 3177
"C:/Users/1869771/Documents/GitHub/Martel_Ju_TP2_sans_lfs/Content/Game_ThePerfectDate/Meshes/Furnitures/Trailer/Textures/Flowers_Mat.uexp" 3178
"C:/Users/1869771/Documents/GitHub/Martel_Ju_TP2_sans_lfs/Content/Game_ThePerfectDate/Meshes/Furnitures/Trailer/Materials/Black.uasset" 3179
"C:/Users/1869771/Documents/GitHub/Martel_Ju_TP2_sans_lfs/Content/Game_ThePerfectDate/Meshes/Furnitures/Trailer/Materials/Black.uexp" 3180
"C:/Users/1869771/Documents/GitHub/Martel_Ju_TP2_sans_lfs/Content/Game_ThePerfectDate/Meshes/Furnitures/Trailer/Trailer/cable_006.ubulk" 3181
"C:/Users/1869771/Documents/GitHub/Martel_Ju_TP2_sans_lfs/Content/Game_ThePerfectDate/Meshes/Furnitures/Trailer/Trailer/cable_006.uasset" 3182
"C:/Users/1869771/Documents/GitHub/Martel_Ju_TP2_sans_lfs/Content/Game_ThePerfectDate/Meshes/Furnitures/Trailer/Trailer/cable_006.uexp" 3183
"C:/Users/1869771/Documents/GitHub/Martel_Ju_TP2_sans_lfs/Content/Game_ThePerfectDate/Meshes/Furnitures/Trailer/Trailer/trash_can_metal.uasset" 3184
"C:/Users/1869771/Documents/GitHub/Martel_Ju_TP2_sans_lfs/Content/Game_ThePerfectDate/Meshes/Furnitures/Trailer/Trailer/trash_can_metal.uexp" 3185
"C:/Users/1869771/Documents/GitHub/Martel_Ju_TP2_sans_lfs/Content/Game_ThePerfectDate/Meshes/Furnitures/Trailer/Trailer/trash_can_metal_003.ubulk" 3186
"C:/Users/1869771/Documents/GitHub/Martel_Ju_TP2_sans_lfs/Content/Game_ThePerfectDate/Meshes/Furnitures/Trailer/Trailer/trash_can_metal_003.uasset" 3187
"C:/Users/1869771/Documents/GitHub/Martel_Ju_TP2_sans_lfs/Content/Game_ThePerfectDate/Meshes/Furnitures/Trailer/Trailer/trash_can_metal_003.uexp" 3188
"C:/Users/1869771/Documents/GitHub/Martel_Ju_TP2_sans_lfs/Content/Game_ThePerfectDate/Meshes/Furnitures/Trailer/Trailer/trash_can_metal_top_006.ubulk" 3189
"C:/Users/1869771/Documents/GitHub/Martel_Ju_TP2_sans_lfs/Content/Game_ThePerfectDate/Meshes/Furnitures/Trailer/Trailer/trash_can_metal_top_006.uasset" 3190
"C:/Users/1869771/Documents/GitHub/Martel_Ju_TP2_sans_lfs/Content/Game_ThePerfectDate/Meshes/Furnitures/Trailer/Trailer/trash_can_metal_top_006.uexp" 3191
"C:/Users/1869771/Documents/GitHub/Martel_Ju_TP2_sans_lfs/Content/Game_ThePerfectDate/Meshes/Nature/Branch_10.uasset" 3192
"C:/Users/1869771/Documents/GitHub/Martel_Ju_TP2_sans_lfs/Content/Game_ThePerfectDate/Meshes/Nature/Branch_10.uexp" 3193
"C:/Users/1869771/Documents/GitHub/Martel_Ju_TP2_sans_lfs/Content/Game_ThePerfectDate/Meshes/Nature/Branch_10_Mat.uasset" 3194
"C:/Users/1869771/Documents/GitHub/Martel_Ju_TP2_sans_lfs/Content/Game_ThePerfectDate/Meshes/Nature/Branch_10_Mat.uexp" 3195
"C:/Users/1869771/Documents/GitHub/Martel_Ju_TP2_sans_lfs/Content/Game_ThePerfectDate/Meshes/Nature/Branch_1.ubulk" 3196
"C:/Users/1869771/Documents/GitHub/Martel_Ju_TP2_sans_lfs/Content/Game_ThePerfectDate/Meshes/Nature/Branch_1.uasset" 3197
"C:/Users/1869771/Documents/GitHub/Martel_Ju_TP2_sans_lfs/Content/Game_ThePerfectDate/Meshes/Nature/Branch_1.uexp" 3198
"C:/Users/1869771/Documents/GitHub/Martel_Ju_TP2_sans_lfs/Content/Game_ThePerfectDate/Meshes/Nature/Branch_1_Mat.uasset" 3199
"C:/Users/1869771/Documents/GitHub/Martel_Ju_TP2_sans_lfs/Content/Game_ThePerfectDate/Meshes/Nature/Branch_1_Mat.uexp" 3200
"C:/Users/1869771/Documents/GitHub/Martel_Ju_TP2_sans_lfs/Content/Game_ThePerfectDate/Meshes/Nature/Branch_2.uasset" 3201
"C:/Users/1869771/Documents/GitHub/Martel_Ju_TP2_sans_lfs/Content/Game_ThePerfectDate/Meshes/Nature/Branch_2.uexp" 3202
"C:/Users/1869771/Documents/GitHub/Martel_Ju_TP2_sans_lfs/Content/Game_ThePerfectDate/Meshes/Nature/Branch_2_Mat.uasset" 3203
"C:/Users/1869771/Documents/GitHub/Martel_Ju_TP2_sans_lfs/Content/Game_ThePerfectDate/Meshes/Nature/Branch_2_Mat.uexp" 3204
"C:/Users/1869771/Documents/GitHub/Martel_Ju_TP2_sans_lfs/Content/Game_ThePerfectDate/Meshes/Nature/Branch_6.uasset" 3205
"C:/Users/1869771/Documents/GitHub/Martel_Ju_TP2_sans_lfs/Content/Game_ThePerfectDate/Meshes/Nature/Branch_6.uexp" 3206
"C:/Users/1869771/Documents/GitHub/Martel_Ju_TP2_sans_lfs/Content/Game_ThePerfectDate/Meshes/Nature/Branch_6_Mat.uasset" 3207
"C:/Users/1869771/Documents/GitHub/Martel_Ju_TP2_sans_lfs/Content/Game_ThePerfectDate/Meshes/Nature/Branch_6_Mat.uexp" 3208
"C:/Users/1869771/Documents/GitHub/Martel_Ju_TP2_sans_lfs/Content/Game_ThePerfectDate/Meshes/Nature/Branch.uasset" 3209
"C:/Users/1869771/Documents/GitHub/Martel_Ju_TP2_sans_lfs/Content/Game_ThePerfectDate/Meshes/Nature/Branch.uexp" 3210
"C:/Users/1869771/Documents/GitHub/Martel_Ju_TP2_sans_lfs/Content/Game_ThePerfectDate/Meshes/Nature/Branch_Mat.uasset" 3211
"C:/Users/1869771/Documents/GitHub/Martel_Ju_TP2_sans_lfs/Content/Game_ThePerfectDate/Meshes/Nature/Branch_Mat.uexp" 3212
"C:/Users/1869771/Documents/GitHub/Martel_Ju_TP2_sans_lfs/Content/Game_ThePerfectDate/Meshes/Nature/Tree.ubulk" 3213
"C:/Users/1869771/Documents/GitHub/Martel_Ju_TP2_sans_lfs/Content/Game_ThePerfectDate/Meshes/Nature/Tree.uasset" 3214
"C:/Users/1869771/Documents/GitHub/Martel_Ju_TP2_sans_lfs/Content/Game_ThePerfectDate/Meshes/Nature/Tree.uexp" 3215
"C:/Users/1869771/Documents/GitHub/Martel_Ju_TP2_sans_lfs/Content/Game_ThePerfectDate/Meshes/Nature/Wood_01.uasset" 3216
"C:/Users/1869771/Documents/GitHub/Martel_Ju_TP2_sans_lfs/Content/Game_ThePerfectDate/Meshes/Nature/Wood_01.uexp" 3217
"C:/Users/1869771/Documents/GitHub/Martel_Ju_TP2_sans_lfs/Content/Game_ThePerfectDate/Meshes/Nature/Tree_5.ubulk" 3218
"C:/Users/1869771/Documents/GitHub/Martel_Ju_TP2_sans_lfs/Content/Game_ThePerfectDate/Meshes/Nature/Tree_5.uasset" 3219
"C:/Users/1869771/Documents/GitHub/Martel_Ju_TP2_sans_lfs/Content/Game_ThePerfectDate/Meshes/Nature/Tree_5.uexp" 3220
"C:/Users/1869771/Documents/GitHub/Martel_Ju_TP2_sans_lfs/Content/Game_ThePerfectDate/Meshes/Nature/Tree_6.ubulk" 3221
"C:/Users/1869771/Documents/GitHub/Martel_Ju_TP2_sans_lfs/Content/Game_ThePerfectDate/Meshes/Nature/Tree_6.uasset" 3222
"C:/Users/1869771/Documents/GitHub/Martel_Ju_TP2_sans_lfs/Content/Game_ThePerfectDate/Meshes/Nature/Tree_6.uexp" 3223
"C:/Users/1869771/Documents/GitHub/Martel_Ju_TP2_sans_lfs/Content/Game_ThePerfectDate/Meshes/Nature/Wood_1.uasset" 3224
"C:/Users/1869771/Documents/GitHub/Martel_Ju_TP2_sans_lfs/Content/Game_ThePerfectDate/Meshes/Nature/Wood_1.uexp" 3225
"C:/Users/1869771/Documents/GitHub/Martel_Ju_TP2_sans_lfs/Content/Game_ThePerfectDate/Meshes/Nature/Wood_1_Mat.uasset" 3226
"C:/Users/1869771/Documents/GitHub/Martel_Ju_TP2_sans_lfs/Content/Game_ThePerfectDate/Meshes/Nature/Wood_1_Mat.uexp" 3227
"C:/Users/1869771/Documents/GitHub/Martel_Ju_TP2_sans_lfs/Content/Game_ThePerfectDate/Meshes/Nature/Wood_6.ubulk" 3228
"C:/Users/1869771/Documents/GitHub/Martel_Ju_TP2_sans_lfs/Content/Game_ThePerfectDate/Meshes/Nature/Wood_6.uasset" 3229
"C:/Users/1869771/Documents/GitHub/Martel_Ju_TP2_sans_lfs/Content/Game_ThePerfectDate/Meshes/Nature/Wood_6.uexp" 3230
"C:/Users/1869771/Documents/GitHub/Martel_Ju_TP2_sans_lfs/Content/Game_ThePerfectDate/Meshes/Nature/Wood_6_Mat.uasset" 3231
"C:/Users/1869771/Documents/GitHub/Martel_Ju_TP2_sans_lfs/Content/Game_ThePerfectDate/Meshes/Nature/Wood_6_Mat.uexp" 3232
"C:/Users/1869771/Documents/GitHub/Martel_Ju_TP2_sans_lfs/Content/Game_ThePerfectDate/Meshes/Personnages/NPC/Characters_PSX/Character_06/Character_06_Skeleton.uasset" 3233
"C:/Users/1869771/Documents/GitHub/Martel_Ju_TP2_sans_lfs/Content/Game_ThePerfectDate/Meshes/Personnages/NPC/Characters_PSX/Character_06/Character_06_Skeleton.uexp" 3234
"C:/Users/1869771/Documents/GitHub/Martel_Ju_TP2_sans_lfs/Content/Game_ThePerfectDate/Meshes/Personnages/NPC/Characters_PSX/Character_06/Character_06_PhysicsAsset.uasset" 3235
"C:/Users/1869771/Documents/GitHub/Martel_Ju_TP2_sans_lfs/Content/Game_ThePerfectDate/Meshes/Personnages/NPC/Characters_PSX/Character_06/Character_06_PhysicsAsset.uexp" 3236
"C:/Users/1869771/Documents/GitHub/Martel_Ju_TP2_sans_lfs/Content/Game_ThePerfectDate/Meshes/Personnages/NPC/Characters_PSX/Character_06/Character_061.uasset" 3237
"C:/Users/1869771/Documents/GitHub/Martel_Ju_TP2_sans_lfs/Content/Game_ThePerfectDate/Meshes/Personnages/NPC/Characters_PSX/Character_06/Character_061.uexp" 3238
"C:/Users/1869771/Documents/GitHub/Martel_Ju_TP2_sans_lfs/Content/Game_ThePerfectDate/Meshes/Personnages/NPC/Characters_PSX/Character_06/Locking_Hip_Hop_Dance.uasset" 3239
"C:/Users/1869771/Documents/GitHub/Martel_Ju_TP2_sans_lfs/Content/Game_ThePerfectDate/Meshes/Personnages/NPC/Characters_PSX/Character_06/Locking_Hip_Hop_Dance.uexp" 3240
"C:/Users/1869771/Documents/GitHub/Martel_Ju_TP2_sans_lfs/Content/Game_ThePerfectDate/Meshes/Personnages/NPC/Characters_PSX/Fille2/Character_Female_07_Skeleton.uasset" 3241
"C:/Users/1869771/Documents/GitHub/Martel_Ju_TP2_sans_lfs/Content/Game_ThePerfectDate/Meshes/Personnages/NPC/Characters_PSX/Fille2/Character_Female_07_Skeleton.uexp" 3242
"C:/Users/1869771/Documents/GitHub/Martel_Ju_TP2_sans_lfs/Content/Game_ThePerfectDate/Meshes/Personnages/NPC/Characters_PSX/Fille2/Character_Female_07.uasset" 3243
"C:/Users/1869771/Documents/GitHub/Martel_Ju_TP2_sans_lfs/Content/Game_ThePerfectDate/Meshes/Personnages/NPC/Characters_PSX/Fille2/Character_Female_07.uexp" 3244
"C:/Users/1869771/Documents/GitHub/Martel_Ju_TP2_sans_lfs/Content/Game_ThePerfectDate/Meshes/Personnages/NPC/Characters_PSX/Fille2/Head_Spinning.uasset" 3245
"C:/Users/1869771/Documents/GitHub/Martel_Ju_TP2_sans_lfs/Content/Game_ThePerfectDate/Meshes/Personnages/NPC/Characters_PSX/Fille2/Head_Spinning.uexp" 3246
"C:/Users/1869771/Documents/GitHub/Martel_Ju_TP2_sans_lfs/Content/Game_ThePerfectDate/Meshes/Personnages/NPC/Characters_PSX/Fille2/Texture/Character_Female_07.ubulk" 3247
"C:/Users/1869771/Documents/GitHub/Martel_Ju_TP2_sans_lfs/Content/Game_ThePerfectDate/Meshes/Personnages/NPC/Characters_PSX/Fille2/Texture/Character_Female_07.uasset" 3248
"C:/Users/1869771/Documents/GitHub/Martel_Ju_TP2_sans_lfs/Content/Game_ThePerfectDate/Meshes/Personnages/NPC/Characters_PSX/Fille2/Texture/Character_Female_07.uexp" 3249
"C:/Users/1869771/Documents/GitHub/Martel_Ju_TP2_sans_lfs/Content/Game_ThePerfectDate/Meshes/Personnages/NPC/Characters_PSX/Fille2/Texture/Character_Female_07_Mat.uasset" 3250
"C:/Users/1869771/Documents/GitHub/Martel_Ju_TP2_sans_lfs/Content/Game_ThePerfectDate/Meshes/Personnages/NPC/Characters_PSX/Fille2/Texture/Character_Female_07_Mat.uexp" 3251
"C:/Users/1869771/Documents/GitHub/Martel_Ju_TP2_sans_lfs/Content/Game_ThePerfectDate/Meshes/Personnages/NPC/Characters_PSX/KillerNPC/Texture/Character_Killer_02.ubulk" 3252
"C:/Users/1869771/Documents/GitHub/Martel_Ju_TP2_sans_lfs/Content/Game_ThePerfectDate/Meshes/Personnages/NPC/Characters_PSX/KillerNPC/Texture/Character_Killer_02.uasset" 3253
"C:/Users/1869771/Documents/GitHub/Martel_Ju_TP2_sans_lfs/Content/Game_ThePerfectDate/Meshes/Personnages/NPC/Characters_PSX/KillerNPC/Texture/Character_Killer_02.uexp" 3254
"C:/Users/1869771/Documents/GitHub/Martel_Ju_TP2_sans_lfs/Content/Game_ThePerfectDate/Materials/Vertex_Snapping/MI_Killer.uasset" 3255
"C:/Users/1869771/Documents/GitHub/Martel_Ju_TP2_sans_lfs/Content/Game_ThePerfectDate/Materials/Vertex_Snapping/MI_Killer.uexp" 3256
"C:/Users/1869771/Documents/GitHub/Martel_Ju_TP2_sans_lfs/Content/Game_ThePerfectDate/Meshes/Personnages/NPC/Characters_PSX/KillerNPC/Character_Killer_02_Skeleton.uasset" 3257
"C:/Users/1869771/Documents/GitHub/Martel_Ju_TP2_sans_lfs/Content/Game_ThePerfectDate/Meshes/Personnages/NPC/Characters_PSX/KillerNPC/Character_Killer_02_Skeleton.uexp" 3258
"C:/Users/1869771/Documents/GitHub/Martel_Ju_TP2_sans_lfs/Content/Game_ThePerfectDate/Meshes/Personnages/NPC/Characters_PSX/KillerNPC/Character_Killer_02.uasset" 3259
"C:/Users/1869771/Documents/GitHub/Martel_Ju_TP2_sans_lfs/Content/Game_ThePerfectDate/Meshes/Personnages/NPC/Characters_PSX/KillerNPC/Character_Killer_02.uexp" 3260
"C:/Users/1869771/Documents/GitHub/Martel_Ju_TP2_sans_lfs/Content/Game_ThePerfectDate/Meshes/Personnages/NPC/Characters_PSX/KillerNPC/Sitting.uasset" 3261
"C:/Users/1869771/Documents/GitHub/Martel_Ju_TP2_sans_lfs/Content/Game_ThePerfectDate/Meshes/Personnages/NPC/Characters_PSX/KillerNPC/Sitting.uexp" 3262
"C:/Users/1869771/Documents/GitHub/Martel_Ju_TP2_sans_lfs/Content/Game_ThePerfectDate/Meshes/Personnages/NPC/Characters_PSX/Madame1/Texture/Character_Female_15.ubulk" 3263
"C:/Users/1869771/Documents/GitHub/Martel_Ju_TP2_sans_lfs/Content/Game_ThePerfectDate/Meshes/Personnages/NPC/Characters_PSX/Madame1/Texture/Character_Female_15.uasset" 3264
"C:/Users/1869771/Documents/GitHub/Martel_Ju_TP2_sans_lfs/Content/Game_ThePerfectDate/Meshes/Personnages/NPC/Characters_PSX/Madame1/Texture/Character_Female_15.uexp" 3265
"C:/Users/1869771/Documents/GitHub/Martel_Ju_TP2_sans_lfs/Content/Game_ThePerfectDate/Materials/Vertex_Snapping/MI_Fille1.uasset" 3266
"C:/Users/1869771/Documents/GitHub/Martel_Ju_TP2_sans_lfs/Content/Game_ThePerfectDate/Materials/Vertex_Snapping/MI_Fille1.uexp" 3267
"C:/Users/1869771/Documents/GitHub/Martel_Ju_TP2_sans_lfs/Content/Game_ThePerfectDate/Meshes/Personnages/NPC/Characters_PSX/Madame1/Character_Female_15_Skeleton.uasset" 3268
"C:/Users/1869771/Documents/GitHub/Martel_Ju_TP2_sans_lfs/Content/Game_ThePerfectDate/Meshes/Personnages/NPC/Characters_PSX/Madame1/Character_Female_15_Skeleton.uexp" 3269
"C:/Users/1869771/Documents/GitHub/Martel_Ju_TP2_sans_lfs/Content/Game_ThePerfectDate/Meshes/Personnages/NPC/Characters_PSX/Madame1/Character_Female_15.uasset" 3270
"C:/Users/1869771/Documents/GitHub/Martel_Ju_TP2_sans_lfs/Content/Game_ThePerfectDate/Meshes/Personnages/NPC/Characters_PSX/Madame1/Character_Female_15.uexp" 3271
"C:/Users/1869771/Documents/GitHub/Martel_Ju_TP2_sans_lfs/Content/Game_ThePerfectDate/Meshes/Personnages/NPC/Characters_PSX/Madame1/Leaning_On_A_Wall.uasset" 3272
"C:/Users/1869771/Documents/GitHub/Martel_Ju_TP2_sans_lfs/Content/Game_ThePerfectDate/Meshes/Personnages/NPC/Characters_PSX/Madame1/Leaning_On_A_Wall.uexp" 3273
"C:/Users/1869771/Documents/GitHub/Martel_Ju_TP2_sans_lfs/Content/Game_ThePerfectDate/Meshes/Personnages/NPC/Characters_PSX/Monsieur01/Texture/Character_15.ubulk" 3274
"C:/Users/1869771/Documents/GitHub/Martel_Ju_TP2_sans_lfs/Content/Game_ThePerfectDate/Meshes/Personnages/NPC/Characters_PSX/Monsieur01/Texture/Character_15.uasset" 3275
"C:/Users/1869771/Documents/GitHub/Martel_Ju_TP2_sans_lfs/Content/Game_ThePerfectDate/Meshes/Personnages/NPC/Characters_PSX/Monsieur01/Texture/Character_15.uexp" 3276
"C:/Users/1869771/Documents/GitHub/Martel_Ju_TP2_sans_lfs/Content/Game_ThePerfectDate/Materials/Vertex_Snapping/NPC/MI_Monsieur01.uasset" 3277
"C:/Users/1869771/Documents/GitHub/Martel_Ju_TP2_sans_lfs/Content/Game_ThePerfectDate/Materials/Vertex_Snapping/NPC/MI_Monsieur01.uexp" 3278
"C:/Users/1869771/Documents/GitHub/Martel_Ju_TP2_sans_lfs/Content/Game_ThePerfectDate/Meshes/Personnages/NPC/Characters_PSX/Monsieur01/Character_15_Skeleton.uasset" 3279
"C:/Users/1869771/Documents/GitHub/Martel_Ju_TP2_sans_lfs/Content/Game_ThePerfectDate/Meshes/Personnages/NPC/Characters_PSX/Monsieur01/Character_15_Skeleton.uexp" 3280
"C:/Users/1869771/Documents/GitHub/Martel_Ju_TP2_sans_lfs/Content/Game_ThePerfectDate/Meshes/Personnages/NPC/Characters_PSX/Monsieur01/Character_15_PhysicsAsset.uasset" 3281
"C:/Users/1869771/Documents/GitHub/Martel_Ju_TP2_sans_lfs/Content/Game_ThePerfectDate/Meshes/Personnages/NPC/Characters_PSX/Monsieur01/Character_15_PhysicsAsset.uexp" 3282
"C:/Users/1869771/Documents/GitHub/Martel_Ju_TP2_sans_lfs/Content/Game_ThePerfectDate/Meshes/Personnages/NPC/Characters_PSX/Monsieur01/Character_151.uasset" 3283
"C:/Users/1869771/Documents/GitHub/Martel_Ju_TP2_sans_lfs/Content/Game_ThePerfectDate/Meshes/Personnages/NPC/Characters_PSX/Monsieur01/Character_151.uexp" 3284
"C:/Users/1869771/Documents/GitHub/Martel_Ju_TP2_sans_lfs/Content/Game_ThePerfectDate/Meshes/Personnages/NPC/Characters_PSX/Monsieur01/Wave_Hip_Hop_Dance.uasset" 3285
"C:/Users/1869771/Documents/GitHub/Martel_Ju_TP2_sans_lfs/Content/Game_ThePerfectDate/Meshes/Personnages/NPC/Characters_PSX/Monsieur01/Wave_Hip_Hop_Dance.uexp" 3286
"C:/Users/1869771/Documents/GitHub/Martel_Ju_TP2_sans_lfs/Content/Game_ThePerfectDate/Meshes/Personnages/NPC/Characters_PSX/Monsieur02/Texture/Character_30.ubulk" 3287
"C:/Users/1869771/Documents/GitHub/Martel_Ju_TP2_sans_lfs/Content/Game_ThePerfectDate/Meshes/Personnages/NPC/Characters_PSX/Monsieur02/Texture/Character_30.uasset" 3288
"C:/Users/1869771/Documents/GitHub/Martel_Ju_TP2_sans_lfs/Content/Game_ThePerfectDate/Meshes/Personnages/NPC/Characters_PSX/Monsieur02/Texture/Character_30.uexp" 3289
"C:/Users/1869771/Documents/GitHub/Martel_Ju_TP2_sans_lfs/Content/Game_ThePerfectDate/Materials/Vertex_Snapping/NPC/MI_MonsieurDanse01.uasset" 3290
"C:/Users/1869771/Documents/GitHub/Martel_Ju_TP2_sans_lfs/Content/Game_ThePerfectDate/Materials/Vertex_Snapping/NPC/MI_MonsieurDanse01.uexp" 3291
"C:/Users/1869771/Documents/GitHub/Martel_Ju_TP2_sans_lfs/Content/Game_ThePerfectDate/Meshes/Personnages/NPC/Characters_PSX/Monsieur02/Character_30.uasset" 3292
"C:/Users/1869771/Documents/GitHub/Martel_Ju_TP2_sans_lfs/Content/Game_ThePerfectDate/Meshes/Personnages/NPC/Characters_PSX/Monsieur02/Character_30.uexp" 3293
"C:/Users/1869771/Documents/GitHub/Martel_Ju_TP2_sans_lfs/Content/Game_ThePerfectDate/Meshes/Personnages/NPC/Characters_PSX/Police/Character_17_Police_Skeleton.uasset" 3294
"C:/Users/1869771/Documents/GitHub/Martel_Ju_TP2_sans_lfs/Content/Game_ThePerfectDate/Meshes/Personnages/NPC/Characters_PSX/Police/Character_17_Police_Skeleton.uexp" 3295
"C:/Users/1869771/Documents/GitHub/Martel_Ju_TP2_sans_lfs/Content/Game_ThePerfectDate/Meshes/Personnages/NPC/Characters_PSX/Police/Character_17_Police.uasset" 3296
"C:/Users/1869771/Documents/GitHub/Martel_Ju_TP2_sans_lfs/Content/Game_ThePerfectDate/Meshes/Personnages/NPC/Characters_PSX/Police/Character_17_Police.uexp" 3297
"C:/Users/1869771/Documents/GitHub/Martel_Ju_TP2_sans_lfs/Content/Game_ThePerfectDate/Meshes/Personnages/NPC/Characters_PSX/Police/Chicken_Dance.uasset" 3298
"C:/Users/1869771/Documents/GitHub/Martel_Ju_TP2_sans_lfs/Content/Game_ThePerfectDate/Meshes/Personnages/NPC/Characters_PSX/Police/Chicken_Dance.uexp" 3299
"C:/Users/1869771/Documents/GitHub/Martel_Ju_TP2_sans_lfs/Content/Game_ThePerfectDate/Meshes/Personnages/NPC/Characters_PSX/Police_Woman/Character_25_Female_Police_Skeleton.uasset" 3300
"C:/Users/1869771/Documents/GitHub/Martel_Ju_TP2_sans_lfs/Content/Game_ThePerfectDate/Meshes/Personnages/NPC/Characters_PSX/Police_Woman/Character_25_Female_Police_Skeleton.uexp" 3301
"C:/Users/1869771/Documents/GitHub/Martel_Ju_TP2_sans_lfs/Content/Game_ThePerfectDate/Meshes/Personnages/NPC/Characters_PSX/Police_Woman/Character_25_Female_Police.uasset" 3302
"C:/Users/1869771/Documents/GitHub/Martel_Ju_TP2_sans_lfs/Content/Game_ThePerfectDate/Meshes/Personnages/NPC/Characters_PSX/Police_Woman/Character_25_Female_Police.uexp" 3303
"C:/Users/1869771/Documents/GitHub/Martel_Ju_TP2_sans_lfs/Content/Game_ThePerfectDate/Meshes/Personnages/NPC/Characters_PSX/Police_Woman/Macarena_Dance.uasset" 3304
"C:/Users/1869771/Documents/GitHub/Martel_Ju_TP2_sans_lfs/Content/Game_ThePerfectDate/Meshes/Personnages/NPC/Characters_PSX/Police_Woman/Macarena_Dance.uexp" 3305
"C:/Users/1869771/Documents/GitHub/Martel_Ju_TP2_sans_lfs/Content/Game_ThePerfectDate/Meshes/Personnages/NPC/Madame/Material/Character_29_Female.ubulk" 3306
"C:/Users/1869771/Documents/GitHub/Martel_Ju_TP2_sans_lfs/Content/Game_ThePerfectDate/Meshes/Personnages/NPC/Madame/Material/Character_29_Female.uasset" 3307
"C:/Users/1869771/Documents/GitHub/Martel_Ju_TP2_sans_lfs/Content/Game_ThePerfectDate/Meshes/Personnages/NPC/Madame/Material/Character_29_Female.uexp" 3308
"C:/Users/1869771/Documents/GitHub/Martel_Ju_TP2_sans_lfs/Content/Game_ThePerfectDate/Materials/Vertex_Snapping/MI_Madame_Molly.uasset" 3309
"C:/Users/1869771/Documents/GitHub/Martel_Ju_TP2_sans_lfs/Content/Game_ThePerfectDate/Materials/Vertex_Snapping/MI_Madame_Molly.uexp" 3310
"C:/Users/1869771/Documents/GitHub/Martel_Ju_TP2_sans_lfs/Content/Game_ThePerfectDate/Meshes/Personnages/NPC/Madame/Character_29_Female_Skeleton.uasset" 3311
"C:/Users/1869771/Documents/GitHub/Martel_Ju_TP2_sans_lfs/Content/Game_ThePerfectDate/Meshes/Personnages/NPC/Madame/Character_29_Female_Skeleton.uexp" 3312
"C:/Users/1869771/Documents/GitHub/Martel_Ju_TP2_sans_lfs/Content/Game_ThePerfectDate/Meshes/Personnages/NPC/Madame/Character_29_Female_PhysicsAsset.uasset" 3313
"C:/Users/1869771/Documents/GitHub/Martel_Ju_TP2_sans_lfs/Content/Game_ThePerfectDate/Meshes/Personnages/NPC/Madame/Character_29_Female_PhysicsAsset.uexp" 3314
"C:/Users/1869771/Documents/GitHub/Martel_Ju_TP2_sans_lfs/Content/Game_ThePerfectDate/Meshes/Personnages/NPC/Madame/Character_29_Female1.uasset" 3315
"C:/Users/1869771/Documents/GitHub/Martel_Ju_TP2_sans_lfs/Content/Game_ThePerfectDate/Meshes/Personnages/NPC/Madame/Character_29_Female1.uexp" 3316
"C:/Users/1869771/Documents/GitHub/Martel_Ju_TP2_sans_lfs/Content/Game_ThePerfectDate/Meshes/Personnages/NPC/Madame/Robot_Hip_Hop_Dance.uasset" 3317
"C:/Users/1869771/Documents/GitHub/Martel_Ju_TP2_sans_lfs/Content/Game_ThePerfectDate/Meshes/Personnages/NPC/Madame/Robot_Hip_Hop_Dance.uexp" 3318
"C:/Users/1869771/Documents/GitHub/Martel_Ju_TP2_sans_lfs/Content/Game_ThePerfectDate/Meshes/Personnages/NPC/MonsieurDormir/Texture/Character_09.ubulk" 3319
"C:/Users/1869771/Documents/GitHub/Martel_Ju_TP2_sans_lfs/Content/Game_ThePerfectDate/Meshes/Personnages/NPC/MonsieurDormir/Texture/Character_09.uasset" 3320
"C:/Users/1869771/Documents/GitHub/Martel_Ju_TP2_sans_lfs/Content/Game_ThePerfectDate/Meshes/Personnages/NPC/MonsieurDormir/Texture/Character_09.uexp" 3321
"C:/Users/1869771/Documents/GitHub/Martel_Ju_TP2_sans_lfs/Content/Game_ThePerfectDate/Materials/Vertex_Snapping/MI_MonsieurDormir.uasset" 3322
"C:/Users/1869771/Documents/GitHub/Martel_Ju_TP2_sans_lfs/Content/Game_ThePerfectDate/Materials/Vertex_Snapping/MI_MonsieurDormir.uexp" 3323
"C:/Users/1869771/Documents/GitHub/Martel_Ju_TP2_sans_lfs/Content/Game_ThePerfectDate/Meshes/Personnages/NPC/MonsieurDormir/Character_09_Skeleton.uasset" 3324
"C:/Users/1869771/Documents/GitHub/Martel_Ju_TP2_sans_lfs/Content/Game_ThePerfectDate/Meshes/Personnages/NPC/MonsieurDormir/Character_09_Skeleton.uexp" 3325
"C:/Users/1869771/Documents/GitHub/Martel_Ju_TP2_sans_lfs/Content/Game_ThePerfectDate/Meshes/Personnages/NPC/MonsieurDormir/Character_09_PhysicsAsset.uasset" 3326
"C:/Users/1869771/Documents/GitHub/Martel_Ju_TP2_sans_lfs/Content/Game_ThePerfectDate/Meshes/Personnages/NPC/MonsieurDormir/Character_09_PhysicsAsset.uexp" 3327
"C:/Users/1869771/Documents/GitHub/Martel_Ju_TP2_sans_lfs/Content/Game_ThePerfectDate/Meshes/Personnages/NPC/MonsieurDormir/Character_091.uasset" 3328
"C:/Users/1869771/Documents/GitHub/Martel_Ju_TP2_sans_lfs/Content/Game_ThePerfectDate/Meshes/Personnages/NPC/MonsieurDormir/Character_091.uexp" 3329
"C:/Users/1869771/Documents/GitHub/Martel_Ju_TP2_sans_lfs/Content/Game_ThePerfectDate/Meshes/Personnages/NPC/MonsieurDormir/Sleeping_Idle.uasset" 3330
"C:/Users/1869771/Documents/GitHub/Martel_Ju_TP2_sans_lfs/Content/Game_ThePerfectDate/Meshes/Personnages/NPC/MonsieurDormir/Sleeping_Idle.uexp" 3331
"../../../Engine/Plugins/Interchange/Assets/Content/gltf/MaterialInstances/MI_Transmission_DS.uasset" 3332
"../../../Engine/Plugins/Interchange/Assets/Content/gltf/MaterialInstances/MI_Transmission_DS.uexp" 3333
"C:/Users/1869771/Documents/GitHub/Martel_Ju_TP2_sans_lfs/Content/Game_ThePerfectDate/Meshes/Pizza/Scene/Pizzeria_Scene/Materials/Glass.uasset" 3334
"C:/Users/1869771/Documents/GitHub/Martel_Ju_TP2_sans_lfs/Content/Game_ThePerfectDate/Meshes/Pizza/Scene/Pizzeria_Scene/Materials/Glass.uexp" 3335
"C:/Users/1869771/Documents/GitHub/Martel_Ju_TP2_sans_lfs/Content/Game_ThePerfectDate/Meshes/Pizza/Scene/Pizzeria_Scene/Materials/TilesPlain.uasset" 3336
"C:/Users/1869771/Documents/GitHub/Martel_Ju_TP2_sans_lfs/Content/Game_ThePerfectDate/Meshes/Pizza/Scene/Pizzeria_Scene/Materials/TilesPlain.uexp" 3337
"C:/Users/1869771/Documents/GitHub/Martel_Ju_TP2_sans_lfs/Content/Game_ThePerfectDate/Meshes/Pizza/Scene/Pizzeria_Scene/StaticMeshes/building_01_002.ubulk" 3338
"C:/Users/1869771/Documents/GitHub/Martel_Ju_TP2_sans_lfs/Content/Game_ThePerfectDate/Meshes/Pizza/Scene/Pizzeria_Scene/StaticMeshes/building_01_002.uasset" 3339
"C:/Users/1869771/Documents/GitHub/Martel_Ju_TP2_sans_lfs/Content/Game_ThePerfectDate/Meshes/Pizza/Scene/Pizzeria_Scene/StaticMeshes/building_01_002.uexp" 3340
"C:/Users/1869771/Documents/GitHub/Martel_Ju_TP2_sans_lfs/Content/Game_ThePerfectDate/Meshes/Tacos/Tacos_Props/Textures/BrickSmallBrown.uasset" 3341
"C:/Users/1869771/Documents/GitHub/Martel_Ju_TP2_sans_lfs/Content/Game_ThePerfectDate/Meshes/Tacos/Tacos_Props/Textures/BrickSmallBrown.uexp" 3342
"C:/Users/1869771/Documents/GitHub/Martel_Ju_TP2_sans_lfs/Content/Game_ThePerfectDate/Meshes/Pizza/Scene/Pizzeria_Scene/Materials/BrickSmallBrown.uasset" 3343
"C:/Users/1869771/Documents/GitHub/Martel_Ju_TP2_sans_lfs/Content/Game_ThePerfectDate/Meshes/Pizza/Scene/Pizzeria_Scene/Materials/BrickSmallBrown.uexp" 3344
"C:/Users/1869771/Documents/GitHub/Martel_Ju_TP2_sans_lfs/Content/Game_ThePerfectDate/Meshes/Pizza/Scene/Pizzeria_Scene/Textures/Roof_tiles.ubulk" 3345
"C:/Users/1869771/Documents/GitHub/Martel_Ju_TP2_sans_lfs/Content/Game_ThePerfectDate/Meshes/Pizza/Scene/Pizzeria_Scene/Textures/Roof_tiles.uasset" 3346
"C:/Users/1869771/Documents/GitHub/Martel_Ju_TP2_sans_lfs/Content/Game_ThePerfectDate/Meshes/Pizza/Scene/Pizzeria_Scene/Textures/Roof_tiles.uexp" 3347
"C:/Users/1869771/Documents/GitHub/Martel_Ju_TP2_sans_lfs/Content/Game_ThePerfectDate/Meshes/Pizza/Scene/Pizzeria_Scene/Materials/Roof_tiles.uasset" 3348
"C:/Users/1869771/Documents/GitHub/Martel_Ju_TP2_sans_lfs/Content/Game_ThePerfectDate/Meshes/Pizza/Scene/Pizzeria_Scene/Materials/Roof_tiles.uexp" 3349
"C:/Users/1869771/Documents/GitHub/Martel_Ju_TP2_sans_lfs/Content/Game_ThePerfectDate/Meshes/Pizza/Scene/Pizzeria_Scene/Textures/BrickSmallPainted.uasset" 3350
"C:/Users/1869771/Documents/GitHub/Martel_Ju_TP2_sans_lfs/Content/Game_ThePerfectDate/Meshes/Pizza/Scene/Pizzeria_Scene/Textures/BrickSmallPainted.uexp" 3351
"C:/Users/1869771/Documents/GitHub/Martel_Ju_TP2_sans_lfs/Content/Game_ThePerfectDate/Meshes/Pizza/Scene/Pizzeria_Scene/Materials/BrickSmallPainted.uasset" 3352
"C:/Users/1869771/Documents/GitHub/Martel_Ju_TP2_sans_lfs/Content/Game_ThePerfectDate/Meshes/Pizza/Scene/Pizzeria_Scene/Materials/BrickSmallPainted.uexp" 3353
"C:/Users/1869771/Documents/GitHub/Martel_Ju_TP2_sans_lfs/Content/Game_ThePerfectDate/Meshes/Pizza/Scene/Pizzeria_Scene/Textures/building_02.uasset" 3354
"C:/Users/1869771/Documents/GitHub/Martel_Ju_TP2_sans_lfs/Content/Game_ThePerfectDate/Meshes/Pizza/Scene/Pizzeria_Scene/Textures/building_02.uexp" 3355
"C:/Users/1869771/Documents/GitHub/Martel_Ju_TP2_sans_lfs/Content/Game_ThePerfectDate/Meshes/Pizza/Scene/Pizzeria_Scene/Materials/building_02.uasset" 3356
"C:/Users/1869771/Documents/GitHub/Martel_Ju_TP2_sans_lfs/Content/Game_ThePerfectDate/Meshes/Pizza/Scene/Pizzeria_Scene/Materials/building_02.uexp" 3357
"C:/Users/1869771/Documents/GitHub/Martel_Ju_TP2_sans_lfs/Content/Game_ThePerfectDate/Meshes/Pizza/Scene/Pizzeria_Scene/StaticMeshes/building_02_001.ubulk" 3358
"C:/Users/1869771/Documents/GitHub/Martel_Ju_TP2_sans_lfs/Content/Game_ThePerfectDate/Meshes/Pizza/Scene/Pizzeria_Scene/StaticMeshes/building_02_001.uasset" 3359
"C:/Users/1869771/Documents/GitHub/Martel_Ju_TP2_sans_lfs/Content/Game_ThePerfectDate/Meshes/Pizza/Scene/Pizzeria_Scene/StaticMeshes/building_02_001.uexp" 3360
"C:/Users/1869771/Documents/GitHub/Martel_Ju_TP2_sans_lfs/Content/Game_ThePerfectDate/Meshes/Pizza/Scene/Pizzeria_Scene/Textures/brick_modern_03.ubulk" 3361
"C:/Users/1869771/Documents/GitHub/Martel_Ju_TP2_sans_lfs/Content/Game_ThePerfectDate/Meshes/Pizza/Scene/Pizzeria_Scene/Textures/brick_modern_03.uasset" 3362
"C:/Users/1869771/Documents/GitHub/Martel_Ju_TP2_sans_lfs/Content/Game_ThePerfectDate/Meshes/Pizza/Scene/Pizzeria_Scene/Textures/brick_modern_03.uexp" 3363
"C:/Users/1869771/Documents/GitHub/Martel_Ju_TP2_sans_lfs/Content/Game_ThePerfectDate/Meshes/Pizza/Scene/Pizzeria_Scene/Materials/brick_modern_03.uasset" 3364
"C:/Users/1869771/Documents/GitHub/Martel_Ju_TP2_sans_lfs/Content/Game_ThePerfectDate/Meshes/Pizza/Scene/Pizzeria_Scene/Materials/brick_modern_03.uexp" 3365
"C:/Users/1869771/Documents/GitHub/Martel_Ju_TP2_sans_lfs/Content/Game_ThePerfectDate/Meshes/Pizza/Scene/Pizzeria_Scene/Textures/building_03.uasset" 3366
"C:/Users/1869771/Documents/GitHub/Martel_Ju_TP2_sans_lfs/Content/Game_ThePerfectDate/Meshes/Pizza/Scene/Pizzeria_Scene/Textures/building_03.uexp" 3367
"C:/Users/1869771/Documents/GitHub/Martel_Ju_TP2_sans_lfs/Content/Game_ThePerfectDate/Meshes/Pizza/Scene/Pizzeria_Scene/Materials/building_03.uasset" 3368
"C:/Users/1869771/Documents/GitHub/Martel_Ju_TP2_sans_lfs/Content/Game_ThePerfectDate/Meshes/Pizza/Scene/Pizzeria_Scene/Materials/building_03.uexp" 3369
"C:/Users/1869771/Documents/GitHub/Martel_Ju_TP2_sans_lfs/Content/Game_ThePerfectDate/Meshes/Pizza/Scene/Pizzeria_Scene/StaticMeshes/building_03_011.ubulk" 3370
"C:/Users/1869771/Documents/GitHub/Martel_Ju_TP2_sans_lfs/Content/Game_ThePerfectDate/Meshes/Pizza/Scene/Pizzeria_Scene/StaticMeshes/building_03_011.uasset" 3371
"C:/Users/1869771/Documents/GitHub/Martel_Ju_TP2_sans_lfs/Content/Game_ThePerfectDate/Meshes/Pizza/Scene/Pizzeria_Scene/StaticMeshes/building_03_011.uexp" 3372
"C:/Users/1869771/Documents/GitHub/Martel_Ju_TP2_sans_lfs/Content/Game_ThePerfectDate/Meshes/Pizza/Scene/Pizzeria_Scene/Textures/brick_modern_05.uasset" 3373
"C:/Users/1869771/Documents/GitHub/Martel_Ju_TP2_sans_lfs/Content/Game_ThePerfectDate/Meshes/Pizza/Scene/Pizzeria_Scene/Textures/brick_modern_05.uexp" 3374
"C:/Users/1869771/Documents/GitHub/Martel_Ju_TP2_sans_lfs/Content/Game_ThePerfectDate/Meshes/Pizza/Scene/Pizzeria_Scene/Materials/brick_modern_06.uasset" 3375
"C:/Users/1869771/Documents/GitHub/Martel_Ju_TP2_sans_lfs/Content/Game_ThePerfectDate/Meshes/Pizza/Scene/Pizzeria_Scene/Materials/brick_modern_06.uexp" 3376
"C:/Users/1869771/Documents/GitHub/Martel_Ju_TP2_sans_lfs/Content/Game_ThePerfectDate/Meshes/Pizza/Scene/Pizzeria_Scene/Textures/building_04.uasset" 3377
"C:/Users/1869771/Documents/GitHub/Martel_Ju_TP2_sans_lfs/Content/Game_ThePerfectDate/Meshes/Pizza/Scene/Pizzeria_Scene/Textures/building_04.uexp" 3378
"C:/Users/1869771/Documents/GitHub/Martel_Ju_TP2_sans_lfs/Content/Game_ThePerfectDate/Meshes/Pizza/Scene/Pizzeria_Scene/Materials/building_04.uasset" 3379
"C:/Users/1869771/Documents/GitHub/Martel_Ju_TP2_sans_lfs/Content/Game_ThePerfectDate/Meshes/Pizza/Scene/Pizzeria_Scene/Materials/building_04.uexp" 3380
"C:/Users/1869771/Documents/GitHub/Martel_Ju_TP2_sans_lfs/Content/Game_ThePerfectDate/Meshes/Pizza/Scene/Pizzeria_Scene/StaticMeshes/building_04_007.ubulk" 3381
"C:/Users/1869771/Documents/GitHub/Martel_Ju_TP2_sans_lfs/Content/Game_ThePerfectDate/Meshes/Pizza/Scene/Pizzeria_Scene/StaticMeshes/building_04_007.uasset" 3382
"C:/Users/1869771/Documents/GitHub/Martel_Ju_TP2_sans_lfs/Content/Game_ThePerfectDate/Meshes/Pizza/Scene/Pizzeria_Scene/StaticMeshes/building_04_007.uexp" 3383
"C:/Users/1869771/Documents/GitHub/Martel_Ju_TP2_sans_lfs/Content/Game_ThePerfectDate/Meshes/Pizza/Scene/Pizzeria_Scene/Textures/brick_modern.ubulk" 3384
"C:/Users/1869771/Documents/GitHub/Martel_Ju_TP2_sans_lfs/Content/Game_ThePerfectDate/Meshes/Pizza/Scene/Pizzeria_Scene/Textures/brick_modern.uasset" 3385
"C:/Users/1869771/Documents/GitHub/Martel_Ju_TP2_sans_lfs/Content/Game_ThePerfectDate/Meshes/Pizza/Scene/Pizzeria_Scene/Textures/brick_modern.uexp" 3386
"C:/Users/1869771/Documents/GitHub/Martel_Ju_TP2_sans_lfs/Content/Game_ThePerfectDate/Meshes/Pizza/Scene/Pizzeria_Scene/Materials/brick_modern.uasset" 3387
"C:/Users/1869771/Documents/GitHub/Martel_Ju_TP2_sans_lfs/Content/Game_ThePerfectDate/Meshes/Pizza/Scene/Pizzeria_Scene/Materials/brick_modern.uexp" 3388
"C:/Users/1869771/Documents/GitHub/Martel_Ju_TP2_sans_lfs/Content/Game_ThePerfectDate/Meshes/Pizza/Scene/Pizzeria_Scene/Textures/building_08.uasset" 3389
"C:/Users/1869771/Documents/GitHub/Martel_Ju_TP2_sans_lfs/Content/Game_ThePerfectDate/Meshes/Pizza/Scene/Pizzeria_Scene/Textures/building_08.uexp" 3390
"C:/Users/1869771/Documents/GitHub/Martel_Ju_TP2_sans_lfs/Content/Game_ThePerfectDate/Meshes/Pizza/Scene/Pizzeria_Scene/Materials/building_08.uasset" 3391
"C:/Users/1869771/Documents/GitHub/Martel_Ju_TP2_sans_lfs/Content/Game_ThePerfectDate/Meshes/Pizza/Scene/Pizzeria_Scene/Materials/building_08.uexp" 3392
"C:/Users/1869771/Documents/GitHub/Martel_Ju_TP2_sans_lfs/Content/Game_ThePerfectDate/Meshes/Pizza/Scene/Pizzeria_Scene/StaticMeshes/building_08_003.ubulk" 3393
"C:/Users/1869771/Documents/GitHub/Martel_Ju_TP2_sans_lfs/Content/Game_ThePerfectDate/Meshes/Pizza/Scene/Pizzeria_Scene/StaticMeshes/building_08_003.uasset" 3394
"C:/Users/1869771/Documents/GitHub/Martel_Ju_TP2_sans_lfs/Content/Game_ThePerfectDate/Meshes/Pizza/Scene/Pizzeria_Scene/StaticMeshes/building_08_003.uexp" 3395
"C:/Users/1869771/Documents/GitHub/Martel_Ju_TP2_sans_lfs/Content/Game_ThePerfectDate/Meshes/Pizza/Scene/Pizzeria_Scene/Textures/building_13.uasset" 3396
"C:/Users/1869771/Documents/GitHub/Martel_Ju_TP2_sans_lfs/Content/Game_ThePerfectDate/Meshes/Pizza/Scene/Pizzeria_Scene/Textures/building_13.uexp" 3397
"C:/Users/1869771/Documents/GitHub/Martel_Ju_TP2_sans_lfs/Content/Game_ThePerfectDate/Meshes/Pizza/Scene/Pizzeria_Scene/Materials/building_13.uasset" 3398
"C:/Users/1869771/Documents/GitHub/Martel_Ju_TP2_sans_lfs/Content/Game_ThePerfectDate/Meshes/Pizza/Scene/Pizzeria_Scene/Materials/building_13.uexp" 3399
"C:/Users/1869771/Documents/GitHub/Martel_Ju_TP2_sans_lfs/Content/Game_ThePerfectDate/Meshes/Pizza/Scene/Pizzeria_Scene/Textures/brick_modern_04.ubulk" 3400
"C:/Users/1869771/Documents/GitHub/Martel_Ju_TP2_sans_lfs/Content/Game_ThePerfectDate/Meshes/Pizza/Scene/Pizzeria_Scene/Textures/brick_modern_04.uasset" 3401
"C:/Users/1869771/Documents/GitHub/Martel_Ju_TP2_sans_lfs/Content/Game_ThePerfectDate/Meshes/Pizza/Scene/Pizzeria_Scene/Textures/brick_modern_04.uexp" 3402
"C:/Users/1869771/Documents/GitHub/Martel_Ju_TP2_sans_lfs/Content/Game_ThePerfectDate/Meshes/Pizza/Scene/Pizzeria_Scene/Materials/brick_modern_04.uasset" 3403
"C:/Users/1869771/Documents/GitHub/Martel_Ju_TP2_sans_lfs/Content/Game_ThePerfectDate/Meshes/Pizza/Scene/Pizzeria_Scene/Materials/brick_modern_04.uexp" 3404
"C:/Users/1869771/Documents/GitHub/Martel_Ju_TP2_sans_lfs/Content/Game_ThePerfectDate/Meshes/Pizza/Scene/Pizzeria_Scene/StaticMeshes/building_13_002.ubulk" 3405
"C:/Users/1869771/Documents/GitHub/Martel_Ju_TP2_sans_lfs/Content/Game_ThePerfectDate/Meshes/Pizza/Scene/Pizzeria_Scene/StaticMeshes/building_13_002.uasset" 3406
"C:/Users/1869771/Documents/GitHub/Martel_Ju_TP2_sans_lfs/Content/Game_ThePerfectDate/Meshes/Pizza/Scene/Pizzeria_Scene/StaticMeshes/building_13_002.uexp" 3407
"C:/Users/1869771/Documents/GitHub/Martel_Ju_TP2_sans_lfs/Content/Game_ThePerfectDate/Meshes/Pizza/Scene/Pizzeria_Scene/Textures/building_16.uasset" 3408
"C:/Users/1869771/Documents/GitHub/Martel_Ju_TP2_sans_lfs/Content/Game_ThePerfectDate/Meshes/Pizza/Scene/Pizzeria_Scene/Textures/building_16.uexp" 3409
"C:/Users/1869771/Documents/GitHub/Martel_Ju_TP2_sans_lfs/Content/Game_ThePerfectDate/Meshes/Pizza/Scene/Pizzeria_Scene/Materials/building_16.uasset" 3410
"C:/Users/1869771/Documents/GitHub/Martel_Ju_TP2_sans_lfs/Content/Game_ThePerfectDate/Meshes/Pizza/Scene/Pizzeria_Scene/Materials/building_16.uexp" 3411
"C:/Users/1869771/Documents/GitHub/Martel_Ju_TP2_sans_lfs/Content/Game_ThePerfectDate/Meshes/Pizza/Scene/Pizzeria_Scene/StaticMeshes/building_16_004.ubulk" 3412
"C:/Users/1869771/Documents/GitHub/Martel_Ju_TP2_sans_lfs/Content/Game_ThePerfectDate/Meshes/Pizza/Scene/Pizzeria_Scene/StaticMeshes/building_16_004.uasset" 3413
"C:/Users/1869771/Documents/GitHub/Martel_Ju_TP2_sans_lfs/Content/Game_ThePerfectDate/Meshes/Pizza/Scene/Pizzeria_Scene/StaticMeshes/building_16_004.uexp" 3414
"C:/Users/1869771/Documents/GitHub/Martel_Ju_TP2_sans_lfs/Content/Game_ThePerfectDate/Meshes/Pizza/Scene/Pizzeria_Scene/Textures/building_21.uasset" 3415
"C:/Users/1869771/Documents/GitHub/Martel_Ju_TP2_sans_lfs/Content/Game_ThePerfectDate/Meshes/Pizza/Scene/Pizzeria_Scene/Textures/building_21.uexp" 3416
"C:/Users/1869771/Documents/GitHub/Martel_Ju_TP2_sans_lfs/Content/Game_ThePerfectDate/Meshes/Pizza/Scene/Pizzeria_Scene/Materials/building_21.uasset" 3417
"C:/Users/1869771/Documents/GitHub/Martel_Ju_TP2_sans_lfs/Content/Game_ThePerfectDate/Meshes/Pizza/Scene/Pizzeria_Scene/Materials/building_21.uexp" 3418
"C:/Users/1869771/Documents/GitHub/Martel_Ju_TP2_sans_lfs/Content/Game_ThePerfectDate/Meshes/Pizza/Scene/Pizzeria_Scene/StaticMeshes/building_21_001.ubulk" 3419
"C:/Users/1869771/Documents/GitHub/Martel_Ju_TP2_sans_lfs/Content/Game_ThePerfectDate/Meshes/Pizza/Scene/Pizzeria_Scene/StaticMeshes/building_21_001.uasset" 3420
"C:/Users/1869771/Documents/GitHub/Martel_Ju_TP2_sans_lfs/Content/Game_ThePerfectDate/Meshes/Pizza/Scene/Pizzeria_Scene/StaticMeshes/building_21_001.uexp" 3421
"C:/Users/1869771/Documents/GitHub/Martel_Ju_TP2_sans_lfs/Content/Game_ThePerfectDate/Meshes/Pizza/Scene/Pizzeria_Scene/Materials/Wood.uasset" 3422
"C:/Users/1869771/Documents/GitHub/Martel_Ju_TP2_sans_lfs/Content/Game_ThePerfectDate/Meshes/Pizza/Scene/Pizzeria_Scene/Materials/Wood.uexp" 3423
"C:/Users/1869771/Documents/GitHub/Martel_Ju_TP2_sans_lfs/Content/Game_ThePerfectDate/Meshes/Pizza/Scene/Pizzeria_Scene/Materials/wood_planks.uasset" 3424
"C:/Users/1869771/Documents/GitHub/Martel_Ju_TP2_sans_lfs/Content/Game_ThePerfectDate/Meshes/Pizza/Scene/Pizzeria_Scene/Materials/wood_planks.uexp" 3425
"C:/Users/1869771/Documents/GitHub/Martel_Ju_TP2_sans_lfs/Content/Game_ThePerfectDate/Meshes/Pizza/Scene/Pizzeria_Scene/StaticMeshes/Cube_032.ubulk" 3426
"C:/Users/1869771/Documents/GitHub/Martel_Ju_TP2_sans_lfs/Content/Game_ThePerfectDate/Meshes/Pizza/Scene/Pizzeria_Scene/StaticMeshes/Cube_032.uasset" 3427
"C:/Users/1869771/Documents/GitHub/Martel_Ju_TP2_sans_lfs/Content/Game_ThePerfectDate/Meshes/Pizza/Scene/Pizzeria_Scene/StaticMeshes/Cube_032.uexp" 3428
"C:/Users/1869771/Documents/GitHub/Martel_Ju_TP2_sans_lfs/Content/Game_ThePerfectDate/Meshes/Pizza/Scene/Pizzeria_Scene/Materials/Pizza_box.uasset" 3429
"C:/Users/1869771/Documents/GitHub/Martel_Ju_TP2_sans_lfs/Content/Game_ThePerfectDate/Meshes/Pizza/Scene/Pizzeria_Scene/Materials/Pizza_box.uexp" 3430
"C:/Users/1869771/Documents/GitHub/Martel_Ju_TP2_sans_lfs/Content/Game_ThePerfectDate/Meshes/Pizza/Scene/Pizzeria_Scene/StaticMeshes/Pizza_box.ubulk" 3431
"C:/Users/1869771/Documents/GitHub/Martel_Ju_TP2_sans_lfs/Content/Game_ThePerfectDate/Meshes/Pizza/Scene/Pizzeria_Scene/StaticMeshes/Pizza_box.uasset" 3432
"C:/Users/1869771/Documents/GitHub/Martel_Ju_TP2_sans_lfs/Content/Game_ThePerfectDate/Meshes/Pizza/Scene/Pizzeria_Scene/StaticMeshes/Pizza_box.uexp" 3433
"C:/Users/1869771/Documents/GitHub/Martel_Ju_TP2_sans_lfs/Content/Game_ThePerfectDate/Meshes/Pizza/Scene/Pizzeria_Scene/Materials/Soft_drinks_01.uasset" 3434
"C:/Users/1869771/Documents/GitHub/Martel_Ju_TP2_sans_lfs/Content/Game_ThePerfectDate/Meshes/Pizza/Scene/Pizzeria_Scene/Materials/Soft_drinks_01.uexp" 3435
"C:/Users/1869771/Documents/GitHub/Martel_Ju_TP2_sans_lfs/Content/Game_ThePerfectDate/Meshes/Pizza/Scene/Pizzeria_Scene/Materials/Soft_drinks_c.uasset" 3436
"C:/Users/1869771/Documents/GitHub/Martel_Ju_TP2_sans_lfs/Content/Game_ThePerfectDate/Meshes/Pizza/Scene/Pizzeria_Scene/Materials/Soft_drinks_c.uexp" 3437
"C:/Users/1869771/Documents/GitHub/Martel_Ju_TP2_sans_lfs/Content/Game_ThePerfectDate/Meshes/Pizza/Scene/Pizzeria_Scene/StaticMeshes/Soft_drinks_004.ubulk" 3438
"C:/Users/1869771/Documents/GitHub/Martel_Ju_TP2_sans_lfs/Content/Game_ThePerfectDate/Meshes/Pizza/Scene/Pizzeria_Scene/StaticMeshes/Soft_drinks_004.uasset" 3439
"C:/Users/1869771/Documents/GitHub/Martel_Ju_TP2_sans_lfs/Content/Game_ThePerfectDate/Meshes/Pizza/Scene/Pizzeria_Scene/StaticMeshes/Soft_drinks_004.uexp" 3440
"C:/Users/1869771/Documents/GitHub/Martel_Ju_TP2_sans_lfs/Content/Game_ThePerfectDate/Meshes/Pizza/Scene/Pizzeria_Scene/Materials/Trash_.uasset" 3441
"C:/Users/1869771/Documents/GitHub/Martel_Ju_TP2_sans_lfs/Content/Game_ThePerfectDate/Meshes/Pizza/Scene/Pizzeria_Scene/Materials/Trash_.uexp" 3442
"C:/Users/1869771/Documents/GitHub/Martel_Ju_TP2_sans_lfs/Content/Game_ThePerfectDate/Meshes/Pizza/Scene/Pizzeria_Scene/StaticMeshes/Trash__005.ubulk" 3443
"C:/Users/1869771/Documents/GitHub/Martel_Ju_TP2_sans_lfs/Content/Game_ThePerfectDate/Meshes/Pizza/Scene/Pizzeria_Scene/StaticMeshes/Trash__005.uasset" 3444
"C:/Users/1869771/Documents/GitHub/Martel_Ju_TP2_sans_lfs/Content/Game_ThePerfectDate/Meshes/Pizza/Scene/Pizzeria_Scene/StaticMeshes/Trash__005.uexp" 3445
"C:/Users/1869771/Documents/GitHub/Martel_Ju_TP2_sans_lfs/Content/Game_ThePerfectDate/Meshes/Pizza/Scene/Pizzeria_Scene/StaticMeshes/Trash__006.ubulk" 3446
"C:/Users/1869771/Documents/GitHub/Martel_Ju_TP2_sans_lfs/Content/Game_ThePerfectDate/Meshes/Pizza/Scene/Pizzeria_Scene/StaticMeshes/Trash__006.uasset" 3447
"C:/Users/1869771/Documents/GitHub/Martel_Ju_TP2_sans_lfs/Content/Game_ThePerfectDate/Meshes/Pizza/Scene/Pizzeria_Scene/StaticMeshes/Trash__006.uexp" 3448
"../../../Engine/Plugins/Interchange/Assets/Content/gltf/MaterialInstances/MI_Default_Mask_DS.uasset" 3449
"../../../Engine/Plugins/Interchange/Assets/Content/gltf/MaterialInstances/MI_Default_Mask_DS.uexp" 3450
"C:/Users/1869771/Documents/GitHub/Martel_Ju_TP2_sans_lfs/Content/Game_ThePerfectDate/Meshes/Pizza/Scene/Pizzeria_Scene/Textures/Tree.uasset" 3451
"C:/Users/1869771/Documents/GitHub/Martel_Ju_TP2_sans_lfs/Content/Game_ThePerfectDate/Meshes/Pizza/Scene/Pizzeria_Scene/Textures/Tree.uexp" 3452
"C:/Users/1869771/Documents/GitHub/Martel_Ju_TP2_sans_lfs/Content/Game_ThePerfectDate/Meshes/Pizza/Scene/Pizzeria_Scene/Materials/Tree.uasset" 3453
"C:/Users/1869771/Documents/GitHub/Martel_Ju_TP2_sans_lfs/Content/Game_ThePerfectDate/Meshes/Pizza/Scene/Pizzeria_Scene/Materials/Tree.uexp" 3454
"C:/Users/1869771/Documents/GitHub/Martel_Ju_TP2_sans_lfs/Content/Game_ThePerfectDate/Meshes/Pizza/Scene/Pizzeria_Scene/StaticMeshes/Tree_001.ubulk" 3455
"C:/Users/1869771/Documents/GitHub/Martel_Ju_TP2_sans_lfs/Content/Game_ThePerfectDate/Meshes/Pizza/Scene/Pizzeria_Scene/StaticMeshes/Tree_001.uasset" 3456
"C:/Users/1869771/Documents/GitHub/Martel_Ju_TP2_sans_lfs/Content/Game_ThePerfectDate/Meshes/Pizza/Scene/Pizzeria_Scene/StaticMeshes/Tree_001.uexp" 3457
"C:/Users/1869771/Documents/GitHub/Martel_Ju_TP2_sans_lfs/Content/Game_ThePerfectDate/Meshes/Tacos/Tacos_Props/Materials/Concrete_01.uasset" 3458
"C:/Users/1869771/Documents/GitHub/Martel_Ju_TP2_sans_lfs/Content/Game_ThePerfectDate/Meshes/Tacos/Tacos_Props/Materials/Concrete_01.uexp" 3459
"C:/Users/1869771/Documents/GitHub/Martel_Ju_TP2_sans_lfs/Content/Game_ThePerfectDate/Meshes/Tacos/Tacos_Props/Materials/buildings.uasset" 3460
"C:/Users/1869771/Documents/GitHub/Martel_Ju_TP2_sans_lfs/Content/Game_ThePerfectDate/Meshes/Tacos/Tacos_Props/Materials/buildings.uexp" 3461
"C:/Users/1869771/Documents/GitHub/Martel_Ju_TP2_sans_lfs/Content/Game_ThePerfectDate/Meshes/Tacos/Tacos_Props/Materials/brick_white_01.uasset" 3462
"C:/Users/1869771/Documents/GitHub/Martel_Ju_TP2_sans_lfs/Content/Game_ThePerfectDate/Meshes/Tacos/Tacos_Props/Materials/brick_white_01.uexp" 3463
"C:/Users/1869771/Documents/GitHub/Martel_Ju_TP2_sans_lfs/Content/Game_ThePerfectDate/Meshes/Tacos/Tacos_Props/StaticMeshes/buildings.ubulk" 3464
"C:/Users/1869771/Documents/GitHub/Martel_Ju_TP2_sans_lfs/Content/Game_ThePerfectDate/Meshes/Tacos/Tacos_Props/StaticMeshes/buildings.uasset" 3465
"C:/Users/1869771/Documents/GitHub/Martel_Ju_TP2_sans_lfs/Content/Game_ThePerfectDate/Meshes/Tacos/Tacos_Props/StaticMeshes/buildings.uexp" 3466
"C:/Users/1869771/Documents/GitHub/Martel_Ju_TP2_sans_lfs/Content/Game_ThePerfectDate/Meshes/Tacos/Tacos_Props/Materials/buildings_13.uasset" 3467
"C:/Users/1869771/Documents/GitHub/Martel_Ju_TP2_sans_lfs/Content/Game_ThePerfectDate/Meshes/Tacos/Tacos_Props/Materials/buildings_13.uexp" 3468
"C:/Users/1869771/Documents/GitHub/Martel_Ju_TP2_sans_lfs/Content/Game_ThePerfectDate/Meshes/Tacos/Tacos_Props/Materials/brick_modern.uasset" 3469
"C:/Users/1869771/Documents/GitHub/Martel_Ju_TP2_sans_lfs/Content/Game_ThePerfectDate/Meshes/Tacos/Tacos_Props/Materials/brick_modern.uexp" 3470
"C:/Users/1869771/Documents/GitHub/Martel_Ju_TP2_sans_lfs/Content/Game_ThePerfectDate/Meshes/Tacos/Tacos_Props/StaticMeshes/buildings_13.ubulk" 3471
"C:/Users/1869771/Documents/GitHub/Martel_Ju_TP2_sans_lfs/Content/Game_ThePerfectDate/Meshes/Tacos/Tacos_Props/StaticMeshes/buildings_13.uasset" 3472
"C:/Users/1869771/Documents/GitHub/Martel_Ju_TP2_sans_lfs/Content/Game_ThePerfectDate/Meshes/Tacos/Tacos_Props/StaticMeshes/buildings_13.uexp" 3473
"C:/Users/1869771/Documents/GitHub/Martel_Ju_TP2_sans_lfs/Content/Game_ThePerfectDate/Meshes/Tacos/Tacos_Props/Materials/BrickSmallBrown.uasset" 3474
"C:/Users/1869771/Documents/GitHub/Martel_Ju_TP2_sans_lfs/Content/Game_ThePerfectDate/Meshes/Tacos/Tacos_Props/Materials/BrickSmallBrown.uexp" 3475
"C:/Users/1869771/Documents/GitHub/Martel_Ju_TP2_sans_lfs/Content/Game_ThePerfectDate/Meshes/Tacos/Tacos_Props/Textures/buildings_23.uasset" 3476
"C:/Users/1869771/Documents/GitHub/Martel_Ju_TP2_sans_lfs/Content/Game_ThePerfectDate/Meshes/Tacos/Tacos_Props/Textures/buildings_23.uexp" 3477
"C:/Users/1869771/Documents/GitHub/Martel_Ju_TP2_sans_lfs/Content/Game_ThePerfectDate/Meshes/Tacos/Tacos_Props/Materials/buildings_23.uasset" 3478
"C:/Users/1869771/Documents/GitHub/Martel_Ju_TP2_sans_lfs/Content/Game_ThePerfectDate/Meshes/Tacos/Tacos_Props/Materials/buildings_23.uexp" 3479
"C:/Users/1869771/Documents/GitHub/Martel_Ju_TP2_sans_lfs/Content/Game_ThePerfectDate/Meshes/Tacos/Tacos_Props/StaticMeshes/buildings_23.ubulk" 3480
"C:/Users/1869771/Documents/GitHub/Martel_Ju_TP2_sans_lfs/Content/Game_ThePerfectDate/Meshes/Tacos/Tacos_Props/StaticMeshes/buildings_23.uasset" 3481
"C:/Users/1869771/Documents/GitHub/Martel_Ju_TP2_sans_lfs/Content/Game_ThePerfectDate/Meshes/Tacos/Tacos_Props/StaticMeshes/buildings_23.uexp" 3482
"C:/Users/1869771/Documents/GitHub/Martel_Ju_TP2_sans_lfs/Content/Game_ThePerfectDate/Meshes/Tacos/Tacos_Props/Textures/buildings_25.uasset" 3483
"C:/Users/1869771/Documents/GitHub/Martel_Ju_TP2_sans_lfs/Content/Game_ThePerfectDate/Meshes/Tacos/Tacos_Props/Textures/buildings_25.uexp" 3484
"C:/Users/1869771/Documents/GitHub/Martel_Ju_TP2_sans_lfs/Content/Game_ThePerfectDate/Meshes/Tacos/Tacos_Props/Materials/buildings_25.uasset" 3485
"C:/Users/1869771/Documents/GitHub/Martel_Ju_TP2_sans_lfs/Content/Game_ThePerfectDate/Meshes/Tacos/Tacos_Props/Materials/buildings_25.uexp" 3486
"C:/Users/1869771/Documents/GitHub/Martel_Ju_TP2_sans_lfs/Content/Game_ThePerfectDate/Meshes/Tacos/Tacos_Props/Textures/Concrete_02.ubulk" 3487
"C:/Users/1869771/Documents/GitHub/Martel_Ju_TP2_sans_lfs/Content/Game_ThePerfectDate/Meshes/Tacos/Tacos_Props/Textures/Concrete_02.uasset" 3488
"C:/Users/1869771/Documents/GitHub/Martel_Ju_TP2_sans_lfs/Content/Game_ThePerfectDate/Meshes/Tacos/Tacos_Props/Textures/Concrete_02.uexp" 3489
"C:/Users/1869771/Documents/GitHub/Martel_Ju_TP2_sans_lfs/Content/Game_ThePerfectDate/Meshes/Tacos/Tacos_Props/Materials/Concrete_02.uasset" 3490
"C:/Users/1869771/Documents/GitHub/Martel_Ju_TP2_sans_lfs/Content/Game_ThePerfectDate/Meshes/Tacos/Tacos_Props/Materials/Concrete_02.uexp" 3491
"C:/Users/1869771/Documents/GitHub/Martel_Ju_TP2_sans_lfs/Content/Game_ThePerfectDate/Meshes/Tacos/Tacos_Props/StaticMeshes/buildings_25.ubulk" 3492
"C:/Users/1869771/Documents/GitHub/Martel_Ju_TP2_sans_lfs/Content/Game_ThePerfectDate/Meshes/Tacos/Tacos_Props/StaticMeshes/buildings_25.uasset" 3493
"C:/Users/1869771/Documents/GitHub/Martel_Ju_TP2_sans_lfs/Content/Game_ThePerfectDate/Meshes/Tacos/Tacos_Props/StaticMeshes/buildings_25.uexp" 3494
"C:/Users/1869771/Documents/GitHub/Martel_Ju_TP2_sans_lfs/Content/Game_ThePerfectDate/Meshes/Tacos/Tacos_Props/Materials/buildings_26.uasset" 3495
"C:/Users/1869771/Documents/GitHub/Martel_Ju_TP2_sans_lfs/Content/Game_ThePerfectDate/Meshes/Tacos/Tacos_Props/Materials/buildings_26.uexp" 3496
"C:/Users/1869771/Documents/GitHub/Martel_Ju_TP2_sans_lfs/Content/Game_ThePerfectDate/Meshes/Tacos/Tacos_Props/StaticMeshes/buildings_26.ubulk" 3497
"C:/Users/1869771/Documents/GitHub/Martel_Ju_TP2_sans_lfs/Content/Game_ThePerfectDate/Meshes/Tacos/Tacos_Props/StaticMeshes/buildings_26.uasset" 3498
"C:/Users/1869771/Documents/GitHub/Martel_Ju_TP2_sans_lfs/Content/Game_ThePerfectDate/Meshes/Tacos/Tacos_Props/StaticMeshes/buildings_26.uexp" 3499
"C:/Users/1869771/Documents/GitHub/Martel_Ju_TP2_sans_lfs/Content/Game_ThePerfectDate/Meshes/Tacos/Tacos_Props/Textures/buildings_06.uasset" 3500
"C:/Users/1869771/Documents/GitHub/Martel_Ju_TP2_sans_lfs/Content/Game_ThePerfectDate/Meshes/Tacos/Tacos_Props/Textures/buildings_06.uexp" 3501
"C:/Users/1869771/Documents/GitHub/Martel_Ju_TP2_sans_lfs/Content/Game_ThePerfectDate/Meshes/Tacos/Tacos_Props/Materials/buildings_06.uasset" 3502
"C:/Users/1869771/Documents/GitHub/Martel_Ju_TP2_sans_lfs/Content/Game_ThePerfectDate/Meshes/Tacos/Tacos_Props/Materials/buildings_06.uexp" 3503
"C:/Users/1869771/Documents/GitHub/Martel_Ju_TP2_sans_lfs/Content/Game_ThePerfectDate/Meshes/Tacos/Tacos_Props/StaticMeshes/buildings_06.ubulk" 3504
"C:/Users/1869771/Documents/GitHub/Martel_Ju_TP2_sans_lfs/Content/Game_ThePerfectDate/Meshes/Tacos/Tacos_Props/StaticMeshes/buildings_06.uasset" 3505
"C:/Users/1869771/Documents/GitHub/Martel_Ju_TP2_sans_lfs/Content/Game_ThePerfectDate/Meshes/Tacos/Tacos_Props/StaticMeshes/buildings_06.uexp" 3506
"C:/Users/1869771/Documents/GitHub/Martel_Ju_TP2_sans_lfs/Content/Game_ThePerfectDate/Meshes/Tacos/Tacos_Props/Textures/buildings_abandoned.uasset" 3507
"C:/Users/1869771/Documents/GitHub/Martel_Ju_TP2_sans_lfs/Content/Game_ThePerfectDate/Meshes/Tacos/Tacos_Props/Textures/buildings_abandoned.uexp" 3508
"C:/Users/1869771/Documents/GitHub/Martel_Ju_TP2_sans_lfs/Content/Game_ThePerfectDate/Meshes/Tacos/Tacos_Props/Materials/buildings_abandoned.uasset" 3509
"C:/Users/1869771/Documents/GitHub/Martel_Ju_TP2_sans_lfs/Content/Game_ThePerfectDate/Meshes/Tacos/Tacos_Props/Materials/buildings_abandoned.uexp" 3510
"C:/Users/1869771/Documents/GitHub/Martel_Ju_TP2_sans_lfs/Content/Game_ThePerfectDate/Meshes/Tacos/Tacos_Props/StaticMeshes/buildings_29_001.ubulk" 3511
"C:/Users/1869771/Documents/GitHub/Martel_Ju_TP2_sans_lfs/Content/Game_ThePerfectDate/Meshes/Tacos/Tacos_Props/StaticMeshes/buildings_29_001.uasset" 3512
"C:/Users/1869771/Documents/GitHub/Martel_Ju_TP2_sans_lfs/Content/Game_ThePerfectDate/Meshes/Tacos/Tacos_Props/StaticMeshes/buildings_29_001.uexp" 3513
"C:/Users/1869771/Documents/GitHub/Martel_Ju_TP2_sans_lfs/Content/Game_ThePerfectDate/Meshes/Tacos/Tacos_Props/Textures/Metal_02.ubulk" 3514
"C:/Users/1869771/Documents/GitHub/Martel_Ju_TP2_sans_lfs/Content/Game_ThePerfectDate/Meshes/Tacos/Tacos_Props/Textures/Metal_02.uasset" 3515
"C:/Users/1869771/Documents/GitHub/Martel_Ju_TP2_sans_lfs/Content/Game_ThePerfectDate/Meshes/Tacos/Tacos_Props/Textures/Metal_02.uexp" 3516
"C:/Users/1869771/Documents/GitHub/Martel_Ju_TP2_sans_lfs/Content/Game_ThePerfectDate/Meshes/Tacos/Tacos_Props/Materials/Metal_02.uasset" 3517
"C:/Users/1869771/Documents/GitHub/Martel_Ju_TP2_sans_lfs/Content/Game_ThePerfectDate/Meshes/Tacos/Tacos_Props/Materials/Metal_02.uexp" 3518
"C:/Users/1869771/Documents/GitHub/Martel_Ju_TP2_sans_lfs/Content/Game_ThePerfectDate/Meshes/Tacos/Tacos_Props/Textures/Light.ubulk" 3519
"C:/Users/1869771/Documents/GitHub/Martel_Ju_TP2_sans_lfs/Content/Game_ThePerfectDate/Meshes/Tacos/Tacos_Props/Textures/Light.uasset" 3520
"C:/Users/1869771/Documents/GitHub/Martel_Ju_TP2_sans_lfs/Content/Game_ThePerfectDate/Meshes/Tacos/Tacos_Props/Textures/Light.uexp" 3521
"C:/Users/1869771/Documents/GitHub/Martel_Ju_TP2_sans_lfs/Content/Game_ThePerfectDate/Meshes/Tacos/Tacos_Props/Materials/Light.uasset" 3522
"C:/Users/1869771/Documents/GitHub/Martel_Ju_TP2_sans_lfs/Content/Game_ThePerfectDate/Meshes/Tacos/Tacos_Props/Materials/Light.uexp" 3523
"C:/Users/1869771/Documents/GitHub/Martel_Ju_TP2_sans_lfs/Content/Game_ThePerfectDate/Meshes/Tacos/Tacos_Props/StaticMeshes/Light.ubulk" 3524
"C:/Users/1869771/Documents/GitHub/Martel_Ju_TP2_sans_lfs/Content/Game_ThePerfectDate/Meshes/Tacos/Tacos_Props/StaticMeshes/Light.uasset" 3525
"C:/Users/1869771/Documents/GitHub/Martel_Ju_TP2_sans_lfs/Content/Game_ThePerfectDate/Meshes/Tacos/Tacos_Props/StaticMeshes/Light.uexp" 3526
"C:/Users/1869771/Documents/GitHub/Martel_Ju_TP2_sans_lfs/Content/Game_ThePerfectDate/Meshes/Tacos/Tacos_Props/Materials/Public_phone.uasset" 3527
"C:/Users/1869771/Documents/GitHub/Martel_Ju_TP2_sans_lfs/Content/Game_ThePerfectDate/Meshes/Tacos/Tacos_Props/Materials/Public_phone.uexp" 3528
"C:/Users/1869771/Documents/GitHub/Martel_Ju_TP2_sans_lfs/Content/Game_ThePerfectDate/Meshes/Tacos/Tacos_Props/StaticMeshes/Public_phone_01.ubulk" 3529
"C:/Users/1869771/Documents/GitHub/Martel_Ju_TP2_sans_lfs/Content/Game_ThePerfectDate/Meshes/Tacos/Tacos_Props/StaticMeshes/Public_phone_01.uasset" 3530
"C:/Users/1869771/Documents/GitHub/Martel_Ju_TP2_sans_lfs/Content/Game_ThePerfectDate/Meshes/Tacos/Tacos_Props/StaticMeshes/Public_phone_01.uexp" 3531
"C:/Users/1869771/Documents/GitHub/Martel_Ju_TP2_sans_lfs/Content/Game_ThePerfectDate/Meshes/Tacos/Tacos_Props/Materials/Sodas.uasset" 3532
"C:/Users/1869771/Documents/GitHub/Martel_Ju_TP2_sans_lfs/Content/Game_ThePerfectDate/Meshes/Tacos/Tacos_Props/Materials/Sodas.uexp" 3533
"C:/Users/1869771/Documents/GitHub/Martel_Ju_TP2_sans_lfs/Content/Game_ThePerfectDate/Meshes/Tacos/Tacos_Props/StaticMeshes/Soda_004.ubulk" 3534
"C:/Users/1869771/Documents/GitHub/Martel_Ju_TP2_sans_lfs/Content/Game_ThePerfectDate/Meshes/Tacos/Tacos_Props/StaticMeshes/Soda_004.uasset" 3535
"C:/Users/1869771/Documents/GitHub/Martel_Ju_TP2_sans_lfs/Content/Game_ThePerfectDate/Meshes/Tacos/Tacos_Props/StaticMeshes/Soda_004.uexp" 3536
"C:/Users/1869771/Documents/GitHub/Martel_Ju_TP2_sans_lfs/Content/Game_ThePerfectDate/Meshes/Tacos/Tacos_Props/StaticMeshes/Soda_005.ubulk" 3537
"C:/Users/1869771/Documents/GitHub/Martel_Ju_TP2_sans_lfs/Content/Game_ThePerfectDate/Meshes/Tacos/Tacos_Props/StaticMeshes/Soda_005.uasset" 3538
"C:/Users/1869771/Documents/GitHub/Martel_Ju_TP2_sans_lfs/Content/Game_ThePerfectDate/Meshes/Tacos/Tacos_Props/StaticMeshes/Soda_005.uexp" 3539
"C:/Users/1869771/Documents/GitHub/Martel_Ju_TP2_sans_lfs/Content/Game_ThePerfectDate/Meshes/Tacos/Tacos_Props/Materials/trash_can.uasset" 3540
"C:/Users/1869771/Documents/GitHub/Martel_Ju_TP2_sans_lfs/Content/Game_ThePerfectDate/Meshes/Tacos/Tacos_Props/Materials/trash_can.uexp" 3541
"C:/Users/1869771/Documents/GitHub/Martel_Ju_TP2_sans_lfs/Content/Game_ThePerfectDate/Meshes/Tacos/Tacos_Props/StaticMeshes/trash_can.ubulk" 3542
"C:/Users/1869771/Documents/GitHub/Martel_Ju_TP2_sans_lfs/Content/Game_ThePerfectDate/Meshes/Tacos/Tacos_Props/StaticMeshes/trash_can.uasset" 3543
"C:/Users/1869771/Documents/GitHub/Martel_Ju_TP2_sans_lfs/Content/Game_ThePerfectDate/Meshes/Tacos/Tacos_Props/StaticMeshes/trash_can.uexp" 3544
"C:/Users/1869771/Documents/GitHub/Martel_Ju_TP2_sans_lfs/Content/Game_ThePerfectDate/Meshes/Tacos/Tacos_Props/Textures/BarkDecidious.ubulk" 3545
"C:/Users/1869771/Documents/GitHub/Martel_Ju_TP2_sans_lfs/Content/Game_ThePerfectDate/Meshes/Tacos/Tacos_Props/Textures/BarkDecidious.uasset" 3546
"C:/Users/1869771/Documents/GitHub/Martel_Ju_TP2_sans_lfs/Content/Game_ThePerfectDate/Meshes/Tacos/Tacos_Props/Textures/BarkDecidious.uexp" 3547
"C:/Users/1869771/Documents/GitHub/Martel_Ju_TP2_sans_lfs/Content/Game_ThePerfectDate/Meshes/Tacos/Tacos_Props/Materials/BarkDecidious.uasset" 3548
"C:/Users/1869771/Documents/GitHub/Martel_Ju_TP2_sans_lfs/Content/Game_ThePerfectDate/Meshes/Tacos/Tacos_Props/Materials/BarkDecidious.uexp" 3549
"C:/Users/1869771/Documents/GitHub/Martel_Ju_TP2_sans_lfs/Content/Game_ThePerfectDate/Meshes/Tacos/Tacos_Props/Textures/Branches.uasset" 3550
"C:/Users/1869771/Documents/GitHub/Martel_Ju_TP2_sans_lfs/Content/Game_ThePerfectDate/Meshes/Tacos/Tacos_Props/Textures/Branches.uexp" 3551
"C:/Users/1869771/Documents/GitHub/Martel_Ju_TP2_sans_lfs/Content/Game_ThePerfectDate/Meshes/Tacos/Tacos_Props/Materials/Branches.uasset" 3552
"C:/Users/1869771/Documents/GitHub/Martel_Ju_TP2_sans_lfs/Content/Game_ThePerfectDate/Meshes/Tacos/Tacos_Props/Materials/Branches.uexp" 3553
"C:/Users/1869771/Documents/GitHub/Martel_Ju_TP2_sans_lfs/Content/Game_ThePerfectDate/Meshes/Tacos/Tacos_Props/StaticMeshes/Tree.ubulk" 3554
"C:/Users/1869771/Documents/GitHub/Martel_Ju_TP2_sans_lfs/Content/Game_ThePerfectDate/Meshes/Tacos/Tacos_Props/StaticMeshes/Tree.uasset" 3555
"C:/Users/1869771/Documents/GitHub/Martel_Ju_TP2_sans_lfs/Content/Game_ThePerfectDate/Meshes/Tacos/Tacos_Props/StaticMeshes/Tree.uexp" 3556
"C:/Users/1869771/Documents/GitHub/Martel_Ju_TP2_sans_lfs/Content/Game_ThePerfectDate/Meshes/Tacos/Tacos_Props/StaticMeshes/Tree_01.ubulk" 3557
"C:/Users/1869771/Documents/GitHub/Martel_Ju_TP2_sans_lfs/Content/Game_ThePerfectDate/Meshes/Tacos/Tacos_Props/StaticMeshes/Tree_01.uasset" 3558
"C:/Users/1869771/Documents/GitHub/Martel_Ju_TP2_sans_lfs/Content/Game_ThePerfectDate/Meshes/Tacos/Tacos_Props/StaticMeshes/Tree_01.uexp" 3559
"C:/Users/1869771/Documents/GitHub/Martel_Ju_TP2_sans_lfs/Content/Game_ThePerfectDate/SFX/Divers/AS_Cash.uasset" 3560
"C:/Users/1869771/Documents/GitHub/Martel_Ju_TP2_sans_lfs/Content/Game_ThePerfectDate/SFX/Divers/AS_Cash.uexp" 3561
"C:/Users/1869771/Documents/GitHub/Martel_Ju_TP2_sans_lfs/Content/Game_ThePerfectDate/SFX/Divers/city.ubulk" 3562
"C:/Users/1869771/Documents/GitHub/Martel_Ju_TP2_sans_lfs/Content/Game_ThePerfectDate/SFX/Divers/city.uasset" 3563
"C:/Users/1869771/Documents/GitHub/Martel_Ju_TP2_sans_lfs/Content/Game_ThePerfectDate/SFX/Divers/city.uexp" 3564
"C:/Users/1869771/Documents/GitHub/Martel_Ju_TP2_sans_lfs/Content/Game_ThePerfectDate/SFX/Divers/ventilation_hum.ubulk" 3565
"C:/Users/1869771/Documents/GitHub/Martel_Ju_TP2_sans_lfs/Content/Game_ThePerfectDate/SFX/Divers/ventilation_hum.uasset" 3566
"C:/Users/1869771/Documents/GitHub/Martel_Ju_TP2_sans_lfs/Content/Game_ThePerfectDate/SFX/Divers/ventilation_hum.uexp" 3567
"C:/Users/1869771/Documents/GitHub/Martel_Ju_TP2_sans_lfs/Content/Game_ThePerfectDate/SFX/MusiquesRadio/Dorris_Day_-_DJ_Williams.ubulk" 3568
"C:/Users/1869771/Documents/GitHub/Martel_Ju_TP2_sans_lfs/Content/Game_ThePerfectDate/SFX/MusiquesRadio/Dorris_Day_-_DJ_Williams.uasset" 3569
"C:/Users/1869771/Documents/GitHub/Martel_Ju_TP2_sans_lfs/Content/Game_ThePerfectDate/SFX/MusiquesRadio/Dorris_Day_-_DJ_Williams.uexp" 3570
"C:/Users/1869771/Documents/GitHub/Martel_Ju_TP2_sans_lfs/Content/Game_ThePerfectDate/SFX/MusiquesRadio/One_Time_-_Jeremy_Black.ubulk" 3571
"C:/Users/1869771/Documents/GitHub/Martel_Ju_TP2_sans_lfs/Content/Game_ThePerfectDate/SFX/MusiquesRadio/One_Time_-_Jeremy_Black.uasset" 3572
"C:/Users/1869771/Documents/GitHub/Martel_Ju_TP2_sans_lfs/Content/Game_ThePerfectDate/SFX/MusiquesRadio/One_Time_-_Jeremy_Black.uexp" 3573
"C:/Users/1869771/Documents/GitHub/Martel_Ju_TP2_sans_lfs/Content/Game_ThePerfectDate/Meshes/Personnages/NPC/Characters_PSX/Police/Texture/Character_17_Police.ubulk" 3574
"C:/Users/1869771/Documents/GitHub/Martel_Ju_TP2_sans_lfs/Content/Game_ThePerfectDate/Meshes/Personnages/NPC/Characters_PSX/Police/Texture/Character_17_Police.uasset" 3575
"C:/Users/1869771/Documents/GitHub/Martel_Ju_TP2_sans_lfs/Content/Game_ThePerfectDate/Meshes/Personnages/NPC/Characters_PSX/Police/Texture/Character_17_Police.uexp" 3576
"C:/Users/1869771/Documents/GitHub/Martel_Ju_TP2_sans_lfs/Content/Game_ThePerfectDate/Materials/Vertex_Snapping/MI_Police1.uasset" 3577
"C:/Users/1869771/Documents/GitHub/Martel_Ju_TP2_sans_lfs/Content/Game_ThePerfectDate/Materials/Vertex_Snapping/MI_Police1.uexp" 3578
"C:/Users/1869771/Documents/GitHub/Martel_Ju_TP2_sans_lfs/Content/Game_ThePerfectDate/Meshes/Personnages/NPC/Characters_PSX/Police_Woman/Texture/Character_25_Female_Police.ubulk" 3579
"C:/Users/1869771/Documents/GitHub/Martel_Ju_TP2_sans_lfs/Content/Game_ThePerfectDate/Meshes/Personnages/NPC/Characters_PSX/Police_Woman/Texture/Character_25_Female_Police.uasset" 3580
"C:/Users/1869771/Documents/GitHub/Martel_Ju_TP2_sans_lfs/Content/Game_ThePerfectDate/Meshes/Personnages/NPC/Characters_PSX/Police_Woman/Texture/Character_25_Female_Police.uexp" 3581
"C:/Users/1869771/Documents/GitHub/Martel_Ju_TP2_sans_lfs/Content/Game_ThePerfectDate/Materials/Vertex_Snapping/MI_Police2.uasset" 3582
"C:/Users/1869771/Documents/GitHub/Martel_Ju_TP2_sans_lfs/Content/Game_ThePerfectDate/Materials/Vertex_Snapping/MI_Police2.uexp" 3583
"C:/Users/1869771/Documents/GitHub/Martel_Ju_TP2_sans_lfs/Content/Game_ThePerfectDate/Maps/LVL_Niveau2.uexp" 3584
"C:/Users/1869771/Documents/GitHub/Martel_Ju_TP2_sans_lfs/Content/Game_ThePerfectDate/Maps/LVL_Niveau2.umap" 3585
