"C:/Users/1869771/Documents/GitHub/Martel_Ju_TP2_sans_lfs/Martel_Justine_TP2.uproject" 1
"../../../Engine/Plugins/AudioGameplay/AudioGameplay.uplugin" 2
"../../../Engine/Plugins/AudioInsights/AudioInsights.uplugin" 3
"../../../Engine/Plugins/BlueprintFileUtils/BlueprintFileUtils.uplugin" 4
"../../../Engine/Plugins/AudioGameplayVolume/AudioGameplayVolume.uplugin" 5
"../../../Engine/Plugins/ChaosCloth/ChaosCloth.uplugin" 6
"../../../Engine/Plugins/ChaosClothAsset/ChaosClothAsset.uplugin" 7
"../../../Engine/Plugins/ChaosInsights/ChaosInsights.uplugin" 8
"../../../Engine/Plugins/ChaosVD/ChaosVD.uplugin" 9
"../../../Engine/Plugins/Chooser/Chooser.uplugin" 10
"../../../Engine/Plugins/ChaosClothAssetEditor/ChaosClothAssetEditor.uplugin" 11
"../../../Engine/Plugins/CmdLinkServer/CmdLinkServer.uplugin" 12
"../../../Engine/Plugins/DiscoveryBeaconReceiver/DiscoveryBeaconReceiver.uplugin" 13
"../../../Engine/Plugins/EnhancedInput/EnhancedInput.uplugin" 14
"../../../Engine/Plugins/Fab/Fab.uplugin" 15
"../../../Engine/Plugins/FastBuildController/FastBuildController.uplugin" 16
"../../../Engine/Plugins/IoStoreInsights/IoStoreInsights.uplugin" 17
"../../../Engine/Plugins/JsonBlueprintUtilities/JsonBlueprintUtilities.uplugin" 18
"../../../Engine/Plugins/LightWeightInstancesEditor/LightWeightInstancesEditor.uplugin" 19
"../../../Engine/Plugins/MassInsights/MassInsights.uplugin" 20
"../../../Engine/Plugins/MemoryUsageQueries/MemoryUsageQueries.uplugin" 21
"../../../Engine/Plugins/MeshPainting/MeshPainting.uplugin" 22
"../../../Engine/Plugins/Mutable/Mutable.uplugin" 23
"../../../Engine/Plugins/Bridge/Bridge.uplugin" 24
"../../../Engine/Plugins/RenderGraphInsights/RenderGraphInsights.uplugin" 25
"../../../Engine/Plugins/ScriptPlugin/ScriptPlugin.uplugin" 26
"../../../Engine/Plugins/TextureGraph/TextureGraph.uplugin" 27
"../../../Engine/Plugins/TraceUtilities/TraceUtilities.uplugin" 28
"../../../Engine/Plugins/Compositing/Composure/Composure.uplugin" 29
"../../../Engine/Plugins/Compositing/LensDistortion/LensDistortion.uplugin" 30
"../../../Engine/Plugins/Compositing/OpenColorIO/OpenColorIO.uplugin" 31
"../../../Engine/Plugins/Compositing/OpenCVLensDistortion/OpenCVLensDistortion.uplugin" 32
"../../../Engine/Plugins/Experimental/AbilitySystemGameFeatureActions/AbilitySystemGameFeatureActions.uplugin" 33
"../../../Engine/Plugins/Experimental/ActorPalette/ActorPalette.uplugin" 34
"../../../Engine/Plugins/Experimental/AdvancedRenamer/AdvancedRenamer.uplugin" 35
"../../../Engine/Plugins/Experimental/AnimNextAnimGraph/AnimNextAnimGraph.uplugin" 36
"../../../Engine/Plugins/Experimental/AnimNext/AnimNext.uplugin" 37
"../../../Engine/Plugins/Experimental/AnimNextChooser/AnimNextChooser.uplugin" 38
"../../../Engine/Plugins/Experimental/AnimNextControlRig/AnimNextControlRig.uplugin" 39
"../../../Engine/Plugins/Experimental/AnimNextPoseSearch/AnimNextPoseSearch.uplugin" 40
"../../../Engine/Plugins/Experimental/AnimNextStateTree/AnimNextStateTree.uplugin" 41
"../../../Engine/Plugins/XGEController/XGEController.uplugin" 42
"../../../Engine/Plugins/Experimental/AnimToTexture/AnimToTexture.uplugin" 43
"../../../Engine/Plugins/Experimental/AsyncMessageSystem/AsyncMessageSystem.uplugin" 44
"../../../Engine/Plugins/Experimental/AsyncMessageSystemTests/AsyncMessageSystemTests.uplugin" 45
"../../../Engine/Plugins/Experimental/AutomationUtils/AutomationUtils.uplugin" 46
"../../../Engine/Plugins/Experimental/AvalancheDataLink/AvalancheDataLink.uplugin" 47
"../../../Engine/Plugins/WorldMetrics/WorldMetrics.uplugin" 48
"../../../Engine/Plugins/Experimental/AvalancheDisplayCluster/AvalancheDisplayCluster.uplugin" 49
"../../../Engine/Plugins/Experimental/BackChannel/BackChannel.uplugin" 50
"../../../Engine/Plugins/Experimental/AvalancheSceneState/AvalancheSceneState.uplugin" 51
"../../../Engine/Plugins/Experimental/BlueprintSnapNodes/BlueprintSnapNodes.uplugin" 52
"../../../Engine/Plugins/Experimental/BlueprintStats/BlueprintStats.uplugin" 53
"../../../Engine/Plugins/Experimental/AvalancheSequenceNavigator/AvalancheSequenceNavigator.uplugin" 54
"../../../Engine/Plugins/Experimental/Buoyancy/Buoyancy.uplugin" 55
"../../../Engine/Plugins/Experimental/ChaosCaching/ChaosCaching.uplugin" 56
"../../../Engine/Plugins/PCG/PCG.uplugin" 57
"../../../Engine/Plugins/Experimental/CelestialVault/CelestialVault.uplugin" 58
"../../../Engine/Plugins/Experimental/ChaosClothEditor/ChaosClothEditor.uplugin" 59
"../../../Engine/Plugins/Experimental/ChaosFlesh/ChaosFlesh.uplugin" 60
"../../../Engine/Plugins/Experimental/ChaosModularVehicle/ChaosModularVehicle.uplugin" 61
"../../../Engine/Plugins/Experimental/ChaosEditor/ChaosEditor.uplugin" 62
"../../../Engine/Plugins/Experimental/ChaosNiagara/ChaosNiagara.uplugin" 63
"../../../Engine/Plugins/Experimental/ChaosOutfitAsset/ChaosOutfitAsset.uplugin" 64
"../../../Engine/Plugins/Experimental/ChaosModularVehicleExamples/ChaosModularVehicleExamples.uplugin" 65
"../../../Engine/Plugins/UbaController/UbaController.uplugin" 66
"../../../Engine/Plugins/Experimental/ChaosMover/ChaosMover.uplugin" 67
"../../../Engine/Plugins/Experimental/ChaosUserDataPT/ChaosUserDataPT.uplugin" 68
"../../../Engine/Plugins/Experimental/CineCameraSceneCapture/CineCameraSceneCapture.uplugin" 69
"../../../Engine/Plugins/Experimental/AnimNextWarping/AnimNextWarping.uplugin" 70
"../../../Engine/Plugins/Experimental/ChaosCachingUSD/ChaosCachingUSD.uplugin" 71
"../../../Engine/Plugins/Experimental/CodeEditor/CodeEditor.uplugin" 72
"../../../Engine/Plugins/Experimental/ColorCorrectRegions/ColorCorrectRegions.uplugin" 73
"../../../Engine/Plugins/Experimental/ChaosSolverPlugin/ChaosSolverPlugin.uplugin" 74
"../../../Engine/Plugins/Experimental/CommonConversation/CommonConversation.uplugin" 75
"../../../Engine/Plugins/Experimental/CharacterAI/CharacterAI.uplugin" 76
"../../../Engine/Plugins/Experimental/ControlFlows/ControlFlows.uplugin" 77
"../../../Engine/Plugins/Experimental/CineCameraRigs/CineCameraRigs.uplugin" 78
"../../../Engine/Plugins/Experimental/Dataflow/Dataflow.uplugin" 79
"../../../Engine/Plugins/Experimental/DataLink/DataLink.uplugin" 80
"../../../Engine/Plugins/Experimental/DataLinkOAuth/DataLinkOAuth.uplugin" 81
"../../../Engine/Plugins/Experimental/DaySequence/DaySequence.uplugin" 82
"../../../Engine/Plugins/Experimental/DynamicMaterialMediaStreamBridge/DynamicMaterialMediaStreamBridge.uplugin" 83
"../../../Engine/Plugins/Experimental/EditorDataStorage/EditorDataStorage.uplugin" 84
"../../../Engine/Plugins/Experimental/DefaultInstallBundleManager/DefaultInstallBundleManager.uplugin" 85
"../../../Engine/Plugins/Experimental/EditorTelemetry/EditorTelemetry.uplugin" 86
"../../../Engine/Plugins/Experimental/EditorDataStorageFeatures/EditorDataStorageFeatures.uplugin" 87
"../../../Engine/Plugins/Experimental/EditorPerformance/EditorPerformance.uplugin" 88
"../../../Engine/Plugins/Experimental/ChaosVehiclesPlugin/ChaosVehiclesPlugin.uplugin" 89
"../../../Engine/Plugins/Experimental/FastGeoStreaming/FastGeoStreaming.uplugin" 90
"../../../Engine/Plugins/Experimental/CinematicPrestreaming/CinematicPrestreaming.uplugin" 91
"../../../Engine/Plugins/Experimental/FieldSystemPlugin/FieldSystemPlugin.uplugin" 92
"../../../Engine/Plugins/Experimental/FloatingProperties/FloatingProperties.uplugin" 93
"../../../Engine/Plugins/Experimental/GameplayBehaviors/GameplayBehaviors.uplugin" 94
"../../../Engine/Plugins/Experimental/FullBodyIK/FullBodyIK.uplugin" 95
"../../../Engine/Plugins/Experimental/GameInputWindows/GameInputWindows.uplugin" 96
"../../../Engine/Plugins/Experimental/GameplayTargetingSystem/TargetingSystem.uplugin" 97
"../../../Engine/Plugins/Experimental/GameplayGraph/GameplayGraph.uplugin" 98
"../../../Engine/Plugins/Experimental/Gauntlet/Gauntlet.uplugin" 99
"../../../Engine/Plugins/Experimental/GeometryCacheLevelSequenceBaker/GeometryCacheLevelSequenceBaker.uplugin" 100
"../../../Engine/Plugins/Experimental/GeometryCollectionPlugin/GeometryCollectionPlugin.uplugin" 101
"../../../Engine/Plugins/Experimental/GeometryCacheAbcFile/GeometryCacheAbcFile.uplugin" 102
"../../../Engine/Plugins/Experimental/GeometryDataflow/GeometryDataflow.uplugin" 103
"../../../Engine/Plugins/Experimental/GizmoEdMode/GizmoEdMode.uplugin" 104
"../../../Engine/Plugins/Experimental/GeometryFlow/GeometryFlow.uplugin" 105
"../../../Engine/Plugins/Experimental/HairCardGenerator/HairCardGenerator.uplugin" 106
"../../../Engine/Plugins/Experimental/GPULightmass/GPULightmass.uplugin" 107
"../../../Engine/Plugins/Experimental/GizmoFramework/GizmoFramework.uplugin" 108
"../../../Engine/Plugins/Experimental/HairStrandsMutable/HairStrandsMutable.uplugin" 109
"../../../Engine/Plugins/Experimental/ImageWidgets/ImageWidgets.uplugin" 110
"../../../Engine/Plugins/Experimental/HairModelingToolset/HairModelingToolset.uplugin" 111
"../../../Engine/Plugins/Experimental/ImagePlate/ImagePlate.uplugin" 112
"../../../Engine/Plugins/Experimental/ImpostorBaker/ImpostorBaker.uplugin" 113
"../../../Engine/Plugins/Experimental/InlineMaterialInstance/InlineMaterialInstance.uplugin" 114
"../../../Engine/Plugins/Experimental/InstanceDataObjectFixupTool/InstanceDataObjectFixupTool.uplugin" 115
"../../../Engine/Plugins/Experimental/JWT/JWT.uplugin" 116
"../../../Engine/Plugins/Experimental/LandscapePatch/LandscapePatch.uplugin" 117
"../../../Engine/Plugins/Experimental/CodeView/CodeView.uplugin" 118
"../../../Engine/Plugins/Experimental/EvaluationNotifies/EvaluationNotifies.uplugin" 119
"../../../Engine/Plugins/Experimental/LevelSequenceNavigatorBridge/LevelSequenceNavigatorBridge.uplugin" 120
"../../../Engine/Plugins/Experimental/LiveLinkControlRig/LiveLinkControlRig.uplugin" 121
"../../../Engine/Plugins/Experimental/InteractionInterface/InteractionInterface.uplugin" 122
"../../../Engine/Plugins/Experimental/LiveLinkFaceImporter/LiveLinkFaceImporter.uplugin" 123
"../../../Engine/Plugins/Experimental/LiveLinkOpenVR/LiveLinkOpenVR.uplugin" 124
"../../../Engine/Plugins/Experimental/Landmass/Landmass.uplugin" 125
"../../../Engine/Plugins/Experimental/LocalizableMessage/LocalizableMessage.uplugin" 126
"../../../Engine/Plugins/Experimental/MediaViewer/MediaViewer.uplugin" 127
"../../../Engine/Plugins/Experimental/MediaStream/MediaStream.uplugin" 128
"../../../Engine/Plugins/Experimental/LowLevelNetTrace/LowLevelNetTrace.uplugin" 129
"../../../Engine/Plugins/Experimental/MLflow/MLflow.uplugin" 130
"../../../Engine/Plugins/Experimental/MeshModelingToolsetExp/MeshModelingToolsetExp.uplugin" 131
"../../../Engine/Plugins/Experimental/MeshResizing/MeshResizing.uplugin" 132
"../../../Engine/Plugins/Experimental/MetasoundExperimental/MetasoundExperimental.uplugin" 133
"../../../Engine/Plugins/Experimental/MoverExamples/MoverExamples.uplugin" 134
"../../../Engine/Plugins/Experimental/Mover/Mover.uplugin" 135
"../../../Engine/Plugins/Experimental/MotoSynth/MotoSynth.uplugin" 136
"../../../Engine/Plugins/Experimental/MoverIntegrations/MoverIntegrations.uplugin" 137
"../../../Engine/Plugins/Experimental/MoverAnimNext/MoverAnimNext.uplugin" 138
"../../../Engine/Plugins/Experimental/MoverTests/MoverTests.uplugin" 139
"../../../Engine/Plugins/Experimental/MovieSceneAnimMixer/MovieSceneAnimMixer.uplugin" 140
"../../../Engine/Plugins/Experimental/MovieScenePoseSearchTracks/MovieScenePoseSearchTracks.uplugin" 141
"../../../Engine/Plugins/Experimental/MutablePopulation/MutablePopulation.uplugin" 142
"../../../Engine/Plugins/Experimental/NaniteDisplacedMesh/NaniteDisplacedMesh.uplugin" 143
"../../../Engine/Plugins/Experimental/MutableClothing/MutableClothing.uplugin" 144
"../../../Engine/Plugins/Experimental/NeuralRendering/NeuralRendering.uplugin" 145
"../../../Engine/Plugins/Experimental/NNERuntimeBasicCpu/NNERuntimeBasicCpu.uplugin" 146
"../../../Engine/Plugins/Experimental/NNERuntimeCoreML/NNERuntimeCoreML.uplugin" 147
"../../../Engine/Plugins/Experimental/NFORDenoise/NFORDenoise.uplugin" 148
"../../../Engine/Plugins/Experimental/Fracture/Fracture.uplugin" 149
"../../../Engine/Plugins/Experimental/OpenImageDenoise/OpenImageDenoise.uplugin" 150
"../../../Engine/Plugins/Experimental/Iris/Iris.uplugin" 151
"../../../Engine/Plugins/Experimental/NNERuntimeIREE/NNERuntimeIREE.uplugin" 152
"../../../Engine/Plugins/Experimental/PCGBiomeCore/PCGBiomeCore.uplugin" 153
"../../../Engine/Plugins/Experimental/NNERuntimeRDG/NNERuntimeRDG.uplugin" 154
"../../../Engine/Plugins/Experimental/OptiXDenoise/OptiXDenoise.uplugin" 155
"../../../Engine/Plugins/Experimental/PanoramicCapture/PanoramicCapture.uplugin" 156
"../../../Engine/Plugins/Experimental/PCGBiomeSample/PCGBiomeSample.uplugin" 157
"../../../Engine/Plugins/Experimental/PixelStreamingPlayer/PixelStreamingPlayer.uplugin" 158
"../../../Engine/Plugins/Experimental/MotorSimOutputMotoSynth/MotorSimOutputMotoSynth.uplugin" 159
"../../../Engine/Plugins/Experimental/PhysicsControl/PhysicsControl.uplugin" 160
"../../../Engine/Plugins/Experimental/PlainPropsUObject/PlainPropsUObject.uplugin" 161
"../../../Engine/Plugins/Experimental/PlanarCutPlugin/PlanarCut.uplugin" 162
"../../../Engine/Plugins/Experimental/PluginAudit/PluginAudit.uplugin" 163
"../../../Engine/Plugins/Experimental/LearningAgents/LearningAgents.uplugin" 164
"../../../Engine/Plugins/Experimental/PlainProps/PlainProps.uplugin" 165
"../../../Engine/Plugins/Experimental/PlatformCrypto/PlatformCrypto.uplugin" 166
"../../../Engine/Plugins/Experimental/PSDImporterMaterialDesignerBridge/PSDImporterMaterialDesignerBridge.uplugin" 167
"../../../Engine/Plugins/Experimental/PostProcessMaterialChainGraph/PostProcessMaterialChainGraph.uplugin" 168
"../../../Engine/Plugins/Experimental/PythonScriptPlugin/PythonScriptPlugin.uplugin" 169
"../../../Engine/Plugins/Experimental/RemoteControlComponents/RemoteControlComponents.uplugin" 170
"../../../Engine/Plugins/Experimental/PluginTemplateTool/PluginTemplateTool.uplugin" 171
"../../../Engine/Plugins/Experimental/RemoteSession/RemoteSession.uplugin" 172
"../../../Engine/Plugins/Experimental/QuicMessaging/QuicMessaging.uplugin" 173
"../../../Engine/Plugins/Experimental/PSDImporter/PSDImporter.uplugin" 174
"../../../Engine/Plugins/Experimental/RazerChromaDevices/RazerChromaDevices.uplugin" 175
"../../../Engine/Plugins/Experimental/RigLogicMutable/RigLogicMutable.uplugin" 176
"../../../Engine/Plugins/Experimental/RenderGrid/RenderGrid.uplugin" 177
"../../../Engine/Plugins/Experimental/RigLogicAnimNext/RigLogicAnimNext.uplugin" 178
"../../../Engine/Plugins/Experimental/RuntimeTelemetry/RuntimeTelemetry.uplugin" 179
"../../../Engine/Plugins/Experimental/ScreenReader/ScreenReader.uplugin" 180
"../../../Engine/Plugins/Experimental/SceneState/SceneState.uplugin" 181
"../../../Engine/Plugins/Experimental/RawInput/RawInput.uplugin" 182
"../../../Engine/Plugins/Experimental/SequenceNavigator/SequenceNavigator.uplugin" 183
"../../../Engine/Plugins/Experimental/SecuritySandbox/SecuritySandbox.uplugin" 184
"../../../Engine/Plugins/Experimental/Shotgrid/Shotgrid.uplugin" 185
"../../../Engine/Plugins/Experimental/PythonFoundationPackages/PythonFoundationPackages.uplugin" 186
"../../../Engine/Plugins/Experimental/SkeletalReduction/SkeletalReduction.uplugin" 187
"../../../Engine/Plugins/Experimental/SerializationUtils/SerializationUtils.uplugin" 188
"../../../Engine/Plugins/Experimental/SlateIM/SlateIM.uplugin" 189
"../../../Engine/Plugins/Experimental/SlateModelViewViewModel/SlateModelViewViewModel.uplugin" 190
"../../../Engine/Plugins/Experimental/SimpleHMD/SimpleHMD.uplugin" 191
"../../../Engine/Plugins/Experimental/SlateScreenReader/SlateScreenReader.uplugin" 192
"../../../Engine/Plugins/Experimental/SpatialReadiness/SpatialReadiness.uplugin" 193
"../../../Engine/Plugins/Experimental/StructUtils/StructUtils.uplugin" 194
"../../../Engine/Plugins/Experimental/StateGraph/StateGraph.uplugin" 195
"../../../Engine/Plugins/Experimental/SubtitlesAndClosedCaptions/SubtitlesAndClosedCaptions.uplugin" 196
"../../../Engine/Plugins/Experimental/PluginReferenceViewer/PluginReferenceViewer.uplugin" 197
"../../../Engine/Plugins/Experimental/SVGImporter/SVGImporter.uplugin" 198
"../../../Engine/Plugins/Experimental/TargetDeviceServicesScripting/TargetDeviceServicesScripting.uplugin" 199
"../../../Engine/Plugins/Experimental/SurfaceEffects/SurfaceEffects.uplugin" 200
"../../../Engine/Plugins/Experimental/TechAudioTools/TechAudioTools.uplugin" 201
"../../../Engine/Plugins/Experimental/TetMeshing/TetMeshing.uplugin" 202
"../../../Engine/Plugins/Experimental/Text3D/Text3D.uplugin" 203
"../../../Engine/Plugins/Experimental/ToolPresets/ToolPresets.uplugin" 204
"../../../Engine/Plugins/Experimental/TextToSpeech/TextToSpeech.uplugin" 205
"../../../Engine/Plugins/Experimental/Tensorboard/Tensorboard.uplugin" 206
"../../../Engine/Plugins/Experimental/TextureMediaPlayer/TextureMediaPlayer.uplugin" 207
"../../../Engine/Plugins/Experimental/UIFramework/UIFramework.uplugin" 208
"../../../Engine/Plugins/Experimental/VirtualHeightfieldMesh/VirtualHeightfieldMesh.uplugin" 209
"../../../Engine/Plugins/Experimental/UserToolBoxCore/UserToolBoxCore.uplugin" 210
"../../../Engine/Plugins/Experimental/UserToolBoxBasicCommand/UserToolBoxBasicCommand.uplugin" 211
"../../../Engine/Plugins/Experimental/Volumetrics/Volumetrics.uplugin" 212
"../../../Engine/Plugins/Experimental/VirtualProductionUtilities/VirtualProductionUtilities.uplugin" 213
"../../../Engine/Plugins/Experimental/Water/Water.uplugin" 214
"../../../Engine/Plugins/Experimental/WaveFunctionCollapse/WaveFunctionCollapse.uplugin" 215
"../../../Engine/Plugins/Experimental/WaterAdvanced/WaterAdvanced.uplugin" 216
"../../../Engine/Plugins/Experimental/WebSocketMessaging/WebSocketMessaging.uplugin" 217
"../../../Engine/Plugins/Experimental/WaterExtras/WaterExtras.uplugin" 218
"../../../Engine/Plugins/Experimental/WebSocketNetworking/WebSocketNetworking.uplugin" 219
"../../../Engine/Plugins/Experimental/WidgetEditorToolPalette/WidgetEditorToolPalette.uplugin" 220
"../../../Engine/Plugins/Experimental/XRCreativeFramework/XRCreativeFramework.uplugin" 221
"../../../Engine/Plugins/Experimental/Workspace/Workspace.uplugin" 222
"../../../Engine/Plugins/Messaging/MessagingDebugger/MessagingDebugger.uplugin" 223
"../../../Engine/Plugins/Messaging/TcpMessaging/TcpMessaging.uplugin" 224
"../../../Engine/Plugins/MovieScene/ActorSequence/ActorSequence.uplugin" 225
"../../../Engine/Plugins/Messaging/UdpMessaging/UdpMessaging.uplugin" 226
"../../../Engine/Plugins/MovieScene/MoviePipelineMaskRenderPass/MoviePipelineMaskRenderPass.uplugin" 227
"../../../Engine/Plugins/MovieScene/CustomizableSequencerTracks/CustomizableSequencerTracks.uplugin" 228
"../../../Engine/Plugins/MovieScene/MovieSceneTextTrack/MovieSceneTextTrack.uplugin" 229
"../../../Engine/Plugins/MovieScene/ReplayTracks/ReplayTracks.uplugin" 230
"../../../Engine/Plugins/MovieScene/SequencerScripting/SequencerScripting.uplugin" 231
"../../../Engine/Plugins/MovieScene/LevelSequenceEditor/LevelSequenceEditor.uplugin" 232
"../../../Engine/Plugins/MovieScene/TemplateSequence/TemplateSequence.uplugin" 233
"../../../Engine/Plugins/NNE/NNEDenoiser/NNEDenoiser.uplugin" 234
"../../../Engine/Plugins/Experimental/SubmitToolEditor/SubmitToolEditor.uplugin" 235
"../../../Engine/Plugins/PCGInterops/PCGExternalDataInterop/PCGExternalDataInterop.uplugin" 236
"../../../Engine/Plugins/NNE/NNERuntimeORT/NNERuntimeORT.uplugin" 237
"../../../Engine/Plugins/PCGInterops/PCGGeometryScriptInterop/PCGGeometryScriptInterop.uplugin" 238
"../../../Engine/Plugins/Performance/AutomatedPerfTesting/AutomatedPerfTesting.uplugin" 239
"../../../Engine/Plugins/Tests/AutomationDriverTests/AutomationDriverTests.uplugin" 240
"../../../Engine/Plugins/Tests/CQTest/CQTest.uplugin" 241
"../../../Engine/Plugins/Tests/CQTestEnhancedInput/CQTestEnhancedInput.uplugin" 242
"../../../Engine/Plugins/Tests/PythonAutomationTest/PythonAutomationTest.uplugin" 243
"../../../Engine/Plugins/Performance/PerformanceMonitor/PerformanceMonitor.uplugin" 244
"../../../Engine/Plugins/Tests/RHITests/RHITests.uplugin" 245
"../../../Engine/Plugins/Tests/InterchangeTests/InterchangeTests.uplugin" 246
"../../../Engine/Plugins/Tests/FbxAutomationTestBuilder/FbxAutomationTestBuilder.uplugin" 247
"../../../Engine/Plugins/Tests/EditorTests/EditorTests.uplugin" 248
"../../../Engine/Plugins/Tests/TestFramework/TestFramework.uplugin" 249
"../../../Engine/Plugins/Tests/TestSamples/TestSamples.uplugin" 250
"../../../Engine/Plugins/VirtualProduction/ActorModifierCore/ActorModifierCore.uplugin" 251
"../../../Engine/Plugins/VirtualProduction/ActorModifier/ActorModifier.uplugin" 252
"../../../Engine/Plugins/Tests/RuntimeTests/RuntimeTests.uplugin" 253
"../../../Engine/Plugins/MovieScene/MovieRenderPipeline/MovieRenderPipeline.uplugin" 254
"../../../Engine/Plugins/VirtualProduction/CompositePlane/CompositePlane.uplugin" 255
"../../../Engine/Plugins/VirtualProduction/CameraCalibrationML/CameraCalibrationML.uplugin" 256
"../../../Engine/Plugins/VirtualProduction/CameraCalibrationCore/CameraCalibrationCore.uplugin" 257
"../../../Engine/Plugins/VirtualProduction/CinematicAssemblyTools/CinematicAssemblyTools.uplugin" 258
"../../../Engine/Plugins/VirtualProduction/Avalanche/Avalanche.uplugin" 259
"../../../Engine/Plugins/VirtualProduction/ClonerEffector/ClonerEffector.uplugin" 260
"../../../Engine/Plugins/VirtualProduction/CustomDetailsView/CustomDetailsView.uplugin" 261
"../../../Engine/Plugins/VirtualProduction/DataCharts/DataCharts.uplugin" 262
"../../../Engine/Plugins/VirtualProduction/EpicStageApp/EpicStageApp.uplugin" 263
"../../../Engine/Plugins/VirtualProduction/GeometryMask/GeometryMask.uplugin" 264
"../../../Engine/Plugins/VirtualProduction/ICVFX/ICVFX.uplugin" 265
"../../../Engine/Plugins/VirtualProduction/ICVFXTesting/ICVFXTesting.uplugin" 266
"../../../Engine/Plugins/VirtualProduction/LensComponent/LensComponent.uplugin" 267
"../../../Engine/Plugins/VirtualProduction/LiveLinkFreeD/LiveLinkFreeD.uplugin" 268
"../../../Engine/Plugins/VirtualProduction/CameraCalibration/CameraCalibration.uplugin" 269
"../../../Engine/Plugins/VirtualProduction/CaptureData/CaptureData.uplugin" 270
"../../../Engine/Plugins/VirtualProduction/LiveLinkInputDevice/LiveLinkInputDevice.uplugin" 271
"../../../Engine/Plugins/VirtualProduction/LevelSnapshots/LevelSnapshots.uplugin" 272
"../../../Engine/Plugins/VirtualProduction/LiveLinkLens/LiveLinkLens.uplugin" 273
"../../../Engine/Plugins/VirtualProduction/LiveLinkMasterLockit/LiveLinkMasterLockit.uplugin" 274
"../../../Engine/Plugins/Tests/WidgetAutomationTests/WidgetAutomationTests.uplugin" 275
"../../../Engine/Plugins/VirtualProduction/LiveLinkOpenTrackIO/LiveLinkOpenTrackIO.uplugin" 276
"../../../Engine/Plugins/VirtualProduction/LiveLinkPrestonMDR/LiveLinkPrestonMDR.uplugin" 277
"../../../Engine/Plugins/Tests/FunctionalTestingEditor/FunctionalTestingEditor.uplugin" 278
"../../../Engine/Plugins/VirtualProduction/LiveLinkVRPN/LiveLinkVRPN.uplugin" 279
"../../../Engine/Plugins/VirtualProduction/MultiUserTakes/MultiUserTakes.uplugin" 280
"../../../Engine/Plugins/VirtualProduction/LiveLinkCamera/LiveLinkCamera.uplugin" 281
"../../../Engine/Plugins/VirtualProduction/LiveLinkXR/LiveLinkXR.uplugin" 282
"../../../Engine/Plugins/VirtualProduction/RemoteControl/RemoteControl.uplugin" 283
"../../../Engine/Plugins/VirtualProduction/PerformanceCaptureWorkflow/PerformanceCaptureWorkflow.uplugin" 284
"../../../Engine/Plugins/VirtualProduction/OperatorStack/OperatorStack.uplugin" 285
"../../../Engine/Plugins/VirtualProduction/PropertyAnimatorCore/PropertyAnimatorCore.uplugin" 286
"../../../Engine/Plugins/VirtualProduction/PropertyAnimator/PropertyAnimator.uplugin" 287
"../../../Engine/Plugins/VirtualProduction/RemoteControlProtocolDMX/RemoteControlProtocolDMX.uplugin" 288
"../../../Engine/Plugins/VirtualProduction/RemoteControlProtocolOSC/RemoteControlProtocolOSC.uplugin" 289
"../../../Engine/Plugins/VirtualProduction/RemoteControlWebInterface/RemoteControlWebInterface.uplugin" 290
"../../../Engine/Plugins/VirtualProduction/RemoteControlProtocolMIDI/RemoteControlProtocolMIDI.uplugin" 291
"../../../Engine/Plugins/VirtualProduction/RemoteControlInterception/RemoteControlInterception.uplugin" 292
"../../../Engine/Plugins/VirtualProduction/SequencerPlaylists/SequencerPlaylists.uplugin" 293
"../../../Engine/Plugins/VirtualProduction/StageMonitoring/StageMonitoring.uplugin" 294
"../../../Engine/Plugins/VirtualProduction/StormSync/StormSync.uplugin" 295
"../../../Engine/Plugins/VirtualProduction/StormSyncAvalancheBridge/StormSyncAvalancheBridge.uplugin" 296
"../../../Engine/Plugins/VirtualProduction/Takes/Takes.uplugin" 297
"../../../Engine/Plugins/VirtualProduction/VirtualCamera/VirtualCamera.uplugin" 298
"../../../Engine/Plugins/VirtualProduction/Switchboard/Switchboard.uplugin" 299
"../../../Engine/Plugins/Runtime/ADM/ADM.uplugin" 300
"../../../Engine/Plugins/VirtualProduction/VirtualCameraCore/VirtualCameraCore.uplugin" 301
"../../../Engine/Plugins/VirtualProduction/VirtualScouting/VirtualScouting.uplugin" 302
"../../../Engine/Plugins/VirtualProduction/TextureShare/TextureShare.uplugin" 303
"../../../Engine/Plugins/Portal/LauncherChunkInstaller/LauncherChunkInstaller.uplugin" 304
"../../../Engine/Plugins/VirtualProduction/DynamicMaterial/DynamicMaterial.uplugin" 305
"../../../Engine/Plugins/Runtime/ActorLayerUtilities/ActorLayerUtilities.uplugin" 306
"../../../Engine/Plugins/Runtime/AndroidBackgroundService/AndroidBackgroundService.uplugin" 307
"../../../Engine/Plugins/Runtime/AndroidDeviceProfileSelector/AndroidDeviceProfileSelector.uplugin" 308
"../../../Engine/Plugins/Runtime/AnimationBudgetAllocator/AnimationBudgetAllocator.uplugin" 309
"../../../Engine/Plugins/Runtime/ApexDestruction/ApexDestruction.uplugin" 310
"../../../Engine/Plugins/VirtualProduction/TimedDataMonitor/TimedDataMonitor.uplugin" 311
"../../../Engine/Plugins/Runtime/AppleImageUtils/AppleImageUtils.uplugin" 312
"../../../Engine/Plugins/Runtime/AndroidPermission/AndroidPermission.uplugin" 313
"../../../Engine/Plugins/Runtime/AppleMoviePlayer/AppleMoviePlayer.uplugin" 314
"../../../Engine/Plugins/Runtime/AndroidFileServer/AndroidFileServer.uplugin" 315
"../../../Engine/Plugins/Runtime/AudioCapture/AudioCapture.uplugin" 316
"../../../Engine/Plugins/Runtime/AssetTags/AssetTags.uplugin" 317
"../../../Engine/Plugins/Runtime/ArchVisCharacter/ArchVisCharacter.uplugin" 318
"../../../Engine/Plugins/Runtime/AudioMotorSim/AudioMotorSim.uplugin" 319
"../../../Engine/Plugins/Runtime/AudioModulation/AudioModulation.uplugin" 320
"../../../Engine/Plugins/Runtime/AudioSynesthesia/AudioSynesthesia.uplugin" 321
"../../../Engine/Plugins/Runtime/AudioWidgets/AudioWidgets.uplugin" 322
"../../../Engine/Plugins/Runtime/CableComponent/CableComponent.uplugin" 323
"../../../Engine/Plugins/Runtime/ChunkDownloader/ChunkDownloader.uplugin" 324
"../../../Engine/Plugins/Runtime/ComputeFramework/ComputeFramework.uplugin" 325
"../../../Engine/Plugins/Runtime/CommonUI/CommonUI.uplugin" 326
"../../../Engine/Plugins/Runtime/CustomMeshComponent/CustomMeshComponent.uplugin" 327
"../../../Engine/Plugins/Runtime/DataRegistry/DataRegistry.uplugin" 328
"../../../Engine/Plugins/Runtime/ExampleDeviceProfileSelector/ExampleDeviceProfileSelector.uplugin" 329
"../../../Engine/Plugins/Runtime/GameInput/GameInput.uplugin" 330
"../../../Engine/Plugins/Runtime/Firebase/Firebase.uplugin" 331
"../../../Engine/Plugins/Runtime/GameplayBehaviorSmartObjects/GameplayBehaviorSmartObjects.uplugin" 332
"../../../Engine/Plugins/Runtime/GameplayInteractions/GameplayInteractions.uplugin" 333
"../../../Engine/Plugins/Runtime/GameplayStateTree/GameplayStateTree.uplugin" 334
"../../../Engine/Plugins/Runtime/GeometryProcessing/GeometryProcessing.uplugin" 335
"../../../Engine/Plugins/Runtime/GeometryScripting/GeometryScripting.uplugin" 336
"../../../Engine/Plugins/Runtime/GeometryCache/GeometryCache.uplugin" 337
"../../../Engine/Plugins/Runtime/GeoReferencing/GeoReferencing.uplugin" 338
"../../../Engine/Plugins/Runtime/GameFeatures/GameFeatures.uplugin" 339
"../../../Engine/Plugins/Runtime/Harmonix/Harmonix.uplugin" 340
"../../../Engine/Plugins/Runtime/HPMotionController/HPMotionController.uplugin" 341
"../../../Engine/Plugins/Runtime/GooglePAD/GooglePAD.uplugin" 342
"../../../Engine/Plugins/Runtime/HTTPChunkInstaller/HTTPChunkInstaller.uplugin" 343
"../../../Engine/Plugins/Runtime/HDRIBackdrop/HDRIBackdrop.uplugin" 344
"../../../Engine/Plugins/Runtime/GoogleCloudMessaging/GoogleCloudMessaging.uplugin" 345
"../../../Engine/Plugins/Runtime/GameplayAbilities/GameplayAbilities.uplugin" 346
"../../../Engine/Plugins/Runtime/InstancedActors/InstancedActors.uplugin" 347
"../../../Engine/Plugins/Runtime/InputDebugging/InputDebugging.uplugin" 348
"../../../Engine/Plugins/Runtime/IOSReplayKit/IOSReplayKit.uplugin" 349
"../../../Engine/Plugins/Runtime/LevelStreamingPersistence/LevelStreamingPersistence.uplugin" 350
"../../../Engine/Plugins/Runtime/LiveLinkOvernDisplay/LiveLinkOverNDisplay.uplugin" 351
"../../../Engine/Plugins/Runtime/MassEntity/MassEntity.uplugin" 352
"../../../Engine/Plugins/Runtime/LocationServicesAndroidImpl/LocationServicesAndroidImpl.uplugin" 353
"../../../Engine/Plugins/Runtime/LocationServicesIOSImpl/LocationServicesIOSImpl.uplugin" 354
"../../../Engine/Plugins/Runtime/MassGameplay/MassGameplay.uplugin" 355
"../../../Engine/Plugins/Runtime/MeshModelingToolset/MeshModelingToolset.uplugin" 356
"../../../Engine/Plugins/Runtime/LocationServicesBPLibrary/LocationServicesBPLibrary.uplugin" 357
"../../../Engine/Plugins/Runtime/IOSDeviceProfileSelector/IOSDeviceProfileSelector.uplugin" 358
"../../../Engine/Plugins/Runtime/Metasound/Metasound.uplugin" 359
"../../../Engine/Plugins/Runtime/MicrosoftSpatialAudio/MicroSoftSpatialSound.uplugin" 360
"../../../Engine/Plugins/Runtime/MixedRealityCaptureFramework/MixedRealityCaptureFramework.uplugin" 361
"../../../Engine/Plugins/Runtime/MobileFSR/MobileFSR.uplugin" 362
"../../../Engine/Plugins/Runtime/MobilePatchingUtils/MobilePatchingUtils.uplugin" 363
"../../../Engine/Plugins/Runtime/ModularGameplay/ModularGameplay.uplugin" 364
"../../../Engine/Plugins/Runtime/MsQuic/MsQuic.uplugin" 365
"../../../Engine/Plugins/Runtime/MusicEnvironment/MusicEnvironment.uplugin" 366
"../../../Engine/Plugins/Runtime/NavCorridor/NavCorridor.uplugin" 367
"../../../Engine/Plugins/Runtime/nDisplay/nDisplay.uplugin" 368
"../../../Engine/Plugins/Runtime/MultiServerReplication/MultiServerReplication.uplugin" 369
"../../../Engine/Plugins/Runtime/nDisplayModularFeatures/nDisplayModularFeatures.uplugin" 370
"../../../Engine/Plugins/Runtime/NetworkPrediction/NetworkPrediction.uplugin" 371
"../../../Engine/Plugins/Runtime/OpenCV/OpenCV.uplugin" 372
"../../../Engine/Plugins/Runtime/NetworkPredictionExtras/NetworkPredictionExtras.uplugin" 373
"../../../Engine/Plugins/Runtime/HairStrands/HairStrands.uplugin" 374
"../../../Engine/Plugins/Runtime/OpenXRHandTracking/OpenXRHandTracking.uplugin" 375
"../../../Engine/Plugins/Runtime/NetworkPredictionInsights/NetworkPredictionInsights.uplugin" 376
"../../../Engine/Plugins/Runtime/OpenXRViveTracker/OpenXRViveTracker.uplugin" 377
"../../../Engine/Plugins/Runtime/OptionalMobileFeaturesBPLibrary/OptionalMobileFeaturesBPLibrary.uplugin" 378
"../../../Engine/Plugins/Runtime/OSC/OSC.uplugin" 379
"../../../Engine/Plugins/Runtime/ProceduralMeshComponent/ProceduralMeshComponent.uplugin" 380
"../../../Engine/Plugins/Runtime/PreLoadScreenMoviePlayer/PreLoadScreenMoviePlayer.uplugin" 381
"../../../Engine/Plugins/Runtime/PropertyAccess/PropertyAccessEditor.uplugin" 382
"../../../Engine/Plugins/Runtime/OpenXR/OpenXR.uplugin" 383
"../../../Engine/Plugins/Runtime/PropertyBindingUtils/PropertyBindingUtils.uplugin" 384
"../../../Engine/Plugins/Runtime/ReplicationGraph/ReplicationGraph.uplugin" 385
"../../../Engine/Plugins/Runtime/LinuxDeviceProfileSelector/LinuxDeviceProfileSelector.uplugin" 386
"../../../Engine/Plugins/Runtime/ReplicationSystemTestPlugin/ReplicationSystemTestPlugin.uplugin" 387
"../../../Engine/Plugins/Runtime/ResonanceAudio/ResonanceAudio.uplugin" 388
"../../../Engine/Plugins/Runtime/OpenXRMsftHandInteraction/OpenXRMsftHandInteraction.uplugin" 389
"../../../Engine/Plugins/Runtime/RigVM/RigVM.uplugin" 390
"../../../Engine/Plugins/Runtime/ScriptableToolsFramework/ScriptableToolsFramework.uplugin" 391
"../../../Engine/Plugins/Runtime/SignificanceManager/SignificanceManager.uplugin" 392
"../../../Engine/Plugins/Runtime/SkeletalMerging/SkeletalMerging.uplugin" 393
"../../../Engine/Plugins/Runtime/SoundFields/SoundFields.uplugin" 394
"../../../Engine/Plugins/Runtime/SoundCueTemplates/SoundCueTemplates.uplugin" 395
"../../../Engine/Plugins/Runtime/ModelViewViewModel/ModelViewViewModel.uplugin" 396
"../../../Engine/Plugins/Runtime/SmartObjects/SmartObjects.uplugin" 397
"../../../Engine/Plugins/Runtime/MIDIDevice/MIDIDevice.uplugin" 398
"../../../Engine/Plugins/Runtime/Soundscape/Soundscape.uplugin" 399
"../../../Engine/Plugins/Runtime/AndroidMoviePlayer/AndroidMoviePlayer.uplugin" 400
"../../../Engine/Plugins/Runtime/StateTree/StateTree.uplugin" 401
"../../../Engine/Plugins/Runtime/SoundUtilities/SoundUtilities.uplugin" 402
"../../../Engine/Plugins/Runtime/Spatialization/Spatialization.uplugin" 403
"../../../Engine/Plugins/Runtime/SunPosition/SunPosition.uplugin" 404
"../../../Engine/Plugins/Runtime/USDCore/USDCore.uplugin" 405
"../../../Engine/Plugins/Runtime/Synthesis/Synthesis.uplugin" 406
"../../../Engine/Plugins/Runtime/WarpUtils/WarpUtils.uplugin" 407
"../../../Engine/Plugins/Runtime/WaveTable/WaveTable.uplugin" 408
"../../../Engine/Plugins/Runtime/WebBrowserNativeProxy/WebBrowserNativeProxy.uplugin" 409
"../../../Engine/Plugins/Runtime/WebBrowserWidget/WebBrowserWidget.uplugin" 410
"../../../Engine/Plugins/Runtime/WebMMoviePlayer/WebMMoviePlayer.uplugin" 411
"../../../Engine/Plugins/Runtime/WindowsMoviePlayer/WindowsMoviePlayer.uplugin" 412
"../../../Engine/Plugins/Runtime/WindowsDeviceProfileSelector/WindowsDeviceProfileSelector.uplugin" 413
"../../../Engine/Plugins/Runtime/WorldConditions/WorldConditions.uplugin" 414
"../../../Engine/Plugins/Runtime/XRBase/XRBase.uplugin" 415
"../../../Engine/Plugins/Runtime/ZoneGraphAnnotations/ZoneGraphAnnotations.uplugin" 416
"../../../Engine/Plugins/Runtime/ZoneGraph/ZoneGraph.uplugin" 417
"../../../Engine/Plugins/2D/Paper2D/Paper2D.uplugin" 418
"../../../Engine/Plugins/AI/EnvironmentQueryEditor/EnvironmentQueryEditor.uplugin" 419
"../../../Engine/Plugins/Runtime/OpenXREyeTracker/OpenXREyeTracker.uplugin" 420
"../../../Engine/Plugins/AI/AISupport/AISupport.uplugin" 421
"../../../Engine/Plugins/AI/HTNPlanner/HTNPlanner.uplugin" 422
"../../../Engine/Plugins/AI/MassCrowd/MassCrowd.uplugin" 423
"../../../Engine/Plugins/AI/MLAdapter/MLAdapter.uplugin" 424
"../../../Engine/Plugins/Runtime/SoundMod/SoundMod.uplugin" 425
"../../../Engine/Plugins/Animation/ACLPlugin/ACLPlugin.uplugin" 426
"../../../Engine/Plugins/Animation/AnimationData/AnimationData.uplugin" 427
"../../../Engine/Plugins/Animation/AnimationLocomotionLibrary/AnimationLocomotionLibrary.uplugin" 428
"../../../Engine/Plugins/Animation/AnimationModifierLibrary/AnimationModifierLibrary.uplugin" 429
"../../../Engine/Plugins/Animation/AnimatorKit/AnimatorKit.uplugin" 430
"../../../Engine/Plugins/Animation/AnimationWarping/AnimationWarping.uplugin" 431
"../../../Engine/Plugins/Animation/BlendStack/BlendStack.uplugin" 432
"../../../Engine/Plugins/Animation/ControlRig/ControlRig.uplugin" 433
"../../../Engine/Plugins/Animation/BlendSpaceMotionAnalysis/BlendSpaceMotionAnalysis.uplugin" 434
"../../../Engine/Plugins/Animation/ControlRigSpline/ControlRigSpline.uplugin" 435
"../../../Engine/Plugins/Animation/DeformerGraph/DeformerGraph.uplugin" 436
"../../../Engine/Plugins/Animation/ControlRigModules/ControlRigModules.uplugin" 437
"../../../Engine/Plugins/Animation/DNACalib/DNACalib.uplugin" 438
"../../../Engine/Plugins/Animation/GameplayInsights/GameplayInsights.uplugin" 439
"../../../Engine/Plugins/Animation/LiveLink/LiveLink.uplugin" 440
"../../../Engine/Plugins/Animation/GeneSplicer/GeneSplicer.uplugin" 441
"../../../Engine/Plugins/Animation/IKRig/IKRig.uplugin" 442
"../../../Engine/Plugins/Animation/LiveLinkCurveDebugUI/LiveLinkCurveDebugUI.uplugin" 443
"../../../Engine/Plugins/AI/MassAI/MassAI.uplugin" 444
"../../../Engine/Plugins/Animation/LiveLinkDevice/LiveLinkDevice.uplugin" 445
"../../../Engine/Plugins/Animation/LiveLinkExampleDevice/LiveLinkExampleDevice.uplugin" 446
"../../../Engine/Plugins/Runtime/RenderTrace/RenderTrace.uplugin" 447
"../../../Engine/Plugins/Animation/MotionWarping/MotionWarping.uplugin" 448
"../../../Engine/Plugins/Animation/PerformanceCaptureCore/PerformanceCaptureCore.uplugin" 449
"../../../Engine/Plugins/Animation/PoseSearch/PoseSearch.uplugin" 450
"../../../Engine/Plugins/Animation/RigLogic/RigLogic.uplugin" 451
"../../../Engine/Plugins/Animation/SkeletalMeshModelingTools/SkeletalMeshModelingTools.uplugin" 452
"../../../Engine/Plugins/Animation/TweeningUtils/TweeningUtils.uplugin" 453
"../../../Engine/Plugins/Cameras/CameraShakePreviewer/CameraShakePreviewer.uplugin" 454
"../../../Engine/Plugins/Cameras/GameplayCameras/GameplayCameras.uplugin" 455
"../../../Engine/Plugins/Compression/OodleNetwork/OodleNetwork.uplugin" 456
"../../../Engine/Plugins/Developer/BlankPlugin/BlankPlugin.uplugin" 457
"../../../Engine/Plugins/Developer/AnimationSharing/AnimationSharing.uplugin" 458
"../../../Engine/Plugins/Developer/CodeLiteSourceCodeAccess/CodeLiteSourceCodeAccess.uplugin" 459
"../../../Engine/Plugins/Developer/CLionSourceCodeAccess/CLionSourceCodeAccess.uplugin" 460
"../../../Engine/Plugins/Developer/DirectoryPlaceholder/DirectoryPlaceholder.uplugin" 461
"../../../Engine/Plugins/Cameras/EngineCameras/EngineCameras.uplugin" 462
"../../../Engine/Plugins/Animation/LiveLinkHub/LiveLinkHub.uplugin" 463
"../../../Engine/Plugins/Developer/DumpGPUServices/DumpGPUServices.uplugin" 464
"../../../Engine/Plugins/Developer/GitSourceControl/GitSourceControl.uplugin" 465
"../../../Engine/Plugins/Developer/KDevelopSourceCodeAccess/KDevelopSourceCodeAccess.uplugin" 466
"../../../Engine/Plugins/Developer/NullSourceCodeAccess/NullSourceCodeAccess.uplugin" 467
"../../../Engine/Plugins/Developer/OneSkyLocalizationService/OneSkyLocalizationService.uplugin" 468
"../../../Engine/Plugins/Developer/FieldNotificationTrace/FieldNotificationTrace.uplugin" 469
"../../../Engine/Plugins/Developer/PerforceSourceControl/PerforceSourceControl.uplugin" 470
"../../../Engine/Plugins/Developer/N10XSourceCodeAccess/N10XSourceCodeAccess.uplugin" 471
"../../../Engine/Plugins/Developer/PixWinPlugin/PixWinPlugin.uplugin" 472
"../../../Engine/Plugins/Developer/ProjectLauncher/ProjectLauncher.uplugin" 473
"../../../Engine/Plugins/Developer/PlasticSourceControl/PlasticSourceControl.uplugin" 474
"../../../Engine/Plugins/Developer/PluginUtils/PluginUtils.uplugin" 475
"../../../Engine/Plugins/Developer/RenderDocPlugin/RenderDocPlugin.uplugin" 476
"../../../Engine/Plugins/Developer/NamingTokens/NamingTokens.uplugin" 477
"../../../Engine/Plugins/Developer/PropertyAccessNode/PropertyAccessNode.uplugin" 478
"../../../Engine/Plugins/Developer/TextureFormatOodle/TextureFormatOodle.uplugin" 479
"../../../Engine/Plugins/Developer/TraceSourceFiltering/TraceSourceFilters.uplugin" 480
"../../../Engine/Plugins/Developer/RiderSourceCodeAccess/RiderSourceCodeAccess.uplugin" 481
"../../../Engine/Plugins/Developer/SubversionSourceControl/SubversionSourceControl.uplugin" 482
"../../../Engine/Plugins/Developer/VisualStudioCodeSourceCodeAccess/VisualStudioCodeSourceCodeAccess.uplugin" 483
"../../../Engine/Plugins/Developer/XcodeGPUDebuggerPlugin/XcodeGPUDebuggerPlugin.uplugin" 484
"../../../Engine/Plugins/Developer/TraceDataFiltering/TraceDataFilters.uplugin" 485
"../../../Engine/Plugins/Editor/AssetManagerEditor/AssetManagerEditor.uplugin" 486
"../../../Engine/Plugins/Developer/UObjectPlugin/UObjectPlugin.uplugin" 487
"../../../Engine/Plugins/Editor/AssetReferenceRestrictions/AssetReferenceRestrictions.uplugin" 488
"../../../Engine/Plugins/Editor/AssetSearch/AssetSearch.uplugin" 489
"../../../Engine/Plugins/Editor/BlueprintMaterialTextureNodes/BlueprintMaterialTextureNodes.uplugin" 490
"../../../Engine/Plugins/Editor/ChangelistReview/ChangelistReview.uplugin" 491
"../../../Engine/Plugins/Editor/ColorGrading/ColorGrading.uplugin" 492
"../../../Engine/Plugins/Developer/XCodeSourceCodeAccess/XCodeSourceCodeAccess.uplugin" 493
"../../../Engine/Plugins/Editor/ConsoleVariablesEditor/ConsoleVariables.uplugin" 494
"../../../Engine/Plugins/Editor/CryptoKeys/CryptoKeys.uplugin" 495
"../../../Engine/Plugins/Editor/CurveEditorTools/CurveEditorTools.uplugin" 496
"../../../Engine/Plugins/Editor/EditorDebugTools/EditorDebugTools.uplugin" 497
"../../../Engine/Plugins/Developer/VisualStudioSourceCodeAccess/VisualStudioSourceCodeAccess.uplugin" 498
"../../../Engine/Plugins/Editor/DataValidation/DataValidation.uplugin" 499
"../../../Engine/Plugins/Editor/DisplayClusterLaunch/DisplayClusterLaunch.uplugin" 500
"../../../Engine/Plugins/Editor/EditorScriptingUtilities/EditorScriptingUtilities.uplugin" 501
"../../../Engine/Plugins/Editor/AssetRegistryExport/AssetRegistryExport.uplugin" 502
"../../../Engine/Plugins/Editor/EditorSysConfigAssistant/EditorSysConfigAssistant.uplugin" 503
"../../../Engine/Plugins/Editor/EngineAssetDefinitions/EngineAssetDefinitions.uplugin" 504
"../../../Engine/Plugins/Editor/MacGraphicsSwitching/MacGraphicsSwitching.uplugin" 505
"../../../Engine/Plugins/Editor/LiveUpdateForSlate/LiveUpdateForSlate.uplugin" 506
"../../../Engine/Plugins/Editor/GameplayTagsEditor/GameplayTagsEditor.uplugin" 507
"../../../Engine/Plugins/Editor/MakeCookedEditorAsDLC/MakeCookedEditorAsDLC.uplugin" 508
"../../../Engine/Plugins/Editor/FacialAnimation/FacialAnimation.uplugin" 509
"../../../Engine/Plugins/Editor/GeometryMode/GeometryMode.uplugin" 510
"../../../Engine/Plugins/Editor/MaterialAnalyzer/MaterialAnalyzer.uplugin" 511
"../../../Engine/Plugins/Editor/MeshLODToolset/MeshLODToolset.uplugin" 512
"../../../Engine/Plugins/Editor/MobileLauncherProfileWizard/MobileLauncherProfileWizard.uplugin" 513
"../../../Engine/Plugins/Editor/ModelingToolsEditorMode/ModelingToolsEditorMode.uplugin" 514
"../../../Engine/Plugins/Editor/ProxyLODPlugin/ProxyLODPlugin.uplugin" 515
"../../../Engine/Plugins/Editor/GuidedTutorials/GuidedTutorials.uplugin" 516
"../../../Engine/Plugins/Editor/PluginBrowser/PluginBrowser.uplugin" 517
"../../../Engine/Plugins/Editor/SampleToolsEditorMode/SampleToolsEditorMode.uplugin" 518
"../../../Engine/Plugins/Editor/ScriptableToolsEditorMode/ScriptableToolsEditorMode.uplugin" 519
"../../../Engine/Plugins/Editor/SequencerAnimTools/SequencerAnimTools.uplugin" 520
"../../../Engine/Plugins/Editor/SpeedTreeImporter/SpeedTreeImporter.uplugin" 521
"../../../Engine/Plugins/Editor/StaticMeshEditorModeling/StaticMeshEditorModeling.uplugin" 522
"../../../Engine/Plugins/Editor/UMGWidgetPreview/UMGWidgetPreview.uplugin" 523
"../../../Engine/Plugins/Editor/UVEditor/UVEditor.uplugin" 524
"../../../Engine/Plugins/Editor/StylusInput/StylusInput.uplugin" 525
"../../../Engine/Plugins/Editor/WorldPartitionHLODUtilities/WorldPartitionHLODUtilities.uplugin" 526
"../../../Engine/Plugins/Enterprise/AxFImporter/AxFImporter.uplugin" 527
"../../../Engine/Plugins/Editor/WaveformEditor/WaveformEditor.uplugin" 528
"../../../Engine/Plugins/Enterprise/DatasmithC4DImporter/DatasmithC4DImporter.uplugin" 529
"../../../Engine/Plugins/Enterprise/DataprepEditor/DataprepEditor.uplugin" 530
"../../../Engine/Plugins/Enterprise/DatasmithContent/DatasmithContent.uplugin" 531
"../../../Engine/Plugins/Enterprise/DatasmithCADImporter/DatasmithCADImporter.uplugin" 532
"../../../Engine/Plugins/Enterprise/DatasmithFBXImporter/DatasmithFBXImporter.uplugin" 533
"../../../Engine/Plugins/Enterprise/DatasmithImporter/DatasmithImporter.uplugin" 534
"../../../Engine/Plugins/Enterprise/GLTFExporter/GLTFExporter.uplugin" 535
"../../../Engine/Plugins/Enterprise/MDLImporter/MDLImporter.uplugin" 536
"../../../Engine/Plugins/Enterprise/LidarPointCloud/LidarPointCloud.uplugin" 537
"../../../Engine/Plugins/Enterprise/VariantManager/VariantManager.uplugin" 538
"../../../Engine/Plugins/FX/Cascade/Cascade.uplugin" 539
"../../../Engine/Plugins/FX/CascadeToNiagaraConverter/CascadeToNiagaraConverter.uplugin" 540
"../../../Engine/Plugins/FX/NiagaraMRQ/NiagaraMRQ.uplugin" 541
"../../../Engine/Plugins/FX/ExampleCustomDataInterface/ExampleCustomDataInterface.uplugin" 542
"../../../Engine/Plugins/FX/Niagara/Niagara.uplugin" 543
"../../../Engine/Plugins/FX/NiagaraSimCaching/NiagaraSimCaching.uplugin" 544
"../../../Engine/Plugins/Importers/AlembicHairImporter/AlembicHairImporter.uplugin" 545
"../../../Engine/Plugins/Importers/AlembicImporter/AlembicImporter.uplugin" 546
"../../../Engine/Plugins/Enterprise/VariantManagerContent/VariantManagerContent.uplugin" 547
"../../../Engine/Plugins/Importers/USDImporter/USDImporter.uplugin" 548
"../../../Engine/Plugins/Importers/USDImporterMDL/USDImporterMDL.uplugin" 549
"../../../Engine/Plugins/Importers/USDMultiUser/USDMultiUser.uplugin" 550
"../../../Engine/Plugins/Interchange/Assets/InterchangeAssets.uplugin" 551
"../../../Engine/Plugins/Interchange/Editor/InterchangeEditor.uplugin" 552
"../../../Engine/Plugins/Interchange/Runtime/Interchange.uplugin" 553
"../../../Engine/Plugins/Media/AndroidCamera/AndroidCamera.uplugin" 554
"../../../Engine/Plugins/Media/AppleProResMedia/AppleProResMedia.uplugin" 555
"../../../Engine/Plugins/Media/AppleProResDecoderElectra/AppleProResDecoderElectra.uplugin" 556
"../../../Engine/Plugins/Media/AudioCaptureTimecodeProvider/AudioCaptureTimecodeProvider.uplugin" 557
"../../../Engine/Plugins/Media/AvidDNxHDDecoderElectra/AvidDNxHDDecoderElectra.uplugin" 558
"../../../Engine/Plugins/Media/AvfMedia/AvfMedia.uplugin" 559
"../../../Engine/Plugins/Media/AvidDNxMedia/AvidDNxMedia.uplugin" 560
"../../../Engine/Plugins/Media/BinkMedia/BinkMedia.uplugin" 561
"../../../Engine/Plugins/Media/BlackmagicMedia/BlackmagicMedia.uplugin" 562
"../../../Engine/Plugins/Media/D3D12VideoDecodersElectra/D3D12VideoDecodersElectra.uplugin" 563
"../../../Engine/Plugins/Media/ElectraCDM/ElectraCDM.uplugin" 564
"../../../Engine/Plugins/Media/ElectraCodecs/ElectraCodecs.uplugin" 565
"../../../Engine/Plugins/Editor/ModelViewViewModelPreview/ModelViewViewModelPreview.uplugin" 566
"../../../Engine/Plugins/Media/ElectraPlayer/ElectraPlayer.uplugin" 567
"../../../Engine/Plugins/Media/HAPDecoderElectra/HAPDecoderElectra.uplugin" 568
"../../../Engine/Plugins/Media/AndroidMedia/AndroidMedia.uplugin" 569
"../../../Engine/Plugins/Media/ElectraSubtitles/ElectraSubtitles.uplugin" 570
"../../../Engine/Plugins/Media/HAPMedia/HAPMedia.uplugin" 571
"../../../Engine/Plugins/Media/FlacDecoderElectra/FlacDecoderElectra.uplugin" 572
"../../../Engine/Plugins/Editor/BlueprintHeaderView/BlueprintHeaderView.uplugin" 573
"../../../Engine/Plugins/Media/AjaMedia/AjaMedia.uplugin" 574
"../../../Engine/Plugins/Media/LinearTimecode/LinearTimecode.uplugin" 575
"../../../Engine/Plugins/Media/MediaMovieStreamer/MediaMovieStreamer.uplugin" 576
"../../../Engine/Plugins/Media/MediaPlate/MediaPlate.uplugin" 577
"../../../Engine/Plugins/Media/MediaIOFramework/MediaIOFramework.uplugin" 578
"../../../Engine/Plugins/Media/MediaCompositing/MediaCompositing.uplugin" 579
"../../../Engine/Plugins/FX/NiagaraFluids/NiagaraFluids.uplugin" 580
"../../../Engine/Plugins/Media/ImgMedia/ImgMedia.uplugin" 581
"../../../Engine/Plugins/Media/MediaFrameworkUtilities/MediaFrameworkUtilities.uplugin" 582
"../../../Engine/Plugins/Media/MfMedia/MfMedia.uplugin" 583
"../../../Engine/Plugins/Media/OpusDecoderElectra/OpusDecoderElectra.uplugin" 584
"../../../Engine/Plugins/Media/MediaPlayerEditor/MediaPlayerEditor.uplugin" 585
"../../../Engine/Plugins/Media/HardwareEncoders/HardwareEncoders.uplugin" 586
"../../../Engine/Plugins/Media/TimecodeSynchronizer/TimecodeSynchronizer.uplugin" 587
"../../../Engine/Plugins/Media/PixelStreaming/PixelStreaming.uplugin" 588
"../../../Engine/Plugins/Media/ElectraUtil/ElectraUtil.uplugin" 589
"../../../Engine/Plugins/Media/VPxDecoderElectra/VPxDecoderElectra.uplugin" 590
"../../../Engine/Plugins/Media/WmfMedia/WmfMedia.uplugin" 591
"../../../Engine/Plugins/Media/WebMMedia/WebMMedia.uplugin" 592
"../../../Engine/Plugins/MetaHuman/MetaHumanCalibrationProcessing/MetaHumanCalibrationProcessing.uplugin" 593
"../../../Engine/Plugins/MetaHuman/MetaHumanAnimator/MetaHuman.uplugin" 594
"../../../Engine/Plugins/MetaHuman/MetaHumanCoreTechLib/MetaHumanCoreTech.uplugin" 595
"../../../Engine/Plugins/MetaHuman/MetaHumanCharacter/MetaHumanCharacter.uplugin" 596
"../../../Engine/Plugins/MetaHuman/MetaHumanLiveLink/MetaHumanLiveLink.uplugin" 597
"../../../Engine/Plugins/Media/PixelStreaming2/PixelStreaming2.uplugin" 598
"../../../Engine/Plugins/MetaHuman/MetaHumanSDK/MetaHumanSDK.uplugin" 599
"../../../Engine/Plugins/NetcodeUnitTest/NetcodeUnitTest/NetcodeUnitTest.uplugin" 600
"../../../Engine/Plugins/Media/PixelCapture/PixelCapture.uplugin" 601
"../../../Engine/Plugins/Online/EOSOverlayInputProvider/EOSOverlayInputProvider.uplugin" 602
"../../../Engine/Plugins/Online/EOSShared/EOSShared.uplugin" 603
"../../../Engine/Plugins/NetcodeUnitTest/NUTUnrealEngine/NUTUnrealEngine.uplugin" 604
"../../../Engine/Plugins/Online/OnlineBase/OnlineBase.uplugin" 605
"../../../Engine/Plugins/Online/OnlineFramework/OnlineFramework.uplugin" 606
"../../../Engine/Plugins/Online/OnlineServices/OnlineServices.uplugin" 607
"../../../Engine/Plugins/Online/OnlineServicesEOS/OnlineServicesEOS.uplugin" 608
"../../../Engine/Plugins/Online/OnlineServicesEOSGS/OnlineServicesEOSGS.uplugin" 609
"../../../Engine/Plugins/Online/OnlineServicesEpicCommon/OnlineServicesEpicCommon.uplugin" 610
"../../../Engine/Plugins/Online/OnlineServicesNull/OnlineServicesNull.uplugin" 611
"../../../Engine/Plugins/Online/OnlineServicesOSSAdapter/OnlineServicesOSSAdapter.uplugin" 612
"../../../Engine/Plugins/Online/OnlineSubsystemAmazon/OnlineSubsystemAmazon.uplugin" 613
"../../../Engine/Plugins/Online/OnlineSubsystem/OnlineSubsystem.uplugin" 614
"../../../Engine/Plugins/Online/OnlineSubsystemEOS/OnlineSubsystemEOS.uplugin" 615
"../../../Engine/Plugins/Online/OnlineSubsystemApple/OnlineSubsystemApple.uplugin" 616
"../../../Engine/Plugins/Online/OnlineSubsystemGoogle/OnlineSubsystemGoogle.uplugin" 617
"../../../Engine/Plugins/Online/OnlineSubsystemFacebook/OnlineSubsystemFacebook.uplugin" 618
"../../../Engine/Plugins/Online/OnlineSubsystemTencent/OnlineSubsystemTencent.uplugin" 619
"../../../Engine/Plugins/Online/OnlineSubsystemNull/OnlineSubsystemNull.uplugin" 620
"../../../Engine/Plugins/Online/SocketSubsystemSteamIP/SocketSubsystemSteamIP.uplugin" 621
"../../../Engine/Plugins/Online/SocketSubsystemEOS/SocketSubsystemEOS.uplugin" 622
"../../../Engine/Plugins/Online/OnlineSubsystemUtils/OnlineSubsystemUtils.uplugin" 623
"../../../Engine/Plugins/Online/WebAuth/WebAuth.uplugin" 624
"../../../Engine/Plugins/Slate/SlateInsights/SlateInsights.uplugin" 625
"../../../Engine/Plugins/Protocols/MQTT/MQTT.uplugin" 626
"../../../Engine/Plugins/Web/HttpBlueprint/HttpBlueprint.uplugin" 627
"../../../Engine/Plugins/Online/OnlineSubsystemSteam/OnlineSubsystemSteam.uplugin" 628
"../../../Engine/Plugins/Media/NDIMedia/NDIMedia.uplugin" 629
"../../../Engine/Plugins/Experimental/Compositing/CompositeCore/CompositeCore.uplugin" 630
"../../../Engine/Plugins/Experimental/Compositing/HoldoutComposite/HoldoutComposite.uplugin" 631
"../../../Engine/Plugins/VirtualProduction/DMX/DMXDisplayCluster/DMXDisplayCluster.uplugin" 632
"../../../Engine/Plugins/VirtualProduction/DMX/DMXEngine/DMXEngine.uplugin" 633
"../../../Engine/Plugins/VirtualProduction/DMX/DatasmithMVR/DatasmithMVR.uplugin" 634
"../../../Engine/Plugins/VirtualProduction/DMX/DMXFixtures/DMXFixtures.uplugin" 635
"../../../Engine/Plugins/VirtualProduction/DMX/DMXModularFeatures/DMXModularFeatures.uplugin" 636
"../../../Engine/Plugins/VirtualProduction/DMX/DMXGDTF/DMXGDTF.uplugin" 637
"../../../Engine/Plugins/VirtualProduction/DMX/DMXControlConsole/DMXControlConsole.uplugin" 638
"../../../Engine/Plugins/VirtualProduction/DMX/DMXPixelMapping/DMXPixelMapping.uplugin" 639
"../../../Engine/Plugins/Runtime/Advertising/IOSTapJoy/IOSTapJoy.uplugin" 640
"../../../Engine/Plugins/VirtualProduction/DMX/DMXProtocol/DMXProtocol.uplugin" 641
"../../../Engine/Plugins/Runtime/Nvidia/GeForceNOWWrapper/GeForceNOWWrapper.uplugin" 642
"../../../Engine/Plugins/VirtualProduction/CaptureManager/CaptureManagerApp/CaptureManagerApp.uplugin" 643
"../../../Engine/Plugins/VirtualProduction/CaptureManager/CaptureManagerCore/CaptureManagerCore.uplugin" 644
"../../../Engine/Plugins/VirtualProduction/CaptureManager/CaptureManagerEditor/CaptureManagerEditor.uplugin" 645
"../../../Engine/Plugins/VirtualProduction/Rivermax/RivermaxCore/RivermaxCore.uplugin" 646
"../../../Engine/Plugins/VirtualProduction/Rivermax/RivermaxSync/RivermaxSync.uplugin" 647
"../../../Engine/Plugins/Slate/SlateScripting/SlateScripting.uplugin" 648
"../../../Engine/Plugins/VirtualProduction/CaptureManager/CaptureManagerDevices/CaptureManagerDevices.uplugin" 649
"../../../Engine/Plugins/Editor/ContentBrowser/ContentBrowserAssetDataSource/ContentBrowserAssetDataSource.uplugin" 650
"../../../Engine/Plugins/Editor/ContentBrowser/ContentBrowserFileDataSource/ContentBrowserFileDataSource.uplugin" 651
"../../../Engine/Plugins/Experimental/CharacterFXEditor/ExampleCharacterFXEditor/ExampleCharacterFXEditor.uplugin" 652
"../../../Engine/Plugins/Experimental/MetaHuman/MetaHumanRuntime/MetaHumanRuntime.uplugin" 653
"../../../Engine/Plugins/Experimental/VirtualProduction/LedWallCalibration/LedWallCalibration.uplugin" 654
"../../../Engine/Plugins/Experimental/VirtualProduction/VPRoles/VPRoles.uplugin" 655
"../../../Engine/Plugins/Experimental/VirtualProduction/VPSettings/VPSettings.uplugin" 656
"../../../Engine/Plugins/Experimental/Web/WebAPI/WebAPI.uplugin" 657
"../../../Engine/Plugins/Runtime/Analytics/AnalyticsMulticast/AnalyticsMulticast.uplugin" 658
"../../../Engine/Plugins/Runtime/Analytics/Adjust/Adjust.uplugin" 659
"../../../Engine/Plugins/Runtime/Analytics/AnalyticsBlueprintLibrary/AnalyticsBlueprintLibrary.uplugin" 660
"../../../Engine/Plugins/Runtime/Nvidia/Reflex/Reflex.uplugin" 661
"../../../Engine/Plugins/Runtime/Analytics/FileLogging/FileLogging.uplugin" 662
"../../../Engine/Plugins/Animation/MLDeformer/ChaosClothGenerator/ChaosClothGenerator.uplugin" 663
"../../../Engine/Plugins/Animation/MLDeformer/MLDeformerFramework/MLDeformerFramework.uplugin" 664
"../../../Engine/Plugins/Animation/MLDeformer/NeuralMorphModel/NeuralMorphModel.uplugin" 665
"../../../Engine/Plugins/Editor/Localization/PortableObjectFileDataSource/PortableObjectFileDataSource.uplugin" 666
"../../../Engine/Plugins/Runtime/Steam/SteamAudio/SteamAudio.uplugin" 667
"../../../Engine/Plugins/Runtime/Steam/SteamController/SteamController.uplugin" 668
"../../../Engine/Plugins/Runtime/Steam/SteamShared/SteamShared.uplugin" 669
"../../../Engine/Plugins/Runtime/Steam/SteamSockets/SteamSockets.uplugin" 670
"../../../Engine/Plugins/Runtime/Windows/WinDualShock/WinDualShock.uplugin" 671
"../../../Engine/Plugins/Animation/MLDeformer/ChaosFleshGenerator/ChaosFleshGenerator.uplugin" 672
"../../../Engine/Plugins/Runtime/Windows/XInputDevice/XInputDevice.uplugin" 673
"../../../Engine/Plugins/Runtime/AR/ARUtilities/ARUtilities.uplugin" 674
"../../../Engine/Plugins/Animation/MLDeformer/NearestNeighborModel/NearestNeighborModel.uplugin" 675
"../../../Engine/Plugins/Animation/MLDeformer/VertexDeltaModel/VertexDeltaModel.uplugin" 676
"../../../Engine/Plugins/Interchange/Extensions/OpenUSD/InterchangeOpenUSD.uplugin" 677
"../../../Engine/Plugins/Editor/ObjectMixer/LightMixer/LightMixer.uplugin" 678
"../../../Engine/Plugins/Interchange/Extensions/OpenVDB/InterchangeOpenVDB.uplugin" 679
"../../../Engine/Plugins/Editor/ObjectMixer/ObjectMixer/ObjectMixer.uplugin" 680
"../../../Engine/Plugins/Online/Android/AndroidFetchBackgroundDownload/AndroidFetchBackgroundDownload.uplugin" 681
"../../../Engine/Plugins/Online/Android/OnlineSubsystemGooglePlay/OnlineSubsystemGooglePlay.uplugin" 682
"../../../Engine/Plugins/Runtime/MeshReconstruction/DummyMeshReconstructor/DummyMeshReconstructor.uplugin" 683
"../../../Engine/Plugins/Online/IOS/OnlineSubsystemIOS/OnlineSubsystemIOS.uplugin" 684
"../../../Engine/Plugins/Online/VoiceChat/VoiceChat/VoiceChat.uplugin" 685
"../../../Engine/Plugins/Online/VoiceChat/EOSVoiceChat/EOSVoiceChat.uplugin" 686
"../../../Engine/Plugins/Runtime/Database/ADOSupport/ADOSupport.uplugin" 687
"../../../Engine/Plugins/Runtime/Database/RemoteDatabaseSupport/RemoteDatabaseSupport.uplugin" 688
"../../../Engine/Plugins/Runtime/Database/DatabaseSupport/DatabaseSupport.uplugin" 689
"../../../Engine/Plugins/Runtime/XR/XRScribe/XRScribe.uplugin" 690
"../../../Engine/Plugins/Runtime/Database/SQLiteSupport/SQLiteSupport.uplugin" 691
"../../../Engine/Plugins/Runtime/XR/XRVisualization/XRVisualization.uplugin" 692
"../../../Engine/Plugins/Developer/Concert/ConcertMain/ConcertMain.uplugin" 693
"../../../Engine/Plugins/Experimental/Animation/ContextualAnimation/ContextualAnimation.uplugin" 694
"../../../Engine/Plugins/Experimental/Animation/CurveExpression/CurveExpression.uplugin" 695
"../../../Engine/Plugins/Experimental/Animation/HierarchyTable/HierarchyTable.uplugin" 696
"../../../Engine/Plugins/Experimental/Animation/Locomotor/Locomotor.uplugin" 697
"../../../Engine/Plugins/Experimental/Animation/MotionTrajectory/MotionTrajectory.uplugin" 698
"../../../Engine/Plugins/Experimental/Animation/Optimus/Optimus.uplugin" 699
"../../../Engine/Plugins/VirtualProduction/Rivermax/RivermaxMedia/RivermaxMedia.uplugin" 700
"../../../Engine/Plugins/Experimental/Animation/PackedAttributes/PackedAttributes.uplugin" 701
"../../../Engine/Plugins/Experimental/Animation/RigMapper/RigMapper.uplugin" 702
"../../../Engine/Plugins/Experimental/Animation/SkeletonTemplateFramework/SkeletonTemplateFramework.uplugin" 703
"../../../Engine/Plugins/Experimental/Animation/SkeletalMeshMorphTargetEditingTools/SkeletalMeshMorphTargetEditingTools.uplugin" 704
"../../../Engine/Plugins/Experimental/AVCodecs/AVCodecsCore/AVCodecsCore.uplugin" 705
"../../../Engine/Plugins/Experimental/AVCodecs/AMFCodecs/AMFCodecs.uplugin" 706
"../../../Engine/Plugins/Experimental/AVCodecs/LibVpxCodecs/LibVpxCodecs.uplugin" 707
"../../../Engine/Plugins/Experimental/CharacterFXEditor/BaseCharacterFXEditor/BaseCharacterFXEditor.uplugin" 708
"../../../Engine/Plugins/Experimental/AVCodecs/NVCodecs/NVCodecs.uplugin" 709
"../../../Engine/Plugins/Experimental/AVCodecs/VTCodecs/VTCodecs.uplugin" 710
"../../../Engine/Plugins/Experimental/AVCodecs/WMFCodecs/WMFCodecs.uplugin" 711
"../../../Engine/Plugins/Experimental/Enterprise/DatasmithRuntime/DatasmithRuntime.uplugin" 712
"../../../Engine/Plugins/Experimental/Enterprise/DataprepGeometryOperations/DataprepGeometryOperations.uplugin" 713
"../../../Engine/Plugins/Runtime/Database/SQLiteCore/SQLiteCore.uplugin" 714
"../../../Engine/Plugins/Experimental/PCGInterops/PCGInstancedActorsInterop/PCGInstancedActorsInterop.uplugin" 715
"../../../Engine/Plugins/Experimental/Enterprise/DatasmithInterchange/DatasmithInterchange.uplugin" 716
"../../../Engine/Plugins/Experimental/PCGInterops/PCGWaterInterop/PCGWaterInterop.uplugin" 717
"../../../Engine/Plugins/Experimental/PCGInterops/PCGNiagaraInterop/PCGNiagaraInterop.uplugin" 718
"../../../Engine/Plugins/Runtime/PacketHandlers/AESHandlerComponent/AESHandlerComponent.uplugin" 719
"../../../Engine/Plugins/Editor/ContentBrowser/ContentBrowserClassDataSource/ContentBrowserClassDataSource.uplugin" 720
"../../../Engine/Plugins/Runtime/PacketHandlers/AESGCMHandlerComponent/AESGCMHandlerComponent.uplugin" 721
"../../../Engine/Plugins/Experimental/Animation/TrajectoryTools/TrajectoryTools.uplugin" 722
"../../../Engine/Plugins/Runtime/PacketHandlers/DTLSHandlerComponent/DTLSHandlerComponent.uplugin" 723
"../../../Engine/Plugins/Editor/ContentBrowser/ContentBrowserAliasDataSource/ContentBrowserAliasDataSource.uplugin" 724
"../../../Engine/Plugins/Runtime/AR/AppleAR/AppleARKit/AppleARKit.uplugin" 725
"../../../Engine/Plugins/Runtime/AR/AppleAR/AppleARKitFaceSupport/AppleARKitFaceSupport.uplugin" 726
"../../../Engine/Plugins/Developer/Concert/ConcertSync/ConcertSyncClient/ConcertSyncClient.uplugin" 727
"../../../Engine/Plugins/Developer/Concert/ConcertSync/ConcertSyncServer/ConcertSyncServer.uplugin" 728
"../../../Engine/Plugins/Developer/Concert/ConcertUI/ConcertClientSharedSlate/ConcertClientSharedSlate.uplugin" 729
"../../../Engine/Plugins/Runtime/AR/Google/GoogleARCore/GoogleARCore.uplugin" 730
"../../../Engine/Plugins/Developer/Concert/ConcertSync/ConcertSyncCore/ConcertSyncCore.uplugin" 731
"../../../Engine/Plugins/Developer/Concert/ConcertApp/DisasterRecoveryClient/DisasterRecoveryClient.uplugin" 732
"../../../Engine/Plugins/Developer/Concert/ConcertApp/MultiUserClient/MultiUserClient.uplugin" 733
"../../../Engine/Plugins/Runtime/AR/Google/GoogleARCoreServices/GoogleARCoreServices.uplugin" 734
"../../../Engine/Plugins/Developer/Concert/ConcertApp/MultiUserServer/MultiUserServer.uplugin" 735
"../../../Engine/Plugins/Developer/Concert/ConcertInsights/ConcertInsightsClient/ConcertInsightsClient.uplugin" 736
"../../../Engine/Plugins/Developer/Concert/ConcertInsights/ConcertInsightsServer/ConcertInsightsServer.uplugin" 737
"../../../Engine/Plugins/Developer/Concert/ConcertInsights/ConcertInsightsCore/ConcertInsightsCore.uplugin" 738
"../../../Engine/Plugins/Developer/Concert/ConcertInsights/ConcertInsightsVisualizer/ConcertInsightsVisualizer.uplugin" 739
"../../../Engine/Plugins/Developer/Concert/ConcertSync/ConcertSyncTest/ConcertSyncTest.uplugin" 740
"../../../Engine/Plugins/Developer/Concert/ConcertUI/ConcertSharedSlate/ConcertSharedSlate.uplugin" 741
"../../../Engine/Plugins/Developer/Concert/ConcertScripting/ConcertReplicationScripting/ConcertReplicationScripting.uplugin" 742
"../../../Engine/Plugins/Experimental/Animation/MLDeformer/DetailPoseModel/DetailPoseModel.uplugin" 743
"../../../Engine/Plugins/Experimental/Animation/HierarchyTableAnimation/HierarchyTableAnimation.uplugin" 744
"../../../Engine/Platforms/Android/Plugins/RigLogic/RigLogic_Android.uplugin" 745
"../../../Engine/Platforms/Android/Plugins/Animation/ACLPlugin/ACLPlugin_Android.uplugin" 746
"../../../Engine/Platforms/IOS/Plugins/RigLogic/RigLogic_IOS.uplugin" 747
"../../../Engine/Content/Internationalization/icudt64l/cnvalias.icu" 748
"../../../Engine/Content/Internationalization/icudt64l/res_index.res" 749
"../../../Engine/Content/Internationalization/icudt64l/plurals.res" 750
"../../../Engine/Content/Internationalization/icudt64l/lang/fr_CA.res" 751
"../../../Engine/Content/Internationalization/icudt64l/lang/pool.res" 752
"../../../Engine/Content/Internationalization/icudt64l/lang/fr.res" 753
"../../../Engine/Content/Internationalization/icudt64l/lang/root.res" 754
"../../../Engine/Content/Internationalization/icudt64l/region/fr_CA.res" 755
"../../../Engine/Content/Internationalization/icudt64l/region/pool.res" 756
"../../../Engine/Content/Internationalization/icudt64l/region/fr.res" 757
"../../../Engine/Content/Internationalization/icudt64l/region/root.res" 758
"../../../Engine/Content/Internationalization/icudt64l/lang/en.res" 759
"../../../Engine/Content/Internationalization/icudt64l/region/en.res" 760
"../../../Engine/Content/Internationalization/icudt64l/windowsZones.res" 761
"../../../Engine/Content/Internationalization/icudt64l/zoneinfo64.res" 762
"../../../Engine/Content/Internationalization/icudt64l/keyTypeData.res" 763
"../../../Engine/Content/Internationalization/icudt64l/timezoneTypes.res" 764
"../../../Engine/Content/Internationalization/icudt64l/likelySubtags.res" 765
"../../../Engine/Content/Internationalization/icudt64l/fr_CA.res" 766
"../../../Engine/Content/Internationalization/icudt64l/pool.res" 767
"../../../Engine/Content/Internationalization/icudt64l/fr.res" 768
"../../../Engine/Content/Internationalization/icudt64l/root.res" 769
"../../../Engine/Content/Internationalization/icudt64l/supplementalData.res" 770
"../../../Engine/Config/ConfigRedirects.ini" 771
"C:/Users/1869771/AppData/Local/UnrealEngine/5.6/Saved/Config/WindowsEditor/Manifest.ini" 772
"../../../Engine/Config/BaseEngine.ini" 773
"../../../Engine/Config/Windows/BaseWindowsEngine.ini" 774
"../../../../../../Users/1869771/Documents/GitHub/Martel_Ju_TP2_sans_lfs/Config/DefaultEngine.ini" 775
"../../../Engine/Config/BaseGame.ini" 776
"../../../../../../Users/1869771/Documents/GitHub/Martel_Ju_TP2_sans_lfs/Config/DefaultGame.ini" 777
"../../../Engine/Config/Windows/WindowsGame.ini" 778
"C:/Users/1869771/Documents/GitHub/Martel_Ju_TP2_sans_lfs/Saved/Config/WindowsEditor/Game.ini" 779
"../../../Engine/Config/BaseInput.ini" 780
"../../../Engine/Config/Windows/BaseWindowsInput.ini" 781
"../../../../../../Users/1869771/Documents/GitHub/Martel_Ju_TP2_sans_lfs/Config/DefaultInput.ini" 782
"../../../Engine/Config/Windows/WindowsInput.ini" 783
"../../../Engine/Config/BaseDeviceProfiles.ini" 784
"../../../Engine/Config/BaseGameUserSettings.ini" 785
"C:/Users/1869771/Documents/GitHub/Martel_Ju_TP2_sans_lfs/Saved/Config/WindowsEditor/GameUserSettings.ini" 786
"../../../Engine/Config/BaseScalability.ini" 787
"../../../Engine/Config/BaseRuntimeOptions.ini" 788
"../../../Engine/Config/BaseInstallBundle.ini" 789
"../../../Engine/Config/BaseHardware.ini" 790
"../../../Engine/Config/BaseCompat.ini" 791
"../../../Engine/Config/BaseLightmass.ini" 792
"../../../Engine/Config/BaseEditor.ini" 793
"../../../../../../Users/1869771/Documents/GitHub/Martel_Ju_TP2_sans_lfs/Config/DefaultEditor.ini" 794
"C:/Users/1869771/Documents/GitHub/Martel_Ju_TP2_sans_lfs/Saved/Config/WindowsEditor/Editor.ini" 795
"../../../Engine/Config/BaseMaterialExpressions.ini" 796
"../../../Engine/Config/BaseEditorPerProjectUserSettings.ini" 797
"../../../../../../Users/1869771/Documents/GitHub/Martel_Ju_TP2_sans_lfs/Config/DefaultEditorPerProjectUserSettings.ini" 798
"../../../Engine/Config/Windows/WindowsEditorPerProjectUserSettings.ini" 799
"C:/Users/1869771/Documents/GitHub/Martel_Ju_TP2_sans_lfs/Saved/Config/WindowsEditor/EditorPerProjectUserSettings.ini" 800
"../../../Engine/Config/BaseEditorSettings.ini" 801
"../../../Engine/Config/Windows/WindowsEditorSettings.ini" 802
"C:/Users/1869771/AppData/Local/UnrealEngine/5.6/Saved/Config/WindowsEditor/EditorSettings.ini" 803
"../../../Engine/Config/BaseEditorKeyBindings.ini" 804
"../../../../../../Users/1869771/Documents/GitHub/Martel_Ju_TP2_sans_lfs/Binaries/Win64/Martel_Justine_TP2.target" 805
"../../../Engine/Config/IOS/BaseIOSEngine.ini" 806
"../../../Engine/Config/Android/BaseAndroidEngine.ini" 807
"../../../Engine/Config/Android/AndroidEngine.ini" 808
"../../../Engine/Config/Mac/BaseMacEngine.ini" 809
"../../../Engine/Config/Linux/BaseLinuxEngine.ini" 810
"../../../Engine/Binaries/Win64/BootstrapPackagedGame-Win64-Shipping.target" 811
"../../../Engine/Binaries/Win64/BuildPatchTool-Win64-Shipping.target" 812
"../../../Engine/Binaries/Win64/CrashReportClient-Win64-Shipping.target" 813
"../../../Engine/Binaries/Win64/CrashReportClientEditor-Win64-Shipping.target" 814
"../../../Engine/Config/Unix/UnixEngine.ini" 815
"../../../Engine/Config/TVOS/TVOSEngine.ini" 816
"../../../Engine/Config/Linux/LinuxEngine.ini" 817
"../../../Engine/Config/IOS/BaseIOSGame.ini" 818
"../../../Engine/Binaries/Win64/DatasmithCADWorker.target" 819
"../../../Engine/Binaries/Win64/EpicWebHelper-Win64-Shipping.target" 820
"../../../Engine/Binaries/Win64/InterchangeWorker.target" 821
"../../../Engine/Binaries/Win64/LiveCodingConsole.target" 822
"../../../Engine/Config/IOS/IOSGame.ini" 823
"../../../Engine/Binaries/Win64/LiveLinkHub.target" 824
"../../../Engine/Config/Android/BaseAndroidGame.ini" 825
"../../../Engine/Config/Mac/MacGame.ini" 826
"../../../Engine/Config/IOS/BaseIOSInput.ini" 827
"../../../Engine/Config/Android/BaseAndroidInput.ini" 828
"../../../Engine/Config/Linux/LinuxGame.ini" 829
"../../../Engine/Config/Mac/BaseMacInput.ini" 830
"../../../Engine/Config/IOS/IOSScalability.ini" 831
"../../../Engine/Config/Android/AndroidScalability.ini" 832
"../../../Engine/Config/IOS/BaseIOSInstallBundle.ini" 833
"../../../Engine/Config/Android/BaseAndroidInstallBundle.ini" 834
"../../../Engine/Platforms/VisionOS/Config/BaseVisionOSEngine.ini" 835
"../../../Engine/Platforms/VisionOS/Config/VisionOSEngine.ini" 836
"../../../Engine/Binaries/Win64/ShaderCompileWorker.target" 837
"../../../Engine/Binaries/Win64/SwitchboardListener.target" 838
"../../../Engine/Binaries/Win64/SwitchboardListenerHelper.target" 839
"../../../Engine/Binaries/Win64/UnrealEditor-Win64-DebugGame.target" 840
"../../../Engine/Binaries/Win64/UnrealEditor.target" 841
"../../../Engine/Config/PluginBase.ini" 842
"../../../Engine/Plugins/ChaosVD/Config/DefaultChaosVD.ini" 843
"../../../Engine/Plugins/EnhancedInput/Config/BaseEnhancedInput.ini" 844
"../../../Engine/Plugins/Fab/Config/BaseFab.ini" 845
"../../../Engine/Plugins/TraceUtilities/Config/BaseTraceUtilities.ini" 846
"../../../Engine/Plugins/Experimental/FullBodyIK/Config/BaseFullBodyIK.ini" 847
"../../../Engine/Plugins/Experimental/ToolPresets/Config/BaseToolPresets.ini" 848
"../../../Engine/Plugins/VirtualProduction/CameraCalibrationCore/Config/BaseCameraCalibrationCore.ini" 849
"../../../Engine/Plugins/VirtualProduction/Takes/Config/BaseTakes.ini" 850
"../../../Engine/Plugins/Runtime/GameplayStateTree/Config/BaseGameplayStateTree.ini" 851
"../../../Engine/Plugins/Runtime/HairStrands/Config/BaseHairStrands.ini" 852
"../../../Engine/Plugins/Runtime/Metasound/Config/BaseMetasound.ini" 853
"../../../Engine/Plugins/Runtime/Metasound/Config/DefaultMetasound.ini" 854
"../../../Engine/Plugins/Runtime/PropertyBindingUtils/Config/BasePropertyBindingUtils.ini" 855
"../../../Engine/Plugins/Runtime/RigVM/Config/BaseRigVM.ini" 856
"../../../Engine/Plugins/Runtime/StateTree/Config/BaseStateTree.ini" 857
"../../../Engine/Plugins/Runtime/Synthesis/Config/BaseSynthesis.ini" 858
"../../../Engine/Plugins/2D/Paper2D/Config/BasePaper2D.ini" 859
"../../../Engine/Plugins/Animation/ControlRig/Config/BaseControlRig.ini" 860
"../../../Engine/Plugins/Animation/DeformerGraph/Config/BaseDeformerGraph.ini" 861
"../../../Engine/Plugins/Animation/IKRig/Config/BaseIKRig.ini" 862
"../../../Engine/Plugins/Cameras/GameplayCameras/Config/BaseGameplayCameras.ini" 863
"../../../Engine/Plugins/Editor/EditorScriptingUtilities/Config/BaseEditorScriptingUtilities.ini" 864
"../../../Engine/Plugins/Enterprise/DatasmithContent/Config/BaseDatasmithContent.ini" 865
"../../../Engine/Plugins/Enterprise/GLTFExporter/Config/BaseGLTFExporter.ini" 866
"../../../Engine/Plugins/Enterprise/GLTFExporter/Config/DefaultGLTFExporter.ini" 867
"../../../Engine/Plugins/FX/Niagara/Config/BaseNiagara.ini" 868
"../../../Engine/Plugins/Enterprise/VariantManagerContent/Config/BaseVariantManagerContent.ini" 869
"../../../Engine/Plugins/Interchange/Assets/Config/BaseInterchangeAssets.ini" 870
"../../../Engine/Plugins/Interchange/Runtime/Config/BaseInterchange.ini" 871
"../../../Engine/Plugins/MetaHuman/MetaHumanSDK/Config/BaseMetaHumanSDK.ini" 872
"../../../Engine/Plugins/Experimental/Compositing/CompositeCore/Config/BaseCompositeCore.ini" 873
"../../../Engine/Plugins/ChaosVD/Config/Engine.ini" 874
"../../../Engine/Plugins/EnhancedInput/Config/Input.ini" 875
"../../../Engine/Plugins/Runtime/InputDebugging/Config/Input.ini" 876
"../../../Engine/Plugins/Runtime/Windows/XInputDevice/Config/Input.ini" 877
"../../../Engine/Plugins/NNE/NNEDenoiser/Config/Game.ini" 878
"../../../Engine/Plugins/Runtime/RigVM/Config/Editor.ini" 879
"../../../Engine/Plugins/Online/OnlineSubsystemUtils/Config/Editor.ini" 880
"../../../Engine/Plugins/Editor/ModelingToolsEditorMode/Binaries/Win64/UnrealEditor.modules" 881
"../../../Engine/Plugins/Runtime/MeshModelingToolset/Binaries/Win64/UnrealEditor.modules" 882
"../../../Engine/Plugins/Experimental/MeshModelingToolsetExp/Binaries/Win64/UnrealEditor.modules" 883
"../../../Engine/Plugins/Editor/MeshLODToolset/Binaries/Win64/UnrealEditor.modules" 884
"../../../Engine/Plugins/Experimental/ToolPresets/Binaries/Win64/UnrealEditor.modules" 885
"../../../Engine/Plugins/Editor/StylusInput/Binaries/Win64/UnrealEditor.modules" 886
"../../../Engine/Plugins/Runtime/GeometryProcessing/Binaries/Win64/UnrealEditor.modules" 887
"../../../Engine/Plugins/Editor/ProxyLODPlugin/Binaries/Win64/UnrealEditor.modules" 888
"../../../Engine/Plugins/Experimental/PlanarCutPlugin/Binaries/Win64/UnrealEditor.modules" 889
"../../../Engine/Plugins/Runtime/GeometryCache/Binaries/Win64/UnrealEditor.modules" 890
"../../../Engine/Plugins/Experimental/GeometryFlow/Binaries/Win64/UnrealEditor.modules" 891
"../../../Engine/Plugins/Editor/EditorScriptingUtilities/Binaries/Win64/UnrealEditor.modules" 892
"../../../Engine/Plugins/FX/Niagara/Binaries/Win64/UnrealEditor.modules" 893
"../../../Engine/Plugins/Experimental/PythonScriptPlugin/Binaries/Win64/UnrealEditor.modules" 894
"../../../Engine/Plugins/Editor/ContentBrowser/ContentBrowserFileDataSource/Binaries/Win64/UnrealEditor.modules" 895
"../../../Engine/Plugins/Runtime/GameplayStateTree/Binaries/Win64/UnrealEditor.modules" 896
"../../../Engine/Plugins/Runtime/StateTree/Binaries/Win64/UnrealEditor.modules" 897
"../../../Engine/Plugins/Animation/GameplayInsights/Binaries/Win64/UnrealEditor.modules" 898
"../../../Engine/Plugins/Runtime/PropertyAccess/Binaries/Win64/UnrealEditor.modules" 899
"../../../Engine/Plugins/Runtime/PropertyBindingUtils/Binaries/Win64/UnrealEditor.modules" 900
"../../../Engine/Plugins/Runtime/HDRIBackdrop/Binaries/Win64/UnrealEditor.modules" 901
"../../../Engine/Plugins/Bridge/Binaries/Win64/UnrealEditor.modules" 902
"../../../Engine/Plugins/MetaHuman/MetaHumanSDK/Binaries/Win64/UnrealEditor.modules" 903
"../../../Engine/Plugins/Animation/ControlRig/Binaries/Win64/UnrealEditor.modules" 904
"../../../Engine/Plugins/Runtime/HairStrands/Binaries/Win64/UnrealEditor.modules" 905
"../../../Engine/Plugins/Animation/RigLogic/Binaries/Win64/UnrealEditor.modules" 906
"../../../Engine/Plugins/Online/EOSShared/Binaries/Win64/UnrealEditor.modules" 907
"../../../Engine/Plugins/Runtime/RigVM/Binaries/Win64/UnrealEditor.modules" 908
"../../../Engine/Plugins/MovieScene/LevelSequenceEditor/Binaries/Win64/UnrealEditor.modules" 909
"../../../Engine/Plugins/MovieScene/SequencerScripting/Binaries/Win64/UnrealEditor.modules" 910
"../../../Engine/Plugins/Animation/TweeningUtils/Binaries/Win64/UnrealEditor.modules" 911
"../../../Engine/Plugins/Animation/DeformerGraph/Binaries/Win64/UnrealEditor.modules" 912
"../../../Engine/Plugins/Experimental/Dataflow/Binaries/Win64/UnrealEditor.modules" 913
"../../../Engine/Plugins/Runtime/ComputeFramework/Binaries/Win64/UnrealEditor.modules" 914
"../../../Engine/Plugins/Experimental/CharacterFXEditor/BaseCharacterFXEditor/Binaries/Win64/UnrealEditor.modules" 915
"../../../Engine/Plugins/Runtime/ProceduralMeshComponent/Binaries/Win64/UnrealEditor.modules" 916
"../../../Engine/Plugins/Experimental/ChaosCaching/Binaries/Win64/UnrealEditor.modules" 917
"../../../Engine/Plugins/Experimental/EditorDataStorage/Binaries/Win64/UnrealEditor.modules" 918
"../../../Engine/Plugins/Experimental/EditorDataStorageFeatures/Binaries/Win64/UnrealEditor.modules" 919
"../../../Engine/Plugins/VirtualProduction/Takes/Binaries/Win64/UnrealEditor.modules" 920
"../../../Engine/Plugins/Runtime/AudioCapture/Binaries/Win64/UnrealEditor.modules" 921
"../../../Engine/Plugins/Developer/NamingTokens/Binaries/Win64/UnrealEditor.modules" 922
"../../../Engine/Plugins/Editor/EngineAssetDefinitions/Binaries/Win64/UnrealEditor.modules" 923
"../../../Engine/Plugins/ChaosCloth/Binaries/Win64/UnrealEditor.modules" 924
"../../../Engine/Plugins/ChaosInsights/Binaries/Win64/UnrealEditor.modules" 925
"../../../Engine/Plugins/ChaosVD/Binaries/Win64/UnrealEditor.modules" 926
"../../../Engine/Plugins/CmdLinkServer/Binaries/Win64/UnrealEditor.modules" 927
"../../../Engine/Plugins/EnhancedInput/Binaries/Win64/UnrealEditor.modules" 928
"../../../Engine/Plugins/Editor/DataValidation/Binaries/Win64/UnrealEditor.modules" 929
"../../../Engine/Plugins/Fab/Binaries/Win64/UnrealEditor.modules" 930
"../../../Engine/Plugins/Interchange/Runtime/Binaries/Win64/UnrealEditor.modules" 931
"../../../Engine/Plugins/Enterprise/VariantManagerContent/Binaries/Win64/UnrealEditor.modules" 932
"../../../Engine/Plugins/Enterprise/VariantManager/Binaries/Win64/UnrealEditor.modules" 933
"../../../Engine/Plugins/Interchange/Assets/Binaries/Win64/UnrealEditor.modules" 934
"../../../Engine/Plugins/FastBuildController/Binaries/Win64/UnrealEditor.modules" 935
"../../../Engine/Plugins/IoStoreInsights/Binaries/Win64/UnrealEditor.modules" 936
"../../../Engine/Plugins/MassInsights/Binaries/Win64/UnrealEditor.modules" 937
"../../../Engine/Plugins/MeshPainting/Binaries/Win64/UnrealEditor.modules" 938
"../../../Engine/Plugins/Interchange/Editor/Binaries/Win64/UnrealEditor.modules" 939
"../../../Engine/Plugins/RenderGraphInsights/Binaries/Win64/UnrealEditor.modules" 940
"../../../Engine/Plugins/TraceUtilities/Binaries/Win64/UnrealEditor.modules" 941
"../../../Engine/Plugins/UbaController/Binaries/Win64/UnrealEditor.modules" 942
"../../../Engine/Plugins/XGEController/Binaries/Win64/UnrealEditor.modules" 943
"../../../Engine/Plugins/WorldMetrics/Binaries/Win64/UnrealEditor.modules" 944
"../../../Engine/Plugins/Experimental/AdvancedRenamer/Binaries/Win64/UnrealEditor.modules" 945
"../../../Engine/Plugins/Experimental/AutomationUtils/Binaries/Win64/UnrealEditor.modules" 946
"../../../Engine/Plugins/Experimental/BackChannel/Binaries/Win64/UnrealEditor.modules" 947
"../../../Engine/Plugins/Experimental/ChaosEditor/Binaries/Win64/UnrealEditor.modules" 948
"../../../Engine/Plugins/Experimental/GeometryCollectionPlugin/Binaries/Win64/UnrealEditor.modules" 949
"../../../Engine/Plugins/Experimental/Fracture/Binaries/Win64/UnrealEditor.modules" 950
"../../../Engine/Plugins/Experimental/ChaosSolverPlugin/Binaries/Win64/UnrealEditor.modules" 951
"../../../Engine/Plugins/Experimental/GeometryDataflow/Binaries/Win64/UnrealEditor.modules" 952
"../../../Engine/Plugins/Experimental/ChaosNiagara/Binaries/Win64/UnrealEditor.modules" 953
"../../../Engine/Plugins/Experimental/ChaosUserDataPT/Binaries/Win64/UnrealEditor.modules" 954
"../../../Engine/Plugins/Experimental/CharacterAI/Binaries/Win64/UnrealEditor.modules" 955
"../../../Engine/Plugins/Experimental/EditorTelemetry/Binaries/Win64/UnrealEditor.modules" 956
"../../../Engine/Plugins/Experimental/EditorPerformance/Binaries/Win64/UnrealEditor.modules" 957
"../../../Engine/Plugins/Experimental/LevelSequenceNavigatorBridge/Binaries/Win64/UnrealEditor.modules" 958
"../../../Engine/Plugins/Experimental/SequenceNavigator/Binaries/Win64/UnrealEditor.modules" 959
"../../../Engine/Plugins/Experimental/LocalizableMessage/Binaries/Win64/UnrealEditor.modules" 960
"../../../Engine/Plugins/Experimental/NFORDenoise/Binaries/Win64/UnrealEditor.modules" 961
"../../../Engine/Plugins/Experimental/PlatformCrypto/Binaries/Win64/UnrealEditor.modules" 962
"../../../Engine/Plugins/Experimental/RuntimeTelemetry/Binaries/Win64/UnrealEditor.modules" 963
"../../../Engine/Plugins/Experimental/SkeletalReduction/Binaries/Win64/UnrealEditor.modules" 964
"../../../Engine/Plugins/Messaging/TcpMessaging/Binaries/Win64/UnrealEditor.modules" 965
"../../../Engine/Plugins/Messaging/UdpMessaging/Binaries/Win64/UnrealEditor.modules" 966
"../../../Engine/Plugins/MovieScene/ActorSequence/Binaries/Win64/UnrealEditor.modules" 967
"../../../Engine/Plugins/NNE/NNEDenoiser/Binaries/Win64/UnrealEditor.modules" 968
"../../../Engine/Plugins/NNE/NNERuntimeORT/Binaries/Win64/UnrealEditor.modules" 969
"../../../Engine/Plugins/Tests/InterchangeTests/Binaries/Win64/UnrealEditor.modules" 970
"../../../Engine/Plugins/Portal/LauncherChunkInstaller/Binaries/Win64/UnrealEditor.modules" 971
"../../../Engine/Plugins/Runtime/ActorLayerUtilities/Binaries/Win64/UnrealEditor.modules" 972
"../../../Engine/Plugins/Runtime/AndroidDeviceProfileSelector/Binaries/Win64/UnrealEditor.modules" 973
"../../../Engine/Plugins/Runtime/AndroidFileServer/Binaries/Win64/UnrealEditor.modules" 974
"../../../Engine/Plugins/Runtime/AppleImageUtils/Binaries/Win64/UnrealEditor.modules" 975
"../../../Engine/Plugins/Runtime/AndroidPermission/Binaries/Win64/UnrealEditor.modules" 976
"../../../Engine/Plugins/Runtime/ArchVisCharacter/Binaries/Win64/UnrealEditor.modules" 977
"../../../Engine/Plugins/Runtime/AssetTags/Binaries/Win64/UnrealEditor.modules" 978
"../../../Engine/Plugins/Runtime/CableComponent/Binaries/Win64/UnrealEditor.modules" 979
"../../../Engine/Plugins/Runtime/ChunkDownloader/Binaries/Win64/UnrealEditor.modules" 980
"../../../Engine/Plugins/Runtime/CustomMeshComponent/Binaries/Win64/UnrealEditor.modules" 981
"../../../Engine/Plugins/Runtime/ExampleDeviceProfileSelector/Binaries/Win64/UnrealEditor.modules" 982
"../../../Engine/Plugins/Runtime/GooglePAD/Binaries/Win64/UnrealEditor.modules" 983
"../../../Engine/Plugins/Runtime/InputDebugging/Binaries/Win64/UnrealEditor.modules" 984
"../../../Engine/Plugins/Runtime/LocationServicesBPLibrary/Binaries/Win64/UnrealEditor.modules" 985
"../../../Engine/Plugins/Runtime/Metasound/Binaries/Win64/UnrealEditor.modules" 986
"../../../Engine/Plugins/Runtime/AudioWidgets/Binaries/Win64/UnrealEditor.modules" 987
"../../../Engine/Plugins/Runtime/AudioSynesthesia/Binaries/Win64/UnrealEditor.modules" 988
"../../../Engine/Plugins/Editor/ContentBrowser/ContentBrowserAssetDataSource/Binaries/Win64/UnrealEditor.modules" 989
"../../../Engine/Plugins/Runtime/WaveTable/Binaries/Win64/UnrealEditor.modules" 990
"../../../Engine/Plugins/Runtime/MobilePatchingUtils/Binaries/Win64/UnrealEditor.modules" 991
"../../../Engine/Plugins/Runtime/MsQuic/Binaries/Win64/UnrealEditor.modules" 992
"../../../Engine/Plugins/Runtime/ResonanceAudio/Binaries/Win64/UnrealEditor.modules" 993
"../../../Engine/Plugins/Runtime/SoundFields/Binaries/Win64/UnrealEditor.modules" 994
"../../../Engine/Plugins/Runtime/Synthesis/Binaries/Win64/UnrealEditor.modules" 995
"../../../Engine/Plugins/Runtime/WebMMoviePlayer/Binaries/Win64/UnrealEditor.modules" 996
"../../../Engine/Plugins/Media/WebMMedia/Binaries/Win64/UnrealEditor.modules" 997
"../../../Engine/Plugins/Runtime/WindowsMoviePlayer/Binaries/Win64/UnrealEditor.modules" 998
"../../../Engine/Plugins/Runtime/WindowsDeviceProfileSelector/Binaries/Win64/UnrealEditor.modules" 999
"../../../Engine/Plugins/2D/Paper2D/Binaries/Win64/UnrealEditor.modules" 1000
"../../../Engine/Plugins/AI/EnvironmentQueryEditor/Binaries/Win64/UnrealEditor.modules" 1001
"../../../Engine/Plugins/AI/AISupport/Binaries/Win64/UnrealEditor.modules" 1002
"../../../Engine/Plugins/Animation/ACLPlugin/Binaries/Win64/UnrealEditor.modules" 1003
"../../../Engine/Plugins/Animation/AnimationData/Binaries/Win64/UnrealEditor.modules" 1004
"../../../Engine/Plugins/Animation/AnimationModifierLibrary/Binaries/Win64/UnrealEditor.modules" 1005
"../../../Engine/Plugins/Animation/BlendSpaceMotionAnalysis/Binaries/Win64/UnrealEditor.modules" 1006
"../../../Engine/Plugins/Animation/ControlRigSpline/Binaries/Win64/UnrealEditor.modules" 1007
"../../../Engine/Plugins/Animation/IKRig/Binaries/Win64/UnrealEditor.modules" 1008
"../../../Engine/Plugins/Experimental/FullBodyIK/Binaries/Win64/UnrealEditor.modules" 1009
"../../../Engine/Plugins/Animation/SkeletalMeshModelingTools/Binaries/Win64/UnrealEditor.modules" 1010
"../../../Engine/Plugins/Cameras/CameraShakePreviewer/Binaries/Win64/UnrealEditor.modules" 1011
"../../../Engine/Plugins/Cameras/GameplayCameras/Binaries/Win64/UnrealEditor.modules" 1012
"../../../Engine/Plugins/VirtualProduction/CameraCalibrationCore/Binaries/Win64/UnrealEditor.modules" 1013
"../../../Engine/Plugins/MovieScene/TemplateSequence/Binaries/Win64/UnrealEditor.modules" 1014
"../../../Engine/Plugins/Compression/OodleNetwork/Binaries/Win64/UnrealEditor.modules" 1015
"../../../Engine/Plugins/Developer/AnimationSharing/Binaries/Win64/UnrealEditor.modules" 1016
"../../../Engine/Plugins/Runtime/SignificanceManager/Binaries/Win64/UnrealEditor.modules" 1017
"../../../Engine/Plugins/Developer/CLionSourceCodeAccess/Binaries/Win64/UnrealEditor.modules" 1018
"../../../Engine/Plugins/Cameras/EngineCameras/Binaries/Win64/UnrealEditor.modules" 1019
"../../../Engine/Plugins/Developer/GitSourceControl/Binaries/Win64/UnrealEditor.modules" 1020
"../../../Engine/Plugins/Developer/DumpGPUServices/Binaries/Win64/UnrealEditor.modules" 1021
"../../../Engine/Plugins/Developer/N10XSourceCodeAccess/Binaries/Win64/UnrealEditor.modules" 1022
"../../../Engine/Plugins/Developer/PerforceSourceControl/Binaries/Win64/UnrealEditor.modules" 1023
"../../../Engine/Plugins/Developer/PixWinPlugin/Binaries/Win64/UnrealEditor.modules" 1024
"../../../Engine/Plugins/Developer/PlasticSourceControl/Binaries/Win64/UnrealEditor.modules" 1025
"../../../Engine/Plugins/Developer/ProjectLauncher/Binaries/Win64/UnrealEditor.modules" 1026
"../../../Engine/Plugins/Developer/PropertyAccessNode/Binaries/Win64/UnrealEditor.modules" 1027
"../../../Engine/Plugins/Developer/PluginUtils/Binaries/Win64/UnrealEditor.modules" 1028
"../../../Engine/Plugins/Developer/RenderDocPlugin/Binaries/Win64/UnrealEditor.modules" 1029
"../../../Engine/Plugins/Developer/RiderSourceCodeAccess/Binaries/Win64/UnrealEditor.modules" 1030
"../../../Engine/Plugins/Developer/TextureFormatOodle/Binaries/Win64/UnrealEditor.modules" 1031
"../../../Engine/Plugins/Developer/SubversionSourceControl/Binaries/Win64/UnrealEditor.modules" 1032
"../../../Engine/Plugins/Developer/UObjectPlugin/Binaries/Win64/UnrealEditor.modules" 1033
"../../../Engine/Plugins/Developer/VisualStudioCodeSourceCodeAccess/Binaries/Win64/UnrealEditor.modules" 1034
"../../../Engine/Plugins/Developer/VisualStudioSourceCodeAccess/Binaries/Win64/UnrealEditor.modules" 1035
"../../../Engine/Plugins/Editor/AssetManagerEditor/Binaries/Win64/UnrealEditor.modules" 1036
"../../../Engine/Plugins/Editor/ChangelistReview/Binaries/Win64/UnrealEditor.modules" 1037
"../../../Engine/Plugins/Editor/ColorGrading/Binaries/Win64/UnrealEditor.modules" 1038
"../../../Engine/Plugins/Editor/ObjectMixer/ObjectMixer/Binaries/Win64/UnrealEditor.modules" 1039
"../../../Engine/Plugins/Editor/CryptoKeys/Binaries/Win64/UnrealEditor.modules" 1040
"../../../Engine/Plugins/Editor/CurveEditorTools/Binaries/Win64/UnrealEditor.modules" 1041
"../../../Engine/Plugins/Editor/EditorDebugTools/Binaries/Win64/UnrealEditor.modules" 1042
"../../../Engine/Plugins/Editor/GameplayTagsEditor/Binaries/Win64/UnrealEditor.modules" 1043
"../../../Engine/Plugins/Editor/FacialAnimation/Binaries/Win64/UnrealEditor.modules" 1044
"../../../Engine/Plugins/Editor/GeometryMode/Binaries/Win64/UnrealEditor.modules" 1045
"../../../Engine/Plugins/Editor/MaterialAnalyzer/Binaries/Win64/UnrealEditor.modules" 1046
"../../../Engine/Plugins/Editor/MobileLauncherProfileWizard/Binaries/Win64/UnrealEditor.modules" 1047
"../../../Engine/Plugins/Editor/PluginBrowser/Binaries/Win64/UnrealEditor.modules" 1048
"../../../Engine/Plugins/Editor/SequencerAnimTools/Binaries/Win64/UnrealEditor.modules" 1049
"../../../Engine/Plugins/Editor/SpeedTreeImporter/Binaries/Win64/UnrealEditor.modules" 1050
"../../../Engine/Plugins/Editor/UMGWidgetPreview/Binaries/Win64/UnrealEditor.modules" 1051
"../../../Engine/Plugins/Editor/UVEditor/Binaries/Win64/UnrealEditor.modules" 1052
"../../../Engine/Plugins/Editor/WorldPartitionHLODUtilities/Binaries/Win64/UnrealEditor.modules" 1053
"../../../Engine/Plugins/Enterprise/DatasmithContent/Binaries/Win64/UnrealEditor.modules" 1054
"../../../Engine/Plugins/Enterprise/GLTFExporter/Binaries/Win64/UnrealEditor.modules" 1055
"../../../Engine/Plugins/FX/Cascade/Binaries/Win64/UnrealEditor.modules" 1056
"../../../Engine/Plugins/FX/NiagaraSimCaching/Binaries/Win64/UnrealEditor.modules" 1057
"../../../Engine/Plugins/Importers/AlembicImporter/Binaries/Win64/UnrealEditor.modules" 1058
"../../../Engine/Plugins/Media/AndroidMedia/Binaries/Win64/UnrealEditor.modules" 1059
"../../../Engine/Plugins/Media/AvfMedia/Binaries/Win64/UnrealEditor.modules" 1060
"../../../Engine/Plugins/Editor/BlueprintHeaderView/Binaries/Win64/UnrealEditor.modules" 1061
"../../../Engine/Plugins/Media/MediaCompositing/Binaries/Win64/UnrealEditor.modules" 1062
"../../../Engine/Plugins/Media/ImgMedia/Binaries/Win64/UnrealEditor.modules" 1063
"../../../Engine/Plugins/Media/MediaPlayerEditor/Binaries/Win64/UnrealEditor.modules" 1064
"../../../Engine/Plugins/Media/MediaPlate/Binaries/Win64/UnrealEditor.modules" 1065
"../../../Engine/Plugins/Experimental/Compositing/CompositeCore/Binaries/Win64/UnrealEditor.modules" 1066
"../../../Engine/Plugins/Media/WmfMedia/Binaries/Win64/UnrealEditor.modules" 1067
"../../../Engine/Plugins/Online/OnlineBase/Binaries/Win64/UnrealEditor.modules" 1068
"../../../Engine/Plugins/Online/OnlineSubsystem/Binaries/Win64/UnrealEditor.modules" 1069
"../../../Engine/Plugins/Online/OnlineSubsystemNull/Binaries/Win64/UnrealEditor.modules" 1070
"../../../Engine/Plugins/Online/OnlineSubsystemUtils/Binaries/Win64/UnrealEditor.modules" 1071
"../../../Engine/Plugins/Online/OnlineServices/Binaries/Win64/UnrealEditor.modules" 1072
"../../../Engine/Plugins/Editor/Localization/PortableObjectFileDataSource/Binaries/Win64/UnrealEditor.modules" 1073
"../../../Engine/Plugins/Runtime/Windows/XInputDevice/Binaries/Win64/UnrealEditor.modules" 1074
"../../../Engine/Plugins/Editor/ObjectMixer/LightMixer/Binaries/Win64/UnrealEditor.modules" 1075
"../../../Engine/Plugins/Editor/ContentBrowser/ContentBrowserClassDataSource/Binaries/Win64/UnrealEditor.modules" 1076
"../../../Engine/Config/BaseSourceControlSettings.ini" 1077
"C:/Users/1869771/Documents/GitHub/Martel_Ju_TP2_sans_lfs/Saved/Config/WindowsEditor/SourceControlSettings.ini" 1078
"../../../Engine/Content/Internationalization/icudt64l/coll/ucadata.icu" 1079
"../../../Engine/Content/Internationalization/icudt64l/coll/fr_CA.res" 1080
"../../../Engine/Content/Internationalization/icudt64l/coll/fr.res" 1081
"../../../Engine/Content/Internationalization/icudt64l/coll/root.res" 1082
"../../../Engine/Content/Certificates/ThirdParty/cacert.pem" 1083
"../../../Engine/Config/ConsoleVariables.ini" 1084
"../../../Engine/Binaries/Win64/Android/UnrealEditor.modules" 1085
"../../../Engine/Binaries/Win64/IOS/UnrealEditor.modules" 1086
"../../../Engine/Binaries/Win64/Linux/UnrealEditor.modules" 1087
"../../../Engine/Content/Localization/Editor/fr/Editor.locres" 1088
"../../../Engine/Content/Localization/EditorTutorials/fr/EditorTutorials.locres" 1089
"../../../Engine/Content/Localization/Keywords/fr/Keywords.locres" 1090
"../../../Engine/Content/Localization/Category/fr/Category.locres" 1091
"../../../Engine/Content/Localization/ToolTips/fr/ToolTips.locres" 1092
"../../../Engine/Content/Localization/PropertyNames/fr/PropertyNames.locres" 1093
"../../../Engine/Content/Localization/Engine/fr/Engine.locres" 1094
"../../../Engine/Plugins/MetaHuman/MetaHumanSDK/Content/Localization/MetaHumanSDK/fr/MetaHumanSDK.locres" 1095
"../../../Engine/Plugins/Online/OnlineSubsystem/Content/Localization/OnlineSubsystem/fr/OnlineSubsystem.locres" 1096
"../../../Engine/Plugins/Online/OnlineSubsystemUtils/Content/Localization/OnlineSubsystemUtils/fr/OnlineSubsystemUtils.locres" 1097
"../../../Engine/Plugins/Online/Android/OnlineSubsystemGooglePlay/Content/Localization/OnlineSubsystemGooglePlay/fr/OnlineSubsystemGooglePlay.locres" 1098
"../../../Engine/Plugins/Online/IOS/OnlineSubsystemIOS/Content/Localization/OnlineSubsystemIOS/fr/OnlineSubsystemIOS.locres" 1099
"../../../Engine/Content/Internationalization/icudt64l/numberingSystems.res" 1100
"../../../Engine/Content/Internationalization/icudt64l/curr/supplementalData.res" 1101
"../../../Engine/Content/Internationalization/icudt64l/curr/fr_CA.res" 1102
"../../../Engine/Content/Internationalization/icudt64l/curr/pool.res" 1103
"../../../Engine/Content/Internationalization/icudt64l/curr/fr.res" 1104
"../../../Engine/Content/Internationalization/icudt64l/curr/root.res" 1105
"../../../Engine/Content/Internationalization/icudt64l/lang/af.res" 1106
"../../../Engine/Content/Internationalization/icudt64l/region/af.res" 1107
"../../../Engine/Content/Internationalization/icudt64l/lang/agq.res" 1108
"../../../Engine/Content/Internationalization/icudt64l/region/agq.res" 1109
"../../../Engine/Content/Internationalization/icudt64l/lang/ak.res" 1110
"../../../Engine/Content/Internationalization/icudt64l/region/ak.res" 1111
"../../../Engine/Content/Internationalization/icudt64l/lang/am.res" 1112
"../../../Engine/Content/Internationalization/icudt64l/region/am.res" 1113
"../../../Engine/Content/Internationalization/icudt64l/lang/ar.res" 1114
"../../../Engine/Content/Internationalization/icudt64l/region/ar.res" 1115
"../../../Engine/Content/Internationalization/icudt64l/region/ar_AE.res" 1116
"../../../Engine/Content/Internationalization/icudt64l/lang/ar_EG.res" 1117
"../../../Engine/Content/Internationalization/icudt64l/lang/ar_LY.res" 1118
"../../../Engine/Content/Internationalization/icudt64l/region/ar_LY.res" 1119
"../../../Engine/Content/Internationalization/icudt64l/lang/ar_SA.res" 1120
"../../../Engine/Content/Internationalization/icudt64l/region/ar_SA.res" 1121
"../../../Engine/Content/Internationalization/icudt64l/lang/as.res" 1122
"../../../Engine/Content/Internationalization/icudt64l/region/as.res" 1123
"../../../Engine/Content/Internationalization/icudt64l/lang/asa.res" 1124
"../../../Engine/Content/Internationalization/icudt64l/region/asa.res" 1125
"../../../Engine/Content/Internationalization/icudt64l/lang/ast.res" 1126
"../../../Engine/Content/Internationalization/icudt64l/region/ast.res" 1127
"../../../Engine/Content/Internationalization/icudt64l/lang/az.res" 1128
"../../../Engine/Content/Internationalization/icudt64l/lang/az_Cyrl.res" 1129
"../../../Engine/Content/Internationalization/icudt64l/lang/az_AZ.res" 1130
"../../../Engine/Content/Internationalization/icudt64l/lang/az_Latn_AZ.res" 1131
"../../../Engine/Content/Internationalization/icudt64l/lang/az_Latn.res" 1132
"../../../Engine/Content/Internationalization/icudt64l/region/az_AZ.res" 1133
"../../../Engine/Content/Internationalization/icudt64l/region/az_Latn_AZ.res" 1134
"../../../Engine/Content/Internationalization/icudt64l/region/az_Latn.res" 1135
"../../../Engine/Content/Internationalization/icudt64l/region/az.res" 1136
"../../../Engine/Content/Internationalization/icudt64l/region/az_Cyrl.res" 1137
"../../../Engine/Content/Internationalization/icudt64l/lang/bas.res" 1138
"../../../Engine/Content/Internationalization/icudt64l/region/bas.res" 1139
"../../../Engine/Content/Internationalization/icudt64l/lang/be.res" 1140
"../../../Engine/Content/Internationalization/icudt64l/region/be.res" 1141
"../../../Engine/Content/Internationalization/icudt64l/lang/bem.res" 1142
"../../../Engine/Content/Internationalization/icudt64l/region/bem.res" 1143
"../../../Engine/Content/Internationalization/icudt64l/lang/bez.res" 1144
"../../../Engine/Content/Internationalization/icudt64l/region/bez.res" 1145
"../../../Engine/Content/Internationalization/icudt64l/lang/bg.res" 1146
"../../../Engine/Content/Internationalization/icudt64l/region/bg.res" 1147
"../../../Engine/Content/Internationalization/icudt64l/lang/bm.res" 1148
"../../../Engine/Content/Internationalization/icudt64l/region/bm.res" 1149
"../../../Engine/Content/Internationalization/icudt64l/lang/bn.res" 1150
"../../../Engine/Content/Internationalization/icudt64l/region/bn.res" 1151
"../../../Engine/Content/Internationalization/icudt64l/lang/bn_IN.res" 1152
"../../../Engine/Content/Internationalization/icudt64l/region/bn_IN.res" 1153
"../../../Engine/Content/Internationalization/icudt64l/lang/bo.res" 1154
"../../../Engine/Content/Internationalization/icudt64l/region/bo.res" 1155
"../../../Engine/Content/Internationalization/icudt64l/region/bo_IN.res" 1156
"../../../Engine/Content/Internationalization/icudt64l/lang/br.res" 1157
"../../../Engine/Content/Internationalization/icudt64l/region/br.res" 1158
"../../../Engine/Content/Internationalization/icudt64l/lang/brx.res" 1159
"../../../Engine/Content/Internationalization/icudt64l/region/brx.res" 1160
"../../../Engine/Content/Internationalization/icudt64l/lang/bs.res" 1161
"../../../Engine/Content/Internationalization/icudt64l/lang/bs_Cyrl.res" 1162
"../../../Engine/Content/Internationalization/icudt64l/lang/bs_BA.res" 1163
"../../../Engine/Content/Internationalization/icudt64l/lang/bs_Latn_BA.res" 1164
"../../../Engine/Content/Internationalization/icudt64l/lang/bs_Latn.res" 1165
"../../../Engine/Content/Internationalization/icudt64l/region/bs_BA.res" 1166
"../../../Engine/Content/Internationalization/icudt64l/region/bs_Latn_BA.res" 1167
"../../../Engine/Content/Internationalization/icudt64l/region/bs_Latn.res" 1168
"../../../Engine/Content/Internationalization/icudt64l/region/bs.res" 1169
"../../../Engine/Content/Internationalization/icudt64l/region/bs_Cyrl.res" 1170
"../../../Engine/Content/Internationalization/icudt64l/lang/ca.res" 1171
"../../../Engine/Content/Internationalization/icudt64l/region/ca.res" 1172
"../../../Engine/Content/Internationalization/icudt64l/lang/ccp.res" 1173
"../../../Engine/Content/Internationalization/icudt64l/region/ccp.res" 1174
"../../../Engine/Content/Internationalization/icudt64l/lang/ce.res" 1175
"../../../Engine/Content/Internationalization/icudt64l/region/ce.res" 1176
"../../../Engine/Content/Internationalization/icudt64l/lang/ceb.res" 1177
"../../../Engine/Content/Internationalization/icudt64l/region/ceb.res" 1178
"../../../Engine/Content/Internationalization/icudt64l/lang/cgg.res" 1179
"../../../Engine/Content/Internationalization/icudt64l/region/cgg.res" 1180
"../../../Engine/Content/Internationalization/icudt64l/lang/chr.res" 1181
"../../../Engine/Content/Internationalization/icudt64l/region/chr.res" 1182
"../../../Engine/Content/Internationalization/icudt64l/lang/ckb.res" 1183
"../../../Engine/Content/Internationalization/icudt64l/region/ckb.res" 1184
"../../../Engine/Content/Internationalization/icudt64l/lang/cs.res" 1185
"../../../Engine/Content/Internationalization/icudt64l/region/cs.res" 1186
"../../../Engine/Content/Internationalization/icudt64l/lang/cy.res" 1187
"../../../Engine/Content/Internationalization/icudt64l/region/cy.res" 1188
"../../../Engine/Content/Internationalization/icudt64l/lang/da.res" 1189
"../../../Engine/Content/Internationalization/icudt64l/region/da.res" 1190
"../../../Engine/Content/Internationalization/icudt64l/lang/dav.res" 1191
"../../../Engine/Content/Internationalization/icudt64l/region/dav.res" 1192
"../../../Engine/Content/Internationalization/icudt64l/lang/de.res" 1193
"../../../Engine/Content/Internationalization/icudt64l/lang/de_AT.res" 1194
"../../../Engine/Content/Internationalization/icudt64l/region/de_AT.res" 1195
"../../../Engine/Content/Internationalization/icudt64l/region/de.res" 1196
"../../../Engine/Content/Internationalization/icudt64l/lang/de_CH.res" 1197
"../../../Engine/Content/Internationalization/icudt64l/region/de_CH.res" 1198
"../../../Engine/Content/Internationalization/icudt64l/lang/de_LU.res" 1199
"../../../Engine/Content/Internationalization/icudt64l/lang/dje.res" 1200
"../../../Engine/Content/Internationalization/icudt64l/region/dje.res" 1201
"../../../Engine/Content/Internationalization/icudt64l/lang/dsb.res" 1202
"../../../Engine/Content/Internationalization/icudt64l/region/dsb.res" 1203
"../../../Engine/Content/Internationalization/icudt64l/lang/dua.res" 1204
"../../../Engine/Content/Internationalization/icudt64l/region/dua.res" 1205
"../../../Engine/Content/Internationalization/icudt64l/lang/dyo.res" 1206
"../../../Engine/Content/Internationalization/icudt64l/region/dyo.res" 1207
"../../../Engine/Content/Internationalization/icudt64l/lang/dz.res" 1208
"../../../Engine/Content/Internationalization/icudt64l/region/dz.res" 1209
"../../../Engine/Content/Internationalization/icudt64l/lang/ebu.res" 1210
"../../../Engine/Content/Internationalization/icudt64l/region/ebu.res" 1211
"../../../Engine/Content/Internationalization/icudt64l/lang/ee.res" 1212
"../../../Engine/Content/Internationalization/icudt64l/region/ee.res" 1213
"../../../Engine/Content/Internationalization/icudt64l/lang/el.res" 1214
"../../../Engine/Content/Internationalization/icudt64l/region/el.res" 1215
"../../../Engine/Content/Internationalization/icudt64l/lang/en_001.res" 1216
"../../../Engine/Content/Internationalization/icudt64l/lang/en_150.res" 1217
"../../../Engine/Content/Internationalization/icudt64l/region/en_150.res" 1218
"../../../Engine/Content/Internationalization/icudt64l/lang/en_AG.res" 1219
"../../../Engine/Content/Internationalization/icudt64l/region/en_AG.res" 1220
"../../../Engine/Content/Internationalization/icudt64l/lang/en_AI.res" 1221
"../../../Engine/Content/Internationalization/icudt64l/region/en_AI.res" 1222
"../../../Engine/Content/Internationalization/icudt64l/lang/en_AT.res" 1223
"../../../Engine/Content/Internationalization/icudt64l/region/en_AT.res" 1224
"../../../Engine/Content/Internationalization/icudt64l/lang/en_AU.res" 1225
"../../../Engine/Content/Internationalization/icudt64l/region/en_AU.res" 1226
"../../../Engine/Content/Internationalization/icudt64l/lang/en_BB.res" 1227
"../../../Engine/Content/Internationalization/icudt64l/region/en_BB.res" 1228
"../../../Engine/Content/Internationalization/icudt64l/lang/en_BE.res" 1229
"../../../Engine/Content/Internationalization/icudt64l/region/en_BE.res" 1230
"../../../Engine/Content/Internationalization/icudt64l/lang/en_BM.res" 1231
"../../../Engine/Content/Internationalization/icudt64l/region/en_BM.res" 1232
"../../../Engine/Content/Internationalization/icudt64l/lang/en_BS.res" 1233
"../../../Engine/Content/Internationalization/icudt64l/region/en_BS.res" 1234
"../../../Engine/Content/Internationalization/icudt64l/lang/en_BW.res" 1235
"../../../Engine/Content/Internationalization/icudt64l/region/en_BW.res" 1236
"../../../Engine/Content/Internationalization/icudt64l/lang/en_BZ.res" 1237
"../../../Engine/Content/Internationalization/icudt64l/region/en_BZ.res" 1238
"../../../Engine/Content/Internationalization/icudt64l/lang/en_CA.res" 1239
"../../../Engine/Content/Internationalization/icudt64l/region/en_CA.res" 1240
"../../../Engine/Content/Internationalization/icudt64l/lang/en_CC.res" 1241
"../../../Engine/Content/Internationalization/icudt64l/region/en_CC.res" 1242
"../../../Engine/Content/Internationalization/icudt64l/lang/en_CH.res" 1243
"../../../Engine/Content/Internationalization/icudt64l/region/en_CH.res" 1244
"../../../Engine/Content/Internationalization/icudt64l/lang/en_CK.res" 1245
"../../../Engine/Content/Internationalization/icudt64l/region/en_CK.res" 1246
"../../../Engine/Content/Internationalization/icudt64l/lang/en_CM.res" 1247
"../../../Engine/Content/Internationalization/icudt64l/region/en_CM.res" 1248
"../../../Engine/Content/Internationalization/icudt64l/lang/en_CX.res" 1249
"../../../Engine/Content/Internationalization/icudt64l/region/en_CX.res" 1250
"../../../Engine/Content/Internationalization/icudt64l/lang/en_CY.res" 1251
"../../../Engine/Content/Internationalization/icudt64l/region/en_CY.res" 1252
"../../../Engine/Content/Internationalization/icudt64l/lang/en_DE.res" 1253
"../../../Engine/Content/Internationalization/icudt64l/region/en_DE.res" 1254
"../../../Engine/Content/Internationalization/icudt64l/lang/en_DG.res" 1255
"../../../Engine/Content/Internationalization/icudt64l/region/en_DG.res" 1256
"../../../Engine/Content/Internationalization/icudt64l/lang/en_DK.res" 1257
"../../../Engine/Content/Internationalization/icudt64l/region/en_DK.res" 1258
"../../../Engine/Content/Internationalization/icudt64l/lang/en_DM.res" 1259
"../../../Engine/Content/Internationalization/icudt64l/region/en_DM.res" 1260
"../../../Engine/Content/Internationalization/icudt64l/lang/en_ER.res" 1261
"../../../Engine/Content/Internationalization/icudt64l/region/en_ER.res" 1262
"../../../Engine/Content/Internationalization/icudt64l/lang/en_FI.res" 1263
"../../../Engine/Content/Internationalization/icudt64l/region/en_FI.res" 1264
"../../../Engine/Content/Internationalization/icudt64l/lang/en_FJ.res" 1265
"../../../Engine/Content/Internationalization/icudt64l/region/en_FJ.res" 1266
"../../../Engine/Content/Internationalization/icudt64l/lang/en_FK.res" 1267
"../../../Engine/Content/Internationalization/icudt64l/region/en_FK.res" 1268
"../../../Engine/Content/Internationalization/icudt64l/lang/en_FM.res" 1269
"../../../Engine/Content/Internationalization/icudt64l/region/en_FM.res" 1270
"../../../Engine/Content/Internationalization/icudt64l/lang/en_GB.res" 1271
"../../../Engine/Content/Internationalization/icudt64l/region/en_GB.res" 1272
"../../../Engine/Content/Internationalization/icudt64l/lang/en_GD.res" 1273
"../../../Engine/Content/Internationalization/icudt64l/region/en_GD.res" 1274
"../../../Engine/Content/Internationalization/icudt64l/lang/en_GG.res" 1275
"../../../Engine/Content/Internationalization/icudt64l/region/en_GG.res" 1276
"../../../Engine/Content/Internationalization/icudt64l/lang/en_GH.res" 1277
"../../../Engine/Content/Internationalization/icudt64l/region/en_GH.res" 1278
"../../../Engine/Content/Internationalization/icudt64l/lang/en_GI.res" 1279
"../../../Engine/Content/Internationalization/icudt64l/region/en_GI.res" 1280
"../../../Engine/Content/Internationalization/icudt64l/lang/en_GM.res" 1281
"../../../Engine/Content/Internationalization/icudt64l/region/en_GM.res" 1282
"../../../Engine/Content/Internationalization/icudt64l/lang/en_GY.res" 1283
"../../../Engine/Content/Internationalization/icudt64l/region/en_GY.res" 1284
"../../../Engine/Content/Internationalization/icudt64l/lang/en_HK.res" 1285
"../../../Engine/Content/Internationalization/icudt64l/region/en_HK.res" 1286
"../../../Engine/Content/Internationalization/icudt64l/lang/en_IE.res" 1287
"../../../Engine/Content/Internationalization/icudt64l/region/en_IE.res" 1288
"../../../Engine/Content/Internationalization/icudt64l/lang/en_IL.res" 1289
"../../../Engine/Content/Internationalization/icudt64l/region/en_IL.res" 1290
"../../../Engine/Content/Internationalization/icudt64l/lang/en_IM.res" 1291
"../../../Engine/Content/Internationalization/icudt64l/region/en_IM.res" 1292
"../../../Engine/Content/Internationalization/icudt64l/lang/en_IN.res" 1293
"../../../Engine/Content/Internationalization/icudt64l/region/en_IN.res" 1294
"../../../Engine/Content/Internationalization/icudt64l/lang/en_IO.res" 1295
"../../../Engine/Content/Internationalization/icudt64l/region/en_IO.res" 1296
"../../../Engine/Content/Internationalization/icudt64l/lang/en_JE.res" 1297
"../../../Engine/Content/Internationalization/icudt64l/region/en_JE.res" 1298
"../../../Engine/Content/Internationalization/icudt64l/lang/en_JM.res" 1299
"../../../Engine/Content/Internationalization/icudt64l/region/en_JM.res" 1300
"../../../Engine/Content/Internationalization/icudt64l/lang/en_KE.res" 1301
"../../../Engine/Content/Internationalization/icudt64l/region/en_KE.res" 1302
"../../../Engine/Content/Internationalization/icudt64l/lang/en_KI.res" 1303
"../../../Engine/Content/Internationalization/icudt64l/region/en_KI.res" 1304
"../../../Engine/Content/Internationalization/icudt64l/lang/en_KN.res" 1305
"../../../Engine/Content/Internationalization/icudt64l/region/en_KN.res" 1306
"../../../Engine/Content/Internationalization/icudt64l/lang/en_KY.res" 1307
"../../../Engine/Content/Internationalization/icudt64l/region/en_KY.res" 1308
"../../../Engine/Content/Internationalization/icudt64l/lang/en_LC.res" 1309
"../../../Engine/Content/Internationalization/icudt64l/region/en_LC.res" 1310
"../../../Engine/Content/Internationalization/icudt64l/lang/en_LR.res" 1311
"../../../Engine/Content/Internationalization/icudt64l/region/en_LR.res" 1312
"../../../Engine/Content/Internationalization/icudt64l/lang/en_LS.res" 1313
"../../../Engine/Content/Internationalization/icudt64l/region/en_LS.res" 1314
"../../../Engine/Content/Internationalization/icudt64l/lang/en_MG.res" 1315
"../../../Engine/Content/Internationalization/icudt64l/region/en_MG.res" 1316
"../../../Engine/Content/Internationalization/icudt64l/lang/en_MO.res" 1317
"../../../Engine/Content/Internationalization/icudt64l/region/en_MO.res" 1318
"../../../Engine/Content/Internationalization/icudt64l/lang/en_MS.res" 1319
"../../../Engine/Content/Internationalization/icudt64l/region/en_MS.res" 1320
"../../../Engine/Content/Internationalization/icudt64l/lang/en_MT.res" 1321
"../../../Engine/Content/Internationalization/icudt64l/region/en_MT.res" 1322
"../../../Engine/Content/Internationalization/icudt64l/lang/en_MU.res" 1323
"../../../Engine/Content/Internationalization/icudt64l/region/en_MU.res" 1324
"../../../Engine/Content/Internationalization/icudt64l/lang/en_MW.res" 1325
"../../../Engine/Content/Internationalization/icudt64l/region/en_MW.res" 1326
"../../../Engine/Content/Internationalization/icudt64l/lang/en_MY.res" 1327
"../../../Engine/Content/Internationalization/icudt64l/region/en_MY.res" 1328
"../../../Engine/Content/Internationalization/icudt64l/lang/en_NA.res" 1329
"../../../Engine/Content/Internationalization/icudt64l/region/en_NA.res" 1330
"../../../Engine/Content/Internationalization/icudt64l/lang/en_NF.res" 1331
"../../../Engine/Content/Internationalization/icudt64l/region/en_NF.res" 1332
"../../../Engine/Content/Internationalization/icudt64l/lang/en_NG.res" 1333
"../../../Engine/Content/Internationalization/icudt64l/region/en_NG.res" 1334
"../../../Engine/Content/Internationalization/icudt64l/lang/en_NL.res" 1335
"../../../Engine/Content/Internationalization/icudt64l/region/en_NL.res" 1336
"../../../Engine/Content/Internationalization/icudt64l/lang/en_NR.res" 1337
"../../../Engine/Content/Internationalization/icudt64l/region/en_NR.res" 1338
"../../../Engine/Content/Internationalization/icudt64l/lang/en_NU.res" 1339
"../../../Engine/Content/Internationalization/icudt64l/region/en_NU.res" 1340
"../../../Engine/Content/Internationalization/icudt64l/lang/en_NZ.res" 1341
"../../../Engine/Content/Internationalization/icudt64l/region/en_NZ.res" 1342
"../../../Engine/Content/Internationalization/icudt64l/lang/en_PG.res" 1343
"../../../Engine/Content/Internationalization/icudt64l/region/en_PG.res" 1344
"../../../Engine/Content/Internationalization/icudt64l/lang/en_PH.res" 1345
"../../../Engine/Content/Internationalization/icudt64l/region/en_PH.res" 1346
"../../../Engine/Content/Internationalization/icudt64l/lang/en_PK.res" 1347
"../../../Engine/Content/Internationalization/icudt64l/region/en_PK.res" 1348
"../../../Engine/Content/Internationalization/icudt64l/lang/en_PN.res" 1349
"../../../Engine/Content/Internationalization/icudt64l/region/en_PN.res" 1350
"../../../Engine/Content/Internationalization/icudt64l/lang/en_PW.res" 1351
"../../../Engine/Content/Internationalization/icudt64l/region/en_PW.res" 1352
"../../../Engine/Content/Internationalization/icudt64l/lang/en_RW.res" 1353
"../../../Engine/Content/Internationalization/icudt64l/region/en_RW.res" 1354
"../../../Engine/Content/Internationalization/icudt64l/lang/en_SB.res" 1355
"../../../Engine/Content/Internationalization/icudt64l/region/en_SB.res" 1356
"../../../Engine/Content/Internationalization/icudt64l/lang/en_SC.res" 1357
"../../../Engine/Content/Internationalization/icudt64l/region/en_SC.res" 1358
"../../../Engine/Content/Internationalization/icudt64l/lang/en_SD.res" 1359
"../../../Engine/Content/Internationalization/icudt64l/region/en_SD.res" 1360
"../../../Engine/Content/Internationalization/icudt64l/lang/en_SE.res" 1361
"../../../Engine/Content/Internationalization/icudt64l/region/en_SE.res" 1362
"../../../Engine/Content/Internationalization/icudt64l/lang/en_SG.res" 1363
"../../../Engine/Content/Internationalization/icudt64l/region/en_SG.res" 1364
"../../../Engine/Content/Internationalization/icudt64l/lang/en_SH.res" 1365
"../../../Engine/Content/Internationalization/icudt64l/region/en_SH.res" 1366
"../../../Engine/Content/Internationalization/icudt64l/lang/en_SI.res" 1367
"../../../Engine/Content/Internationalization/icudt64l/region/en_SI.res" 1368
"../../../Engine/Content/Internationalization/icudt64l/lang/en_SL.res" 1369
"../../../Engine/Content/Internationalization/icudt64l/region/en_SL.res" 1370
"../../../Engine/Content/Internationalization/icudt64l/lang/en_SS.res" 1371
"../../../Engine/Content/Internationalization/icudt64l/region/en_SS.res" 1372
"../../../Engine/Content/Internationalization/icudt64l/lang/en_SX.res" 1373
"../../../Engine/Content/Internationalization/icudt64l/region/en_SX.res" 1374
"../../../Engine/Content/Internationalization/icudt64l/lang/en_SZ.res" 1375
"../../../Engine/Content/Internationalization/icudt64l/region/en_SZ.res" 1376
"../../../Engine/Content/Internationalization/icudt64l/lang/en_TC.res" 1377
"../../../Engine/Content/Internationalization/icudt64l/region/en_TC.res" 1378
"../../../Engine/Content/Internationalization/icudt64l/lang/en_TK.res" 1379
"../../../Engine/Content/Internationalization/icudt64l/region/en_TK.res" 1380
"../../../Engine/Content/Internationalization/icudt64l/lang/en_TO.res" 1381
"../../../Engine/Content/Internationalization/icudt64l/region/en_TO.res" 1382
"../../../Engine/Content/Internationalization/icudt64l/lang/en_TT.res" 1383
"../../../Engine/Content/Internationalization/icudt64l/region/en_TT.res" 1384
"../../../Engine/Content/Internationalization/icudt64l/lang/en_TV.res" 1385
"../../../Engine/Content/Internationalization/icudt64l/region/en_TV.res" 1386
"../../../Engine/Content/Internationalization/icudt64l/lang/en_TZ.res" 1387
"../../../Engine/Content/Internationalization/icudt64l/region/en_TZ.res" 1388
"../../../Engine/Content/Internationalization/icudt64l/lang/en_UG.res" 1389
"../../../Engine/Content/Internationalization/icudt64l/region/en_UG.res" 1390
"../../../Engine/Content/Internationalization/icudt64l/lang/en_VC.res" 1391
"../../../Engine/Content/Internationalization/icudt64l/region/en_VC.res" 1392
"../../../Engine/Content/Internationalization/icudt64l/lang/en_VG.res" 1393
"../../../Engine/Content/Internationalization/icudt64l/region/en_VG.res" 1394
"../../../Engine/Content/Internationalization/icudt64l/lang/en_VU.res" 1395
"../../../Engine/Content/Internationalization/icudt64l/region/en_VU.res" 1396
"../../../Engine/Content/Internationalization/icudt64l/lang/en_WS.res" 1397
"../../../Engine/Content/Internationalization/icudt64l/region/en_WS.res" 1398
"../../../Engine/Content/Internationalization/icudt64l/lang/en_ZA.res" 1399
"../../../Engine/Content/Internationalization/icudt64l/region/en_ZA.res" 1400
"../../../Engine/Content/Internationalization/icudt64l/lang/en_ZM.res" 1401
"../../../Engine/Content/Internationalization/icudt64l/region/en_ZM.res" 1402
"../../../Engine/Content/Internationalization/icudt64l/lang/en_ZW.res" 1403
"../../../Engine/Content/Internationalization/icudt64l/region/en_ZW.res" 1404
"../../../Engine/Content/Internationalization/icudt64l/lang/eo.res" 1405
"../../../Engine/Content/Internationalization/icudt64l/region/eo.res" 1406
"../../../Engine/Content/Internationalization/icudt64l/lang/es.res" 1407
"../../../Engine/Content/Internationalization/icudt64l/lang/es_419.res" 1408
"../../../Engine/Content/Internationalization/icudt64l/region/es_419.res" 1409
"../../../Engine/Content/Internationalization/icudt64l/region/es.res" 1410
"../../../Engine/Content/Internationalization/icudt64l/lang/es_AR.res" 1411
"../../../Engine/Content/Internationalization/icudt64l/region/es_AR.res" 1412
"../../../Engine/Content/Internationalization/icudt64l/lang/es_BO.res" 1413
"../../../Engine/Content/Internationalization/icudt64l/region/es_BO.res" 1414
"../../../Engine/Content/Internationalization/icudt64l/lang/es_BR.res" 1415
"../../../Engine/Content/Internationalization/icudt64l/region/es_BR.res" 1416
"../../../Engine/Content/Internationalization/icudt64l/lang/es_BZ.res" 1417
"../../../Engine/Content/Internationalization/icudt64l/region/es_BZ.res" 1418
"../../../Engine/Content/Internationalization/icudt64l/lang/es_CL.res" 1419
"../../../Engine/Content/Internationalization/icudt64l/region/es_CL.res" 1420
"../../../Engine/Content/Internationalization/icudt64l/lang/es_CO.res" 1421
"../../../Engine/Content/Internationalization/icudt64l/region/es_CO.res" 1422
"../../../Engine/Content/Internationalization/icudt64l/lang/es_CR.res" 1423
"../../../Engine/Content/Internationalization/icudt64l/region/es_CR.res" 1424
"../../../Engine/Content/Internationalization/icudt64l/lang/es_CU.res" 1425
"../../../Engine/Content/Internationalization/icudt64l/region/es_CU.res" 1426
"../../../Engine/Content/Internationalization/icudt64l/lang/es_DO.res" 1427
"../../../Engine/Content/Internationalization/icudt64l/region/es_DO.res" 1428
"../../../Engine/Content/Internationalization/icudt64l/lang/es_EC.res" 1429
"../../../Engine/Content/Internationalization/icudt64l/region/es_EC.res" 1430
"../../../Engine/Content/Internationalization/icudt64l/lang/es_GT.res" 1431
"../../../Engine/Content/Internationalization/icudt64l/region/es_GT.res" 1432
"../../../Engine/Content/Internationalization/icudt64l/lang/es_HN.res" 1433
"../../../Engine/Content/Internationalization/icudt64l/region/es_HN.res" 1434
"../../../Engine/Content/Internationalization/icudt64l/lang/es_MX.res" 1435
"../../../Engine/Content/Internationalization/icudt64l/region/es_MX.res" 1436
"../../../Engine/Content/Internationalization/icudt64l/lang/es_NI.res" 1437
"../../../Engine/Content/Internationalization/icudt64l/region/es_NI.res" 1438
"../../../Engine/Content/Internationalization/icudt64l/lang/es_PA.res" 1439
"../../../Engine/Content/Internationalization/icudt64l/region/es_PA.res" 1440
"../../../Engine/Content/Internationalization/icudt64l/lang/es_PE.res" 1441
"../../../Engine/Content/Internationalization/icudt64l/region/es_PE.res" 1442
"../../../Engine/Content/Internationalization/icudt64l/lang/es_PR.res" 1443
"../../../Engine/Content/Internationalization/icudt64l/region/es_PR.res" 1444
"../../../Engine/Content/Internationalization/icudt64l/lang/es_PY.res" 1445
"../../../Engine/Content/Internationalization/icudt64l/region/es_PY.res" 1446
"../../../Engine/Content/Internationalization/icudt64l/lang/es_SV.res" 1447
"../../../Engine/Content/Internationalization/icudt64l/region/es_SV.res" 1448
"../../../Engine/Content/Internationalization/icudt64l/lang/es_US.res" 1449
"../../../Engine/Content/Internationalization/icudt64l/region/es_US.res" 1450
"../../../Engine/Content/Internationalization/icudt64l/lang/es_UY.res" 1451
"../../../Engine/Content/Internationalization/icudt64l/region/es_UY.res" 1452
"../../../Engine/Content/Internationalization/icudt64l/lang/es_VE.res" 1453
"../../../Engine/Content/Internationalization/icudt64l/region/es_VE.res" 1454
"../../../Engine/Content/Internationalization/icudt64l/lang/et.res" 1455
"../../../Engine/Content/Internationalization/icudt64l/region/et.res" 1456
"../../../Engine/Content/Internationalization/icudt64l/lang/eu.res" 1457
"../../../Engine/Content/Internationalization/icudt64l/region/eu.res" 1458
"../../../Engine/Content/Internationalization/icudt64l/lang/ewo.res" 1459
"../../../Engine/Content/Internationalization/icudt64l/region/ewo.res" 1460
"../../../Engine/Content/Internationalization/icudt64l/lang/fa.res" 1461
"../../../Engine/Content/Internationalization/icudt64l/lang/fa_AF.res" 1462
"../../../Engine/Content/Internationalization/icudt64l/region/fa_AF.res" 1463
"../../../Engine/Content/Internationalization/icudt64l/region/fa.res" 1464
"../../../Engine/Content/Internationalization/icudt64l/lang/ff.res" 1465
"../../../Engine/Content/Internationalization/icudt64l/lang/ff_Latn.res" 1466
"../../../Engine/Content/Internationalization/icudt64l/region/ff.res" 1467
"../../../Engine/Content/Internationalization/icudt64l/region/ff_Latn.res" 1468
"../../../Engine/Content/Internationalization/icudt64l/lang/ff_CM.res" 1469
"../../../Engine/Content/Internationalization/icudt64l/lang/ff_Latn_CM.res" 1470
"../../../Engine/Content/Internationalization/icudt64l/region/ff_CM.res" 1471
"../../../Engine/Content/Internationalization/icudt64l/region/ff_Latn_CM.res" 1472
"../../../Engine/Content/Internationalization/icudt64l/lang/ff_GN.res" 1473
"../../../Engine/Content/Internationalization/icudt64l/lang/ff_Latn_GN.res" 1474
"../../../Engine/Content/Internationalization/icudt64l/region/ff_GN.res" 1475
"../../../Engine/Content/Internationalization/icudt64l/region/ff_Latn_GN.res" 1476
"../../../Engine/Content/Internationalization/icudt64l/lang/ff_MR.res" 1477
"../../../Engine/Content/Internationalization/icudt64l/lang/ff_Latn_MR.res" 1478
"../../../Engine/Content/Internationalization/icudt64l/region/ff_MR.res" 1479
"../../../Engine/Content/Internationalization/icudt64l/region/ff_Latn_MR.res" 1480
"../../../Engine/Content/Internationalization/icudt64l/lang/ff_SN.res" 1481
"../../../Engine/Content/Internationalization/icudt64l/lang/ff_Latn_SN.res" 1482
"../../../Engine/Content/Internationalization/icudt64l/region/ff_SN.res" 1483
"../../../Engine/Content/Internationalization/icudt64l/region/ff_Latn_SN.res" 1484
"../../../Engine/Content/Internationalization/icudt64l/lang/fi.res" 1485
"../../../Engine/Content/Internationalization/icudt64l/region/fi.res" 1486
"../../../Engine/Content/Internationalization/icudt64l/lang/fil.res" 1487
"../../../Engine/Content/Internationalization/icudt64l/lang/fil_PH.res" 1488
"../../../Engine/Content/Internationalization/icudt64l/region/fil_PH.res" 1489
"../../../Engine/Content/Internationalization/icudt64l/region/fil.res" 1490
"../../../Engine/Content/Internationalization/icudt64l/lang/fo.res" 1491
"../../../Engine/Content/Internationalization/icudt64l/region/fo.res" 1492
"../../../Engine/Content/Internationalization/icudt64l/lang/fr_BE.res" 1493
"../../../Engine/Content/Internationalization/icudt64l/region/fr_BE.res" 1494
"../../../Engine/Content/Internationalization/icudt64l/lang/fr_CH.res" 1495
"../../../Engine/Content/Internationalization/icudt64l/lang/fur.res" 1496
"../../../Engine/Content/Internationalization/icudt64l/region/fur.res" 1497
"../../../Engine/Content/Internationalization/icudt64l/lang/fy.res" 1498
"../../../Engine/Content/Internationalization/icudt64l/region/fy.res" 1499
"../../../Engine/Content/Internationalization/icudt64l/lang/ga.res" 1500
"../../../Engine/Content/Internationalization/icudt64l/region/ga.res" 1501
"../../../Engine/Content/Internationalization/icudt64l/lang/gd.res" 1502
"../../../Engine/Content/Internationalization/icudt64l/region/gd.res" 1503
"../../../Engine/Content/Internationalization/icudt64l/lang/gl.res" 1504
"../../../Engine/Content/Internationalization/icudt64l/region/gl.res" 1505
"../../../Engine/Content/Internationalization/icudt64l/lang/gsw.res" 1506
"../../../Engine/Content/Internationalization/icudt64l/region/gsw.res" 1507
"../../../Engine/Content/Internationalization/icudt64l/lang/gu.res" 1508
"../../../Engine/Content/Internationalization/icudt64l/region/gu.res" 1509
"../../../Engine/Content/Internationalization/icudt64l/lang/guz.res" 1510
"../../../Engine/Content/Internationalization/icudt64l/region/guz.res" 1511
"../../../Engine/Content/Internationalization/icudt64l/lang/gv.res" 1512
"../../../Engine/Content/Internationalization/icudt64l/region/gv.res" 1513
"../../../Engine/Content/Internationalization/icudt64l/lang/ha.res" 1514
"../../../Engine/Content/Internationalization/icudt64l/region/ha.res" 1515
"../../../Engine/Content/Internationalization/icudt64l/lang/ha_NE.res" 1516
"../../../Engine/Content/Internationalization/icudt64l/region/ha_NE.res" 1517
"../../../Engine/Content/Internationalization/icudt64l/lang/haw.res" 1518
"../../../Engine/Content/Internationalization/icudt64l/region/haw.res" 1519
"../../../Engine/Content/Internationalization/icudt64l/lang/he.res" 1520
"../../../Engine/Content/Internationalization/icudt64l/lang/he_IL.res" 1521
"../../../Engine/Content/Internationalization/icudt64l/region/he_IL.res" 1522
"../../../Engine/Content/Internationalization/icudt64l/region/he.res" 1523
"../../../Engine/Content/Internationalization/icudt64l/lang/hi.res" 1524
"../../../Engine/Content/Internationalization/icudt64l/region/hi.res" 1525
"../../../Engine/Content/Internationalization/icudt64l/lang/hr.res" 1526
"../../../Engine/Content/Internationalization/icudt64l/region/hr.res" 1527
"../../../Engine/Content/Internationalization/icudt64l/lang/hsb.res" 1528
"../../../Engine/Content/Internationalization/icudt64l/region/hsb.res" 1529
"../../../Engine/Content/Internationalization/icudt64l/lang/hu.res" 1530
"../../../Engine/Content/Internationalization/icudt64l/region/hu.res" 1531
"../../../Engine/Content/Internationalization/icudt64l/lang/hy.res" 1532
"../../../Engine/Content/Internationalization/icudt64l/region/hy.res" 1533
"../../../Engine/Content/Internationalization/icudt64l/lang/ia.res" 1534
"../../../Engine/Content/Internationalization/icudt64l/region/ia.res" 1535
"../../../Engine/Content/Internationalization/icudt64l/lang/id.res" 1536
"../../../Engine/Content/Internationalization/icudt64l/lang/id_ID.res" 1537
"../../../Engine/Content/Internationalization/icudt64l/region/id_ID.res" 1538
"../../../Engine/Content/Internationalization/icudt64l/region/id.res" 1539
"../../../Engine/Content/Internationalization/icudt64l/lang/ig.res" 1540
"../../../Engine/Content/Internationalization/icudt64l/region/ig.res" 1541
"../../../Engine/Content/Internationalization/icudt64l/lang/ii.res" 1542
"../../../Engine/Content/Internationalization/icudt64l/region/ii.res" 1543
"../../../Engine/Content/Internationalization/icudt64l/lang/is.res" 1544
"../../../Engine/Content/Internationalization/icudt64l/region/is.res" 1545
"../../../Engine/Content/Internationalization/icudt64l/lang/it.res" 1546
"../../../Engine/Content/Internationalization/icudt64l/region/it.res" 1547
"../../../Engine/Content/Internationalization/icudt64l/lang/ja.res" 1548
"../../../Engine/Content/Internationalization/icudt64l/lang/ja_JP.res" 1549
"../../../Engine/Content/Internationalization/icudt64l/region/ja_JP.res" 1550
"../../../Engine/Content/Internationalization/icudt64l/region/ja.res" 1551
"../../../Engine/Content/Internationalization/icudt64l/lang/jgo.res" 1552
"../../../Engine/Content/Internationalization/icudt64l/region/jgo.res" 1553
"../../../Engine/Content/Internationalization/icudt64l/lang/jmc.res" 1554
"../../../Engine/Content/Internationalization/icudt64l/region/jmc.res" 1555
"../../../Engine/Content/Internationalization/icudt64l/lang/jv.res" 1556
"../../../Engine/Content/Internationalization/icudt64l/region/jv.res" 1557
"../../../Engine/Content/Internationalization/icudt64l/lang/ka.res" 1558
"../../../Engine/Content/Internationalization/icudt64l/region/ka.res" 1559
"../../../Engine/Content/Internationalization/icudt64l/lang/kab.res" 1560
"../../../Engine/Content/Internationalization/icudt64l/region/kab.res" 1561
"../../../Engine/Content/Internationalization/icudt64l/lang/kam.res" 1562
"../../../Engine/Content/Internationalization/icudt64l/region/kam.res" 1563
"../../../Engine/Content/Internationalization/icudt64l/lang/kde.res" 1564
"../../../Engine/Content/Internationalization/icudt64l/region/kde.res" 1565
"../../../Engine/Content/Internationalization/icudt64l/lang/kea.res" 1566
"../../../Engine/Content/Internationalization/icudt64l/region/kea.res" 1567
"../../../Engine/Content/Internationalization/icudt64l/lang/khq.res" 1568
"../../../Engine/Content/Internationalization/icudt64l/region/khq.res" 1569
"../../../Engine/Content/Internationalization/icudt64l/lang/ki.res" 1570
"../../../Engine/Content/Internationalization/icudt64l/region/ki.res" 1571
"../../../Engine/Content/Internationalization/icudt64l/lang/kk.res" 1572
"../../../Engine/Content/Internationalization/icudt64l/region/kk.res" 1573
"../../../Engine/Content/Internationalization/icudt64l/lang/kkj.res" 1574
"../../../Engine/Content/Internationalization/icudt64l/region/kkj.res" 1575
"../../../Engine/Content/Internationalization/icudt64l/lang/kl.res" 1576
"../../../Engine/Content/Internationalization/icudt64l/region/kl.res" 1577
"../../../Engine/Content/Internationalization/icudt64l/lang/kln.res" 1578
"../../../Engine/Content/Internationalization/icudt64l/region/kln.res" 1579
"../../../Engine/Content/Internationalization/icudt64l/lang/km.res" 1580
"../../../Engine/Content/Internationalization/icudt64l/region/km.res" 1581
"../../../Engine/Content/Internationalization/icudt64l/lang/kn.res" 1582
"../../../Engine/Content/Internationalization/icudt64l/region/kn.res" 1583
"../../../Engine/Content/Internationalization/icudt64l/lang/ko.res" 1584
"../../../Engine/Content/Internationalization/icudt64l/region/ko_KP.res" 1585
"../../../Engine/Content/Internationalization/icudt64l/region/ko.res" 1586
"../../../Engine/Content/Internationalization/icudt64l/lang/kok.res" 1587
"../../../Engine/Content/Internationalization/icudt64l/region/kok.res" 1588
"../../../Engine/Content/Internationalization/icudt64l/lang/ks.res" 1589
"../../../Engine/Content/Internationalization/icudt64l/region/ks.res" 1590
"../../../Engine/Content/Internationalization/icudt64l/lang/ksb.res" 1591
"../../../Engine/Content/Internationalization/icudt64l/region/ksb.res" 1592
"../../../Engine/Content/Internationalization/icudt64l/lang/ksf.res" 1593
"../../../Engine/Content/Internationalization/icudt64l/region/ksf.res" 1594
"../../../Engine/Content/Internationalization/icudt64l/lang/ksh.res" 1595
"../../../Engine/Content/Internationalization/icudt64l/region/ksh.res" 1596
"../../../Engine/Content/Internationalization/icudt64l/lang/ku.res" 1597
"../../../Engine/Content/Internationalization/icudt64l/region/ku.res" 1598
"../../../Engine/Content/Internationalization/icudt64l/lang/kw.res" 1599
"../../../Engine/Content/Internationalization/icudt64l/region/kw.res" 1600
"../../../Engine/Content/Internationalization/icudt64l/lang/ky.res" 1601
"../../../Engine/Content/Internationalization/icudt64l/region/ky.res" 1602
"../../../Engine/Content/Internationalization/icudt64l/lang/lag.res" 1603
"../../../Engine/Content/Internationalization/icudt64l/region/lag.res" 1604
"../../../Engine/Content/Internationalization/icudt64l/lang/lb.res" 1605
"../../../Engine/Content/Internationalization/icudt64l/region/lb.res" 1606
"../../../Engine/Content/Internationalization/icudt64l/lang/lg.res" 1607
"../../../Engine/Content/Internationalization/icudt64l/region/lg.res" 1608
"../../../Engine/Content/Internationalization/icudt64l/lang/lkt.res" 1609
"../../../Engine/Content/Internationalization/icudt64l/region/lkt.res" 1610
"../../../Engine/Content/Internationalization/icudt64l/lang/ln.res" 1611
"../../../Engine/Content/Internationalization/icudt64l/region/ln.res" 1612
"../../../Engine/Content/Internationalization/icudt64l/lang/lo.res" 1613
"../../../Engine/Content/Internationalization/icudt64l/region/lo.res" 1614
"../../../Engine/Content/Internationalization/icudt64l/lang/lrc.res" 1615
"../../../Engine/Content/Internationalization/icudt64l/region/lrc.res" 1616
"../../../Engine/Content/Internationalization/icudt64l/lang/lt.res" 1617
"../../../Engine/Content/Internationalization/icudt64l/region/lt.res" 1618
"../../../Engine/Content/Internationalization/icudt64l/lang/lu.res" 1619
"../../../Engine/Content/Internationalization/icudt64l/region/lu.res" 1620
"../../../Engine/Content/Internationalization/icudt64l/lang/luo.res" 1621
"../../../Engine/Content/Internationalization/icudt64l/region/luo.res" 1622
"../../../Engine/Content/Internationalization/icudt64l/lang/luy.res" 1623
"../../../Engine/Content/Internationalization/icudt64l/region/luy.res" 1624
"../../../Engine/Content/Internationalization/icudt64l/lang/lv.res" 1625
"../../../Engine/Content/Internationalization/icudt64l/region/lv.res" 1626
"../../../Engine/Content/Internationalization/icudt64l/lang/mas.res" 1627
"../../../Engine/Content/Internationalization/icudt64l/region/mas.res" 1628
"../../../Engine/Content/Internationalization/icudt64l/lang/mer.res" 1629
"../../../Engine/Content/Internationalization/icudt64l/region/mer.res" 1630
"../../../Engine/Content/Internationalization/icudt64l/lang/mfe.res" 1631
"../../../Engine/Content/Internationalization/icudt64l/region/mfe.res" 1632
"../../../Engine/Content/Internationalization/icudt64l/lang/mg.res" 1633
"../../../Engine/Content/Internationalization/icudt64l/region/mg.res" 1634
"../../../Engine/Content/Internationalization/icudt64l/lang/mgh.res" 1635
"../../../Engine/Content/Internationalization/icudt64l/region/mgh.res" 1636
"../../../Engine/Content/Internationalization/icudt64l/lang/mgo.res" 1637
"../../../Engine/Content/Internationalization/icudt64l/region/mgo.res" 1638
"../../../Engine/Content/Internationalization/icudt64l/lang/mi.res" 1639
"../../../Engine/Content/Internationalization/icudt64l/region/mi.res" 1640
"../../../Engine/Content/Internationalization/icudt64l/lang/mk.res" 1641
"../../../Engine/Content/Internationalization/icudt64l/region/mk.res" 1642
"../../../Engine/Content/Internationalization/icudt64l/lang/ml.res" 1643
"../../../Engine/Content/Internationalization/icudt64l/region/ml.res" 1644
"../../../Engine/Content/Internationalization/icudt64l/lang/mn.res" 1645
"../../../Engine/Content/Internationalization/icudt64l/region/mn.res" 1646
"../../../Engine/Content/Internationalization/icudt64l/lang/mr.res" 1647
"../../../Engine/Content/Internationalization/icudt64l/region/mr.res" 1648
"../../../Engine/Content/Internationalization/icudt64l/lang/ms.res" 1649
"../../../Engine/Content/Internationalization/icudt64l/region/ms.res" 1650
"../../../Engine/Content/Internationalization/icudt64l/lang/mt.res" 1651
"../../../Engine/Content/Internationalization/icudt64l/region/mt.res" 1652
"../../../Engine/Content/Internationalization/icudt64l/lang/mua.res" 1653
"../../../Engine/Content/Internationalization/icudt64l/region/mua.res" 1654
"../../../Engine/Content/Internationalization/icudt64l/lang/my.res" 1655
"../../../Engine/Content/Internationalization/icudt64l/region/my.res" 1656
"../../../Engine/Content/Internationalization/icudt64l/lang/mzn.res" 1657
"../../../Engine/Content/Internationalization/icudt64l/region/mzn.res" 1658
"../../../Engine/Content/Internationalization/icudt64l/lang/naq.res" 1659
"../../../Engine/Content/Internationalization/icudt64l/region/naq.res" 1660
"../../../Engine/Content/Internationalization/icudt64l/lang/nb.res" 1661
"../../../Engine/Content/Internationalization/icudt64l/lang/nb_NO.res" 1662
"../../../Engine/Content/Internationalization/icudt64l/region/nb_NO.res" 1663
"../../../Engine/Content/Internationalization/icudt64l/region/nb.res" 1664
"../../../Engine/Content/Internationalization/icudt64l/lang/nd.res" 1665
"../../../Engine/Content/Internationalization/icudt64l/region/nd.res" 1666
"../../../Engine/Content/Internationalization/icudt64l/lang/nds.res" 1667
"../../../Engine/Content/Internationalization/icudt64l/region/nds.res" 1668
"../../../Engine/Content/Internationalization/icudt64l/lang/ne.res" 1669
"../../../Engine/Content/Internationalization/icudt64l/region/ne.res" 1670
"../../../Engine/Content/Internationalization/icudt64l/lang/nl.res" 1671
"../../../Engine/Content/Internationalization/icudt64l/region/nl.res" 1672
"../../../Engine/Content/Internationalization/icudt64l/lang/nmg.res" 1673
"../../../Engine/Content/Internationalization/icudt64l/region/nmg.res" 1674
"../../../Engine/Content/Internationalization/icudt64l/lang/nn.res" 1675
"../../../Engine/Content/Internationalization/icudt64l/lang/nn_NO.res" 1676
"../../../Engine/Content/Internationalization/icudt64l/region/nn_NO.res" 1677
"../../../Engine/Content/Internationalization/icudt64l/region/nn.res" 1678
"../../../Engine/Content/Internationalization/icudt64l/lang/nnh.res" 1679
"../../../Engine/Content/Internationalization/icudt64l/region/nnh.res" 1680
"../../../Engine/Content/Internationalization/icudt64l/lang/nus.res" 1681
"../../../Engine/Content/Internationalization/icudt64l/region/nus.res" 1682
"../../../Engine/Content/Internationalization/icudt64l/lang/nyn.res" 1683
"../../../Engine/Content/Internationalization/icudt64l/region/nyn.res" 1684
"../../../Engine/Content/Internationalization/icudt64l/lang/om.res" 1685
"../../../Engine/Content/Internationalization/icudt64l/region/om.res" 1686
"../../../Engine/Content/Internationalization/icudt64l/lang/or.res" 1687
"../../../Engine/Content/Internationalization/icudt64l/region/or.res" 1688
"../../../Engine/Content/Internationalization/icudt64l/lang/os.res" 1689
"../../../Engine/Content/Internationalization/icudt64l/region/os.res" 1690
"../../../Engine/Content/Internationalization/icudt64l/lang/pa.res" 1691
"../../../Engine/Content/Internationalization/icudt64l/lang/pa_Arab.res" 1692
"../../../Engine/Content/Internationalization/icudt64l/lang/pa_PK.res" 1693
"../../../Engine/Content/Internationalization/icudt64l/lang/pa_Arab_PK.res" 1694
"../../../Engine/Content/Internationalization/icudt64l/region/pa_PK.res" 1695
"../../../Engine/Content/Internationalization/icudt64l/region/pa_Arab_PK.res" 1696
"../../../Engine/Content/Internationalization/icudt64l/region/pa_Arab.res" 1697
"../../../Engine/Content/Internationalization/icudt64l/lang/pa_Guru.res" 1698
"../../../Engine/Content/Internationalization/icudt64l/lang/pa_IN.res" 1699
"../../../Engine/Content/Internationalization/icudt64l/lang/pa_Guru_IN.res" 1700
"../../../Engine/Content/Internationalization/icudt64l/region/pa_IN.res" 1701
"../../../Engine/Content/Internationalization/icudt64l/region/pa_Guru_IN.res" 1702
"../../../Engine/Content/Internationalization/icudt64l/region/pa_Guru.res" 1703
"../../../Engine/Content/Internationalization/icudt64l/region/pa.res" 1704
"../../../Engine/Content/Internationalization/icudt64l/lang/pl.res" 1705
"../../../Engine/Content/Internationalization/icudt64l/region/pl.res" 1706
"../../../Engine/Content/Internationalization/icudt64l/lang/ps.res" 1707
"../../../Engine/Content/Internationalization/icudt64l/region/ps.res" 1708
"../../../Engine/Content/Internationalization/icudt64l/lang/ps_PK.res" 1709
"../../../Engine/Content/Internationalization/icudt64l/region/ps_PK.res" 1710
"../../../Engine/Content/Internationalization/icudt64l/lang/pt.res" 1711
"../../../Engine/Content/Internationalization/icudt64l/lang/pt_AO.res" 1712
"../../../Engine/Content/Internationalization/icudt64l/lang/pt_PT.res" 1713
"../../../Engine/Content/Internationalization/icudt64l/region/pt_AO.res" 1714
"../../../Engine/Content/Internationalization/icudt64l/region/pt_PT.res" 1715
"../../../Engine/Content/Internationalization/icudt64l/region/pt.res" 1716
"../../../Engine/Content/Internationalization/icudt64l/lang/pt_CH.res" 1717
"../../../Engine/Content/Internationalization/icudt64l/region/pt_CH.res" 1718
"../../../Engine/Content/Internationalization/icudt64l/lang/pt_CV.res" 1719
"../../../Engine/Content/Internationalization/icudt64l/region/pt_CV.res" 1720
"../../../Engine/Content/Internationalization/icudt64l/lang/pt_GQ.res" 1721
"../../../Engine/Content/Internationalization/icudt64l/region/pt_GQ.res" 1722
"../../../Engine/Content/Internationalization/icudt64l/lang/pt_GW.res" 1723
"../../../Engine/Content/Internationalization/icudt64l/region/pt_GW.res" 1724
"../../../Engine/Content/Internationalization/icudt64l/lang/pt_LU.res" 1725
"../../../Engine/Content/Internationalization/icudt64l/region/pt_LU.res" 1726
"../../../Engine/Content/Internationalization/icudt64l/lang/pt_MO.res" 1727
"../../../Engine/Content/Internationalization/icudt64l/region/pt_MO.res" 1728
"../../../Engine/Content/Internationalization/icudt64l/lang/pt_MZ.res" 1729
"../../../Engine/Content/Internationalization/icudt64l/region/pt_MZ.res" 1730
"../../../Engine/Content/Internationalization/icudt64l/lang/pt_ST.res" 1731
"../../../Engine/Content/Internationalization/icudt64l/region/pt_ST.res" 1732
"../../../Engine/Content/Internationalization/icudt64l/lang/pt_TL.res" 1733
"../../../Engine/Content/Internationalization/icudt64l/region/pt_TL.res" 1734
"../../../Engine/Content/Internationalization/icudt64l/lang/qu.res" 1735
"../../../Engine/Content/Internationalization/icudt64l/region/qu.res" 1736
"../../../Engine/Content/Internationalization/icudt64l/lang/rm.res" 1737
"../../../Engine/Content/Internationalization/icudt64l/region/rm.res" 1738
"../../../Engine/Content/Internationalization/icudt64l/lang/rn.res" 1739
"../../../Engine/Content/Internationalization/icudt64l/region/rn.res" 1740
"../../../Engine/Content/Internationalization/icudt64l/lang/ro.res" 1741
"../../../Engine/Content/Internationalization/icudt64l/lang/ro_MD.res" 1742
"../../../Engine/Content/Internationalization/icudt64l/region/ro_MD.res" 1743
"../../../Engine/Content/Internationalization/icudt64l/region/ro.res" 1744
"../../../Engine/Content/Internationalization/icudt64l/lang/rof.res" 1745
"../../../Engine/Content/Internationalization/icudt64l/region/rof.res" 1746
"../../../Engine/Content/Internationalization/icudt64l/lang/ru.res" 1747
"../../../Engine/Content/Internationalization/icudt64l/region/ru.res" 1748
"../../../Engine/Content/Internationalization/icudt64l/region/ru_UA.res" 1749
"../../../Engine/Content/Internationalization/icudt64l/lang/rw.res" 1750
"../../../Engine/Content/Internationalization/icudt64l/region/rw.res" 1751
"../../../Engine/Content/Internationalization/icudt64l/lang/rwk.res" 1752
"../../../Engine/Content/Internationalization/icudt64l/region/rwk.res" 1753
"../../../Engine/Content/Internationalization/icudt64l/lang/sah.res" 1754
"../../../Engine/Content/Internationalization/icudt64l/region/sah.res" 1755
"../../../Engine/Content/Internationalization/icudt64l/lang/saq.res" 1756
"../../../Engine/Content/Internationalization/icudt64l/region/saq.res" 1757
"../../../Engine/Content/Internationalization/icudt64l/lang/sbp.res" 1758
"../../../Engine/Content/Internationalization/icudt64l/region/sbp.res" 1759
"../../../Engine/Content/Internationalization/icudt64l/lang/sd.res" 1760
"../../../Engine/Content/Internationalization/icudt64l/region/sd.res" 1761
"../../../Engine/Content/Internationalization/icudt64l/lang/se.res" 1762
"../../../Engine/Content/Internationalization/icudt64l/lang/se_FI.res" 1763
"../../../Engine/Content/Internationalization/icudt64l/region/se_FI.res" 1764
"../../../Engine/Content/Internationalization/icudt64l/region/se.res" 1765
"../../../Engine/Content/Internationalization/icudt64l/lang/seh.res" 1766
"../../../Engine/Content/Internationalization/icudt64l/region/seh.res" 1767
"../../../Engine/Content/Internationalization/icudt64l/lang/ses.res" 1768
"../../../Engine/Content/Internationalization/icudt64l/region/ses.res" 1769
"../../../Engine/Content/Internationalization/icudt64l/lang/sg.res" 1770
"../../../Engine/Content/Internationalization/icudt64l/region/sg.res" 1771
"../../../Engine/Content/Internationalization/icudt64l/lang/shi.res" 1772
"../../../Engine/Content/Internationalization/icudt64l/lang/shi_Latn.res" 1773
"../../../Engine/Content/Internationalization/icudt64l/lang/shi_MA.res" 1774
"../../../Engine/Content/Internationalization/icudt64l/lang/shi_Tfng_MA.res" 1775
"../../../Engine/Content/Internationalization/icudt64l/lang/shi_Tfng.res" 1776
"../../../Engine/Content/Internationalization/icudt64l/region/shi_MA.res" 1777
"../../../Engine/Content/Internationalization/icudt64l/region/shi_Tfng_MA.res" 1778
"../../../Engine/Content/Internationalization/icudt64l/region/shi_Tfng.res" 1779
"../../../Engine/Content/Internationalization/icudt64l/region/shi.res" 1780
"../../../Engine/Content/Internationalization/icudt64l/region/shi_Latn.res" 1781
"../../../Engine/Content/Internationalization/icudt64l/lang/si.res" 1782
"../../../Engine/Content/Internationalization/icudt64l/region/si.res" 1783
"../../../Engine/Content/Internationalization/icudt64l/lang/sk.res" 1784
"../../../Engine/Content/Internationalization/icudt64l/region/sk.res" 1785
"../../../Engine/Content/Internationalization/icudt64l/lang/sl.res" 1786
"../../../Engine/Content/Internationalization/icudt64l/region/sl.res" 1787
"../../../Engine/Content/Internationalization/icudt64l/lang/smn.res" 1788
"../../../Engine/Content/Internationalization/icudt64l/region/smn.res" 1789
"../../../Engine/Content/Internationalization/icudt64l/lang/sn.res" 1790
"../../../Engine/Content/Internationalization/icudt64l/region/sn.res" 1791
"../../../Engine/Content/Internationalization/icudt64l/lang/so.res" 1792
"../../../Engine/Content/Internationalization/icudt64l/region/so.res" 1793
"../../../Engine/Content/Internationalization/icudt64l/lang/sq.res" 1794
"../../../Engine/Content/Internationalization/icudt64l/region/sq.res" 1795
"../../../Engine/Content/Internationalization/icudt64l/lang/sr.res" 1796
"../../../Engine/Content/Internationalization/icudt64l/lang/sr_Cyrl.res" 1797
"../../../Engine/Content/Internationalization/icudt64l/lang/sr_BA.res" 1798
"../../../Engine/Content/Internationalization/icudt64l/lang/sr_Cyrl_BA.res" 1799
"../../../Engine/Content/Internationalization/icudt64l/region/sr_BA.res" 1800
"../../../Engine/Content/Internationalization/icudt64l/region/sr_Cyrl_BA.res" 1801
"../../../Engine/Content/Internationalization/icudt64l/region/sr_Cyrl.res" 1802
"../../../Engine/Content/Internationalization/icudt64l/region/sr.res" 1803
"../../../Engine/Content/Internationalization/icudt64l/lang/sr_ME.res" 1804
"../../../Engine/Content/Internationalization/icudt64l/lang/sr_Latn_ME.res" 1805
"../../../Engine/Content/Internationalization/icudt64l/lang/sr_Latn.res" 1806
"../../../Engine/Content/Internationalization/icudt64l/region/sr_ME.res" 1807
"../../../Engine/Content/Internationalization/icudt64l/region/sr_Latn_ME.res" 1808
"../../../Engine/Content/Internationalization/icudt64l/region/sr_Latn.res" 1809
"../../../Engine/Content/Internationalization/icudt64l/lang/sr_Cyrl_ME.res" 1810
"../../../Engine/Content/Internationalization/icudt64l/region/sr_Cyrl_ME.res" 1811
"../../../Engine/Content/Internationalization/icudt64l/lang/sr_RS.res" 1812
"../../../Engine/Content/Internationalization/icudt64l/lang/sr_Cyrl_RS.res" 1813
"../../../Engine/Content/Internationalization/icudt64l/region/sr_RS.res" 1814
"../../../Engine/Content/Internationalization/icudt64l/region/sr_Cyrl_RS.res" 1815
"../../../Engine/Content/Internationalization/icudt64l/lang/sr_XK.res" 1816
"../../../Engine/Content/Internationalization/icudt64l/lang/sr_Cyrl_XK.res" 1817
"../../../Engine/Content/Internationalization/icudt64l/region/sr_XK.res" 1818
"../../../Engine/Content/Internationalization/icudt64l/region/sr_Cyrl_XK.res" 1819
"../../../Engine/Content/Internationalization/icudt64l/lang/sr_Latn_BA.res" 1820
"../../../Engine/Content/Internationalization/icudt64l/region/sr_Latn_BA.res" 1821
"../../../Engine/Content/Internationalization/icudt64l/lang/sr_Latn_RS.res" 1822
"../../../Engine/Content/Internationalization/icudt64l/region/sr_Latn_RS.res" 1823
"../../../Engine/Content/Internationalization/icudt64l/lang/sr_Latn_XK.res" 1824
"../../../Engine/Content/Internationalization/icudt64l/region/sr_Latn_XK.res" 1825
"../../../Engine/Content/Internationalization/icudt64l/lang/sv.res" 1826
"../../../Engine/Content/Internationalization/icudt64l/region/sv.res" 1827
"../../../Engine/Content/Internationalization/icudt64l/lang/sv_FI.res" 1828
"../../../Engine/Content/Internationalization/icudt64l/lang/sw.res" 1829
"../../../Engine/Content/Internationalization/icudt64l/lang/sw_CD.res" 1830
"../../../Engine/Content/Internationalization/icudt64l/region/sw_CD.res" 1831
"../../../Engine/Content/Internationalization/icudt64l/region/sw.res" 1832
"../../../Engine/Content/Internationalization/icudt64l/lang/sw_KE.res" 1833
"../../../Engine/Content/Internationalization/icudt64l/region/sw_KE.res" 1834
"../../../Engine/Content/Internationalization/icudt64l/lang/ta.res" 1835
"../../../Engine/Content/Internationalization/icudt64l/region/ta.res" 1836
"../../../Engine/Content/Internationalization/icudt64l/lang/te.res" 1837
"../../../Engine/Content/Internationalization/icudt64l/region/te.res" 1838
"../../../Engine/Content/Internationalization/icudt64l/lang/teo.res" 1839
"../../../Engine/Content/Internationalization/icudt64l/region/teo.res" 1840
"../../../Engine/Content/Internationalization/icudt64l/lang/tg.res" 1841
"../../../Engine/Content/Internationalization/icudt64l/region/tg.res" 1842
"../../../Engine/Content/Internationalization/icudt64l/lang/th.res" 1843
"../../../Engine/Content/Internationalization/icudt64l/lang/th_TH.res" 1844
"../../../Engine/Content/Internationalization/icudt64l/region/th_TH.res" 1845
"../../../Engine/Content/Internationalization/icudt64l/region/th.res" 1846
"../../../Engine/Content/Internationalization/icudt64l/lang/ti.res" 1847
"../../../Engine/Content/Internationalization/icudt64l/region/ti.res" 1848
"../../../Engine/Content/Internationalization/icudt64l/lang/tk.res" 1849
"../../../Engine/Content/Internationalization/icudt64l/region/tk.res" 1850
"../../../Engine/Content/Internationalization/icudt64l/lang/to.res" 1851
"../../../Engine/Content/Internationalization/icudt64l/region/to.res" 1852
"../../../Engine/Content/Internationalization/icudt64l/lang/tr.res" 1853
"../../../Engine/Content/Internationalization/icudt64l/region/tr.res" 1854
"../../../Engine/Content/Internationalization/icudt64l/lang/tt.res" 1855
"../../../Engine/Content/Internationalization/icudt64l/region/tt.res" 1856
"../../../Engine/Content/Internationalization/icudt64l/lang/twq.res" 1857
"../../../Engine/Content/Internationalization/icudt64l/region/twq.res" 1858
"../../../Engine/Content/Internationalization/icudt64l/lang/tzm.res" 1859
"../../../Engine/Content/Internationalization/icudt64l/region/tzm.res" 1860
"../../../Engine/Content/Internationalization/icudt64l/lang/ug.res" 1861
"../../../Engine/Content/Internationalization/icudt64l/region/ug.res" 1862
"../../../Engine/Content/Internationalization/icudt64l/lang/uk.res" 1863
"../../../Engine/Content/Internationalization/icudt64l/region/uk.res" 1864
"../../../Engine/Content/Internationalization/icudt64l/lang/ur.res" 1865
"../../../Engine/Content/Internationalization/icudt64l/lang/ur_IN.res" 1866
"../../../Engine/Content/Internationalization/icudt64l/region/ur_IN.res" 1867
"../../../Engine/Content/Internationalization/icudt64l/region/ur.res" 1868
"../../../Engine/Content/Internationalization/icudt64l/lang/uz.res" 1869
"../../../Engine/Content/Internationalization/icudt64l/lang/uz_Arab.res" 1870
"../../../Engine/Content/Internationalization/icudt64l/lang/uz_AF.res" 1871
"../../../Engine/Content/Internationalization/icudt64l/lang/uz_Arab_AF.res" 1872
"../../../Engine/Content/Internationalization/icudt64l/region/uz_AF.res" 1873
"../../../Engine/Content/Internationalization/icudt64l/region/uz_Arab_AF.res" 1874
"../../../Engine/Content/Internationalization/icudt64l/region/uz_Arab.res" 1875
"../../../Engine/Content/Internationalization/icudt64l/lang/uz_Cyrl.res" 1876
"../../../Engine/Content/Internationalization/icudt64l/lang/uz_UZ.res" 1877
"../../../Engine/Content/Internationalization/icudt64l/lang/uz_Latn_UZ.res" 1878
"../../../Engine/Content/Internationalization/icudt64l/lang/uz_Latn.res" 1879
"../../../Engine/Content/Internationalization/icudt64l/region/uz_UZ.res" 1880
"../../../Engine/Content/Internationalization/icudt64l/region/uz_Latn_UZ.res" 1881
"../../../Engine/Content/Internationalization/icudt64l/region/uz_Latn.res" 1882
"../../../Engine/Content/Internationalization/icudt64l/region/uz.res" 1883
"../../../Engine/Content/Internationalization/icudt64l/region/uz_Cyrl.res" 1884
"../../../Engine/Content/Internationalization/icudt64l/lang/vai.res" 1885
"../../../Engine/Content/Internationalization/icudt64l/lang/vai_Latn.res" 1886
"../../../Engine/Content/Internationalization/icudt64l/lang/vai_LR.res" 1887
"../../../Engine/Content/Internationalization/icudt64l/lang/vai_Vaii_LR.res" 1888
"../../../Engine/Content/Internationalization/icudt64l/lang/vai_Vaii.res" 1889
"../../../Engine/Content/Internationalization/icudt64l/region/vai_LR.res" 1890
"../../../Engine/Content/Internationalization/icudt64l/region/vai_Vaii_LR.res" 1891
"../../../Engine/Content/Internationalization/icudt64l/region/vai_Vaii.res" 1892
"../../../Engine/Content/Internationalization/icudt64l/region/vai.res" 1893
"../../../Engine/Content/Internationalization/icudt64l/region/vai_Latn.res" 1894
"../../../Engine/Content/Internationalization/icudt64l/lang/vi.res" 1895
"../../../Engine/Content/Internationalization/icudt64l/region/vi.res" 1896
"../../../Engine/Content/Internationalization/icudt64l/lang/vun.res" 1897
"../../../Engine/Content/Internationalization/icudt64l/region/vun.res" 1898
"../../../Engine/Content/Internationalization/icudt64l/lang/wae.res" 1899
"../../../Engine/Content/Internationalization/icudt64l/region/wae.res" 1900
"../../../Engine/Content/Internationalization/icudt64l/lang/wo.res" 1901
"../../../Engine/Content/Internationalization/icudt64l/region/wo.res" 1902
"../../../Engine/Content/Internationalization/icudt64l/lang/xh.res" 1903
"../../../Engine/Content/Internationalization/icudt64l/region/xh.res" 1904
"../../../Engine/Content/Internationalization/icudt64l/lang/xog.res" 1905
"../../../Engine/Content/Internationalization/icudt64l/region/xog.res" 1906
"../../../Engine/Content/Internationalization/icudt64l/lang/yav.res" 1907
"../../../Engine/Content/Internationalization/icudt64l/region/yav.res" 1908
"../../../Engine/Content/Internationalization/icudt64l/lang/yi.res" 1909
"../../../Engine/Content/Internationalization/icudt64l/region/yi.res" 1910
"../../../Engine/Content/Internationalization/icudt64l/lang/yo.res" 1911
"../../../Engine/Content/Internationalization/icudt64l/lang/yo_BJ.res" 1912
"../../../Engine/Content/Internationalization/icudt64l/region/yo_BJ.res" 1913
"../../../Engine/Content/Internationalization/icudt64l/region/yo.res" 1914
"../../../Engine/Content/Internationalization/icudt64l/lang/yue.res" 1915
"../../../Engine/Content/Internationalization/icudt64l/lang/yue_Hans.res" 1916
"../../../Engine/Content/Internationalization/icudt64l/lang/yue_CN.res" 1917
"../../../Engine/Content/Internationalization/icudt64l/lang/yue_Hans_CN.res" 1918
"../../../Engine/Content/Internationalization/icudt64l/region/yue_CN.res" 1919
"../../../Engine/Content/Internationalization/icudt64l/region/yue_Hans_CN.res" 1920
"../../../Engine/Content/Internationalization/icudt64l/region/yue_Hans.res" 1921
"../../../Engine/Content/Internationalization/icudt64l/lang/yue_Hant.res" 1922
"../../../Engine/Content/Internationalization/icudt64l/lang/yue_HK.res" 1923
"../../../Engine/Content/Internationalization/icudt64l/lang/yue_Hant_HK.res" 1924
"../../../Engine/Content/Internationalization/icudt64l/region/yue_HK.res" 1925
"../../../Engine/Content/Internationalization/icudt64l/region/yue_Hant_HK.res" 1926
"../../../Engine/Content/Internationalization/icudt64l/region/yue_Hant.res" 1927
"../../../Engine/Content/Internationalization/icudt64l/region/yue.res" 1928
"../../../Engine/Content/Internationalization/icudt64l/lang/zgh.res" 1929
"../../../Engine/Content/Internationalization/icudt64l/region/zgh.res" 1930
"../../../Engine/Content/Internationalization/icudt64l/lang/zh.res" 1931
"../../../Engine/Content/Internationalization/icudt64l/lang/zh_Hans.res" 1932
"../../../Engine/Content/Internationalization/icudt64l/lang/zh_CN.res" 1933
"../../../Engine/Content/Internationalization/icudt64l/lang/zh_Hans_CN.res" 1934
"../../../Engine/Content/Internationalization/icudt64l/region/zh_CN.res" 1935
"../../../Engine/Content/Internationalization/icudt64l/region/zh_Hans_CN.res" 1936
"../../../Engine/Content/Internationalization/icudt64l/region/zh_Hans.res" 1937
"../../../Engine/Content/Internationalization/icudt64l/region/zh.res" 1938
"../../../Engine/Content/Internationalization/icudt64l/lang/zh_HK.res" 1939
"../../../Engine/Content/Internationalization/icudt64l/lang/zh_Hant_HK.res" 1940
"../../../Engine/Content/Internationalization/icudt64l/lang/zh_Hant.res" 1941
"../../../Engine/Content/Internationalization/icudt64l/region/zh_HK.res" 1942
"../../../Engine/Content/Internationalization/icudt64l/region/zh_Hant_HK.res" 1943
"../../../Engine/Content/Internationalization/icudt64l/region/zh_Hant.res" 1944
"../../../Engine/Content/Internationalization/icudt64l/lang/zh_MO.res" 1945
"../../../Engine/Content/Internationalization/icudt64l/lang/zh_Hant_MO.res" 1946
"../../../Engine/Content/Internationalization/icudt64l/region/zh_MO.res" 1947
"../../../Engine/Content/Internationalization/icudt64l/region/zh_Hant_MO.res" 1948
"../../../Engine/Content/Internationalization/icudt64l/lang/zh_SG.res" 1949
"../../../Engine/Content/Internationalization/icudt64l/lang/zh_Hans_SG.res" 1950
"../../../Engine/Content/Internationalization/icudt64l/region/zh_SG.res" 1951
"../../../Engine/Content/Internationalization/icudt64l/region/zh_Hans_SG.res" 1952
"../../../Engine/Content/Internationalization/icudt64l/lang/zh_TW.res" 1953
"../../../Engine/Content/Internationalization/icudt64l/lang/zh_Hant_TW.res" 1954
"../../../Engine/Content/Internationalization/icudt64l/region/zh_TW.res" 1955
"../../../Engine/Content/Internationalization/icudt64l/region/zh_Hant_TW.res" 1956
"../../../Engine/Content/Internationalization/icudt64l/lang/zu.res" 1957
"../../../Engine/Content/Internationalization/icudt64l/region/zu.res" 1958
"../../../Engine/Content/Internationalization/icudt64l/lang/no.res" 1959
"../../../Engine/Content/Internationalization/icudt64l/lang/tl.res" 1960
"../../../Engine/Config/Android/DataDrivenPlatformInfo.ini" 1961
"../../../Engine/Config/IOS/DataDrivenPlatformInfo.ini" 1962
"../../../Engine/Config/Linux/DataDrivenPlatformInfo.ini" 1963
"../../../Engine/Config/Mac/DataDrivenPlatformInfo.ini" 1964
"../../../Engine/Config/TVOS/DataDrivenPlatformInfo.ini" 1965
"../../../Engine/Config/Unix/DataDrivenPlatformInfo.ini" 1966
"../../../Engine/Config/VulkanPC/DataDrivenPlatformInfo.ini" 1967
"../../../Engine/Config/Windows/DataDrivenPlatformInfo.ini" 1968
"../../../Engine/Platforms/VisionOS/Config/DataDrivenPlatformInfo.ini" 1969
"../../../Engine/Content/Renderer/TessellationTable.bin" 1970
"../../../Engine/DerivedDataCache/Compressed.ddp" 1971
"C:/Users/1869771/AppData/Local/UnrealEngine/5.6/Saved/Zen/zen.version" 1972
"C:/Users/1869771/AppData/Local/UnrealEngine/Common/Zen/Install/zen.version" 1973
"C:/Users/1869771/AppData/Local/UnrealEngine/Common/Zen/Install/zenserver.runcontext" 1974
"C:/Users/1869771/AppData/Local/UnrealEngine/Common/DerivedDataCache/TestData/0/TestData_4kb.dat" 1975
"C:/Users/1869771/AppData/Local/UnrealEngine/Common/DerivedDataCache/TestData/1/TestData_4kb.dat" 1976
"C:/Users/1869771/AppData/Local/UnrealEngine/Common/DerivedDataCache/TestData/0/TestData_8kb.dat" 1977
"C:/Users/1869771/AppData/Local/UnrealEngine/Common/DerivedDataCache/TestData/1/TestData_8kb.dat" 1978
"C:/Users/1869771/AppData/Local/UnrealEngine/Common/DerivedDataCache/TestData/0/TestData_16kb.dat" 1979
"C:/Users/1869771/AppData/Local/UnrealEngine/Common/DerivedDataCache/TestData/1/TestData_16kb.dat" 1980
"C:/Users/1869771/AppData/Local/UnrealEngine/Common/DerivedDataCache/TestData/0/TestData_64kb.dat" 1981
"C:/Users/1869771/AppData/Local/UnrealEngine/Common/DerivedDataCache/TestData/1/TestData_64kb.dat" 1982
"C:/Users/1869771/AppData/Local/UnrealEngine/Common/DerivedDataCache/TestData/0/TestData_128kb.dat" 1983
"C:/Users/1869771/AppData/Local/UnrealEngine/Common/DerivedDataCache/TestData/1/TestData_128kb.dat" 1984
"C:/Users/1869771/AppData/Local/UnrealEngine/Common/DerivedDataCache/TestData/0/TestData_256kb.dat" 1985
"C:/Users/1869771/AppData/Local/UnrealEngine/Common/DerivedDataCache/TestData/1/TestData_256kb.dat" 1986
"C:/Users/1869771/AppData/Roaming/Unreal Engine/UnrealBuildTool/BuildConfiguration.xml" 1987
"../../../../../../Users/1869771/Documents/GitHub/Martel_Ju_TP2_sans_lfs/Intermediate/ShaderAutogen/PCD3D_SM6/AutogenShaderHeaders.ush" 1988
"../../../Engine/Shaders/Private/HairStrands/HairStrandsVertexFactory.ush" 1989
"../../../Engine/Shaders/Private/VertexFactoryCommon.ush" 1990
"../../../Engine/Shaders/Private/Common.ush" 1991
"../../../Engine/Shaders/Public/Platform.ush" 1992
"../../../Engine/Shaders/Public/FP16Math.ush" 1993
"../../../Engine/Shaders/Public/Platform/D3D/D3DCommon.ush" 1994
"../../../Engine/Shaders/Shared/HLSLReservedSpaces.h" 1995
"../../../Engine/Shaders/Public/BindlessResources.ush" 1996
"../../../Engine/Shaders/Public/Platform/D3D/PlatformBindlessResources.ush" 1997
"../../../Engine/Shaders/Shared/RayTracingBuiltInResources.h" 1998
"../../../Engine/Shaders/Shared/RayTracingDefinitions.h" 1999
"../../../Engine/Shaders/Public/OverloadMacros.ush" 2000
"../../../Engine/Shaders/Public/ShaderVersion.ush" 2001
"../../../Engine/Shaders/Shared/ThirdParty/NVIDIA/nvHLSLExtns.h" 2002
"../../../Engine/Shaders/Shared/ThirdParty/NVIDIA/nvHLSLExtnsInternal.h" 2003
"../../../Engine/Shaders/Shared/ThirdParty/NVIDIA/nvShaderExtnEnums.h" 2004
"../../../Engine/Shaders/Private/PackUnpack.ush" 2005
"../../../Engine/Shaders/Private/GeneratedUniformBufferTypes.ush" 2006
"../../../Engine/Shaders/Private/Nanite/NanitePackedNaniteView.ush" 2007
"../../../Engine/Shaders/Private/HairStrands/HairStrandsVisibilityCommonStruct.ush" 2008
"../../../Engine/Shaders/Private/HairStrands/HairStrandsVoxelPageCommonStruct.ush" 2009
"../../../Engine/Shaders/Private/HairStrands/HairStrandsDeepShadowCommonStruct.ush" 2010
"../../../Engine/Shaders/Shared/LightSceneData.h" 2011
"../../../Engine/Shaders/Shared/HLSLTypeAliases.h" 2012
"../../../Engine/Shaders/Private/LargeWorldCoordinates.ush" 2013
"../../../Engine/Shaders/Private/DoubleFloat.ush" 2014
"../../../Engine/Shaders/Private/RandomPCG.ush" 2015
"../../../Engine/Shaders/Private/DoubleFloatOperations.ush" 2016
"../../../Engine/Shaders/Private/DoubleFloatVectorDefinition.ush" 2017
"../../../Engine/Shaders/Private/LWCOperations.ush" 2018
"../../../Engine/Shaders/Shared/LightViewData.h" 2019
"../../../Engine/Shaders/Shared/RayTracingTypes.h" 2020
"../../../Engine/Shaders/Shared/HLSLStaticAssert.h" 2021
"../../../Engine/Shaders/Private/CommonViewUniformBuffer.ush" 2022
"../../../Engine/Shaders/Private/InstancedStereo.ush" 2023
"../../../Engine/Shaders/Private/Definitions.usf" 2024
"../../../Engine/Shaders/Private/AssertionMacros.ush" 2025
"../../../Engine/Shaders/Private/FastMath.ush" 2026
"../../../Engine/Shaders/Private/FastMathThirdParty.ush" 2027
"../../../Engine/Shaders/Private/Random.ush" 2028
"../../../Engine/Shaders/Private/RandomInterleavedGradientNoise.ush" 2029
"../../../Engine/Shaders/Private/SceneData.ush" 2030
"../../../Engine/Shaders/Private/OctahedralCommon.ush" 2031
"../../../Engine/Shaders/Private/WaveOpUtil.ush" 2032
"../../../Engine/Shaders/Private/ByteBuffer.ush" 2033
"../../../Engine/Shaders/Shared/SceneDefinitions.h" 2034
"../../../Engine/Shaders/Private/SceneDataMobileLoader.ush" 2035
"../../../Engine/Shaders/Private/LocalVertexFactoryCommon.ush" 2036
"../../../Engine/Shaders/Private/HairStrands/HairStrandsVisibilityCommon.ush" 2037
"../../../Engine/Shaders/Shared/HairStrandsDefinitions.h" 2038
"../../../Engine/Shaders/Private/HairStrands/HairStrandsVertexFactoryCommon.ush" 2039
"../../../Engine/Shaders/Private/HairStrands/HairStrandsPack.ush" 2040
"../../../Engine/Shaders/Private/HairStrands/HairStrandsAttributeCommon.ush" 2041
"../../../Engine/Shaders/Private/HairStrands/HairStrandsAttributeTemplate.ush" 2042
"../../../Engine/Shaders/Private/VertexFactoryDefaultInterface.ush" 2043
"../../../Engine/Shaders/Private/HairStrands/HairCardsVertexFactory.ush" 2044
"../../../Engine/Shaders/Private/HairStrands/HairCardsAttributeCommon.ush" 2045
"../../../Engine/Shaders/Private/RayTracing/RayTracingCommon.ush" 2046
"../../../Engine/Shaders/Private/ShadingCommon.ush" 2047
"../../../Engine/Shaders/Shared/RayTracingPayloadType.h" 2048
"../../../Engine/Shaders/Private/RayTracing/RayTracingRayCone.ush" 2049
"../../../Engine/Shaders/Private/Substrate/Substrate.ush" 2050
"../../../Engine/Shaders/Private/ShadingEnergyConservation.ush" 2051
"../../../Engine/Shaders/Private/ShadingEnergyConservationTemplate.ush" 2052
"../../../Engine/Shaders/Private/BRDF.ush" 2053
"../../../Engine/Shaders/Private/ColorSpace.ush" 2054
"../../../Engine/Shaders/Private/DeferredShadingCommon.ush" 2055
"../../../Engine/Shaders/Private/LightAccumulator.ush" 2056
"../../../Engine/Shaders/Private/SceneTexturesCommon.ush" 2057
"../../../Engine/Shaders/Private/MonteCarlo.ush" 2058
"../../../Engine/Shaders/Private/GBufferHelpers.ush" 2059
"../../../Engine/Shaders/Private/SceneTextureParameters.ush" 2060
"C:/Users/1869771/Documents/GitHub/Martel_Ju_TP2_sans_lfs/Intermediate/ShaderAutogen/PCD3D_SM6/AutogenShaderHeaders.ush" 2061
"../../../Engine/Shaders/Private/ParticipatingMediaCommon.ush" 2062
"../../../Engine/Shaders/Private/ThinFilmBSDF.ush" 2063
"../../../Engine/Shaders/Private/MortonCode.ush" 2064
"../../../Engine/Shaders/Private/SubsurfaceProfileCommon.ush" 2065
"../../../Engine/Shaders/Private/BurleyNormalizedSSSCommon.ush" 2066
"../../../Engine/Shaders/Private/GammaCorrectionCommon.ush" 2067
"../../../Engine/Shaders/Shared/SubstrateDefinitions.h" 2068
"../../../Engine/Shaders/Private/Substrate/SubstrateStatisticalOperators.ush" 2069
"../../../Engine/Shaders/Private/Substrate/SubstrateSubsurface.ush" 2070
"../../../Engine/Shaders/Private/TransmissionCommon.ush" 2071
"../../../Engine/Shaders/Private/Substrate/SubstrateExportCommon.ush" 2072
"../../../Engine/Shaders/Private/SpecularProfileCommon.ush" 2073
"../../../Engine/Shaders/Private/RayTracing/RayTracingCommonMetal.ush" 2074
"../../../Engine/Shaders/Private/PositionReconstructionCommon.ush" 2075
"../../../Engine/Shaders/Private/RayTracing/TraceRayInline.ush" 2076
"../../../Engine/Shaders/Private/RayTracing/TraceRayInlineCommon.ush" 2077
"../../../Engine/Shaders/Private/RayTracing/TraceRayInlineVulkan.ush" 2078
"../../../Engine/Shaders/Private/RayTracing/TraceRayInlineMetal.ush" 2079
"../../../Engine/Shaders/Private/RayTracing/TraceRayInlineD3D12.ush" 2080
"../../../Engine/Shaders/Private/RayTracing/RayTracingHitGroupCommon.ush" 2081
"../../../Engine/Shaders/Private/Nanite/NaniteRayTrace.ush" 2082
"../../../Engine/Shaders/Private/Nanite/NaniteDataDecode.ush" 2083
"../../../Engine/Shaders/Private/BitPacking.ush" 2084
"../../../Engine/Shaders/Private/BitStreamReaderImplementation.ush" 2085
"../../../Engine/Shaders/Private/BoneTransform.ush" 2086
"../../../Engine/Shaders/Private/Quaternion.ush" 2087
"../../../Engine/Shaders/Shared/NaniteDefinitions.h" 2088
"../../../Engine/Shaders/Shared/SkinningDefinitions.h" 2089
"../../../Engine/Shaders/Private/Nanite/NaniteAttributeDecode.ush" 2090
"../../../Engine/Shaders/Private/Barycentrics.ush" 2091
"../../../Engine/Shaders/Private/DualNumber.ush" 2092
"../../../Engine/Shaders/Shared/ThirdParty/RayTriangleIntersection.h" 2093
"../../../Engine/Shaders/Private/Nanite/NaniteVertexFetch.ush" 2094
"../../../Engine/Shaders/Private/Nanite/NaniteSceneCommon.ush" 2095
"../../../Engine/Plugins/FX/Niagara/Shaders/Private/NiagaraSpriteVertexFactory.ush" 2096
"../../../Engine/Shaders/Private/ParticleVertexFactoryCommon.ush" 2097
"../../../Engine/Plugins/FX/Niagara/Shaders/Private/NiagaraVFCommon.usf" 2098
"../../../Engine/Plugins/FX/Niagara/Shaders/Private/NiagaraVFParticleAccess.usf" 2099
"../../../Engine/Plugins/FX/Niagara/Shaders/Private/NiagaraParticleAccess.ush" 2100
"../../../Engine/Plugins/FX/Niagara/Shaders/Private/NiagaraRibbonVertexFactory.ush" 2101
"../../../Engine/Plugins/FX/Niagara/Shaders/Private/NiagaraMeshVertexFactory.ush" 2102
"../../../Engine/Plugins/FX/Niagara/Shaders/Private/NiagaraCommon.ush" 2103
"../../../Engine/Plugins/FX/Niagara/Shaders/Private/NiagaraMeshParticleUtils.ush" 2104
"../../../Engine/Shaders/Private/VectorFieldVisualizationVertexFactory.ush" 2105
"../../../Engine/Shaders/Private/Nanite/NaniteVertexFactory.ush" 2106
"../../../Engine/Shaders/Private/LightmapData.ush" 2107
"../../../Engine/Shaders/Private/SplineMeshCommon.ush" 2108
"../../../Engine/Shaders/Shared/SplineMeshShaderParams.h" 2109
"../../../Engine/Shaders/Private/ShaderPrint.ush" 2110
"../../../Engine/Shaders/Private/ShaderPrintCommon.ush" 2111
"../../../Engine/Shaders/Private/MiniFontCommon.ush" 2112
"../../../Engine/Shaders/Private/MaterialCache/MaterialCacheCommon.ush" 2113
"../../../Engine/Shaders/Shared/MaterialCacheDefinitions.h" 2114
"../../../Engine/Shaders/Private/Nanite/NaniteVertexDeformation.ush" 2115
"../../../Engine/Shaders/Private/ViewData.ush" 2116
"../../../Engine/Shaders/Shared/ViewDefinitions.h" 2117
"../../../Engine/Shaders/Private/Matrices.ush" 2118
"../../../Engine/Shaders/Private/ParticleSpriteVertexFactory.ush" 2119
"../../../Engine/Shaders/Private/ParticleGPUSpriteVertexFactory.ush" 2120
"../../../Engine/Shaders/Private/ParticleSimulationCommon.ush" 2121
"../../../Engine/Shaders/Private/ParticleBeamTrailVertexFactory.ush" 2122
"../../../Engine/Shaders/Private/MeshParticleVertexFactory.ush" 2123
"../../../Engine/Shaders/Private/LocalVertexFactory.ush" 2124
"../../../Engine/Shaders/Private/GpuSkinCommon.ush" 2125
"../../../Engine/Shaders/Private/GpuSkinVertexFactory.ush" 2126
"../../../Engine/Shaders/Private/GeometryCollectionVertexFactory.ush" 2127
"../../../Engine/Shaders/Private/GeometryCacheVertexFactory.ush" 2128
"../../../Engine/Shaders/Private/LandscapeVertexFactory.ush" 2129
"../../../Engine/Plugins/Experimental/Compositing/CompositeCore/Shaders/Private/CompositeCoreMerge.usf" 2130
"../../../Engine/Shaders/Private/ScreenPass.ush" 2131
"../../../Engine/Shaders/Private/LensDistortion.ush" 2132
"../../../Engine/Plugins/Experimental/Compositing/CompositeCore/Shaders/Private/CompositeCoreDisplayTransform.usf" 2133
"../../../Engine/Plugins/Experimental/Compositing/CompositeCore/Shaders/Private/CompositeCoreDilate.usf" 2134
"../../../Engine/Plugins/Media/WmfMedia/Shaders/Private/MediaHardwareVideoDecoding.usf" 2135
"../../../Engine/Shaders/Private/ColorUtils.ush" 2136
"../../../Engine/Plugins/Media/ImgMedia/Shaders/Private/ExrSwizzler.usf" 2137
"../../../Engine/Plugins/Enterprise/GLTFExporter/Shaders/Private/SimpleTexture2DPS.usf" 2138
"../../../Engine/Shaders/Private/SimpleElementNormalMapPixelShader.usf" 2139
"../../../Engine/Plugins/Runtime/HairStrands/Shaders/Private/NiagaraCopyVelocityGrid.usf" 2140
"../../../Engine/Plugins/Runtime/HairStrands/Shaders/Private/NiagaraClearVelocityGrid.usf" 2141
"../../../Engine/Plugins/Runtime/HairStrands/Shaders/Private/NiagaraClearPressureGrid.usf" 2142
"../../../Engine/Plugins/Runtime/HairStrands/Shaders/Private/NiagaraInterpolateGroomGuides.usf" 2143
"../../../Engine/Plugins/Runtime/HairStrands/Shaders/Private/NiagaraGroomInterpolationUtils.ush" 2144
"../../../Engine/Plugins/FX/Niagara/Shaders/Private/NiagaraQuaternionUtils.ush" 2145
"../../../Engine/Shaders/Private/HairStrands/HairStrandsMesh.usf" 2146
"../../../Engine/Shaders/Private/HairStrands/HairStrandsBindingCommon.ush" 2147
"../../../Engine/Shaders/Private/HairStrands/HairStrandsFollicleMask.usf" 2148
"../../../Engine/Shaders/Private/HairStrands/HairStrandsSkinUpdate.usf" 2149
"../../../Engine/Shaders/Private/HairStrands/HairStrandsClusterCulling.usf" 2150
"../../../Engine/Shaders/Private/ColorMap.ush" 2151
"../../../Engine/Shaders/Private/HairStrands/HairStrandsAABBCommon.ush" 2152
"../../../Engine/Shaders/Private/HairStrands/HairStrandsClusterCommon.ush" 2153
"../../../Engine/Shaders/Private/ThreadGroupPrefixSum.ush" 2154
"../../../Engine/Shaders/Private/HairStrands/HairStrandsRaytracingGeometry.usf" 2155
"../../../Engine/Shaders/Private/HairStrands/HairStrandsTangent.usf" 2156
"../../../Engine/Shaders/Private/HairStrands/HairCardsDeformation.usf" 2157
"../../../Engine/Shaders/Private/HairStrands/HairStrandsInterpolation.usf" 2158
"../../../Engine/Shaders/Private/HairStrands/HairStrandsGuideDeform.usf" 2159
"../../../Engine/Shaders/Private/HairStrands/HairStrandsTexturesGeneration.usf" 2160
"../../../Engine/Shaders/Private/HairStrands/HairCardsTextureCommon.ush" 2161
"../../../Engine/Shaders/Private/HairStrands/HairStrandsTranscode.usf" 2162
"../../../Engine/Shaders/Private/HairStrands/HairStrandsDebug.usf" 2163
"../../../Engine/Shaders/Private/HairShadingCommon.ush" 2164
"../../../Engine/Shaders/Private/PostProcessCommon.ush" 2165
"../../../Engine/Shaders/Private/ShadingModels.ush" 2166
"../../../Engine/Shaders/Private/CapsuleLight.ush" 2167
"../../../Engine/Shaders/Private/RectLight.ush" 2168
"../../../Engine/Shaders/Private/LightData.ush" 2169
"../../../Engine/Shaders/Shared/LightDefinitions.h" 2170
"../../../Engine/Shaders/Private/AreaLightCommon.ush" 2171
"../../../Engine/Shaders/Private/HairBsdf.ush" 2172
"../../../Engine/Shaders/Private/MobileGGX.ush" 2173
"../../../Engine/Shaders/Private/HairStrands/HairStrandsCommon.ush" 2174
"../../../Engine/Shaders/Private/HairStrands/HairStrandsEnvironmentLightingCommon.ush" 2175
"../../../Engine/Shaders/Private/HairStrands/HairStrandsDeepTransmittanceCommon.ush" 2176
"../../../Engine/Shaders/Private/HairStrands/HairStrandsDeepTransmittanceDualScattering.ush" 2177
"../../../Engine/Shaders/Private/HairStrands/HairStrandsDeepShadowCommon.ush" 2178
"../../../Engine/Shaders/Private/HairStrands/HairStrandsDebugCommonStruct.ush" 2179
"../../../Engine/Plugins/FX/Niagara/Shaders/Private/NiagaraVertexFactoryExport.usf" 2180
"../../../Engine/Shaders/Private/ComputeShaderUtils.ush" 2181
"../../../Engine/Shaders/Private/MaterialTemplate.ush" 2182
"../../../Engine/Shaders/Private/WorldSpaceMath.ush" 2183
"../../../Engine/Shaders/Private/EyeAdaptationCommon.ush" 2184
"../../../Engine/Shaders/Private/SobolRandom.ush" 2185
"../../../Engine/Shaders/Private/DepthOfFieldCommon.ush" 2186
"../../../Engine/Shaders/Private/CircleDOFCommon.ush" 2187
"../../../Engine/Shaders/Private/DistanceField/GlobalDistanceFieldShared.ush" 2188
"../../../Engine/Shaders/Private/PhysicsFieldSampler.ush" 2189
"../../../Engine/Shaders/Private/PhysicsFieldShared.ush" 2190
"../../../Engine/Shaders/Private/SparseVolumeTexture/SparseVolumeTextureCommon.ush" 2191
"../../../Engine/Shaders/Shared/EnvironmentComponentsFlags.h" 2192
"../../../Engine/Shaders/Private/MeshPaintTextureCommon.ush" 2193
"../../../Engine/Shaders/Private/VirtualTextureMaterial.ush" 2194
"../../../Engine/Shaders/Private/MaterialCache/MaterialCacheMaterialCommon.ush" 2195
"../../../Engine/Shaders/Private/MaterialCache/MaterialCacheABuffer.ush" 2196
"../../../Engine/Shaders/Private/SpeedTreeCommon.ush" 2197
"../../../Engine/Shaders/Private/VirtualTextureCommon.ush" 2198
"../../../Engine/Shaders/Private/MaterialTexture.ush" 2199
"../../../Engine/Shaders/Private/MinMaterialTexCoords.ush" 2200
"../../../Engine/Shaders/Private/SkyAtmosphereCommon.ush" 2201
"../../../Engine/Shaders/Private/SingleLayerWaterCommon.ush" 2202
"../../../Engine/Shaders/Private/TextureSampling.ush" 2203
"../../../Engine/Shaders/Private/PaniniProjection.ush" 2204
"../../../Engine/Shaders/Private/DBufferNormalReprojection.ush" 2205
"../../../Engine/Shaders/Public/SubstratePublic.ush" 2206
"../../../Engine/Shaders/Private/Substrate/SubstrateTree.ush" 2207
"../../../Engine/Shaders/Private/Substrate/SubstrateEvaluation.ush" 2208
"../../../Engine/Shaders/Private/Substrate/Glint/GlintThirdParty.ush" 2209
"../../../Engine/Shaders/Private/BlueNoise.ush" 2210
"../../../Engine/Shaders/Private/SHCommon.ush" 2211
"../../../Engine/Shaders/Private/ShadingModelsSampling.ush" 2212
"../../../Engine/Shaders/Private/HairStrands/HairBsdfSample.ush" 2213
"../../../Engine/Shaders/Private/Substrate/SubstrateLegacyConversion.ush" 2214
"../../../Engine/Shaders/Private/DBufferDecalShared.ush" 2215
"../../../Engine/Plugins/FX/Niagara/Shaders/Private/NiagaraSortKeyGen.usf" 2216
"../../../Engine/Plugins/FX/Niagara/Shaders/Private/NiagaraGPURayTracingTransforms.usf" 2217
"../../../Engine/Plugins/FX/Niagara/Shaders/Private/NiagaraDrawIndirectArgsGen.usf" 2218
"../../../Engine/Plugins/FX/Niagara/Shaders/Private/NiagaraDispatchIndirectArgsGen.usf" 2219
"../../../Engine/Plugins/FX/Niagara/Shaders/Private/Stateless/NiagaraStatelessSimulationDefault.usf" 2220
"../../../Engine/Plugins/FX/Niagara/Shaders/Private/Stateless/NiagaraStatelessSimulationTemplate.ush" 2221
"../../../Engine/Plugins/FX/Niagara/Shaders/Private/Stateless/NiagaraStatelessCommon.ush" 2222
"../../../Engine/Plugins/FX/Niagara/Shaders/Shared/NiagaraStatelessDefinitions.h" 2223
"../../../Engine/Plugins/FX/Niagara/Shaders/Shared/NiagaraStatelessBuiltDistribution.h" 2224
"../../../Engine/Plugins/FX/Niagara/Shaders/Private/Stateless/NiagaraStatelessDistribution.ush" 2225
"../../../Engine/Plugins/FX/Niagara/Shaders/Private/Stateless/Modules/NiagaraStatelessModule_CalculateAccurateVelocity.ush" 2226
"../../../Engine/Plugins/FX/Niagara/Shaders/Private/Stateless/Modules/NiagaraStatelessModule_CameraOffset.ush" 2227
"../../../Engine/Plugins/FX/Niagara/Shaders/Private/Stateless/Modules/NiagaraStatelessModule_DynamicMaterialParameters.ush" 2228
"../../../Engine/Plugins/FX/Niagara/Shaders/Private/Stateless/Modules/NiagaraStatelessModule_InitializeParticle.ush" 2229
"../../../Engine/Plugins/FX/Niagara/Shaders/Private/Stateless/Modules/NiagaraStatelessModule_InitialMeshOrientation.ush" 2230
"../../../Engine/Plugins/FX/Niagara/Shaders/Private/Stateless/Modules/NiagaraStatelessModule_MeshIndex.ush" 2231
"../../../Engine/Plugins/FX/Niagara/Shaders/Private/Stateless/Modules/NiagaraStatelessModule_MeshRotationRate.ush" 2232
"../../../Engine/Plugins/FX/Niagara/Shaders/Private/Stateless/Modules/NiagaraStatelessModule_RotateAroundPoint.ush" 2233
"../../../Engine/Plugins/FX/Niagara/Shaders/Private/Stateless/Modules/NiagaraStatelessModule_ShapeLocation.ush" 2234
"../../../Engine/Plugins/FX/Niagara/Shaders/Private/Stateless/Modules/NiagaraStatelessModule_ScaleColor.ush" 2235
"../../../Engine/Plugins/FX/Niagara/Shaders/Private/Stateless/Modules/NiagaraStatelessModule_ScaleRibbonWidth.ush" 2236
"../../../Engine/Plugins/FX/Niagara/Shaders/Private/Stateless/Modules/NiagaraStatelessModule_ScaleSpriteSize.ush" 2237
"../../../Engine/Plugins/FX/Niagara/Shaders/Private/Stateless/Modules/NiagaraStatelessModule_ScaleSpriteSizeBySpeed.ush" 2238
"../../../Engine/Plugins/FX/Niagara/Shaders/Private/Stateless/Modules/NiagaraStatelessModule_ScaleMeshSize.ush" 2239
"../../../Engine/Plugins/FX/Niagara/Shaders/Private/Stateless/Modules/NiagaraStatelessModule_ScaleMeshSizebySpeed.ush" 2240
"../../../Engine/Plugins/FX/Niagara/Shaders/Private/Stateless/Modules/NiagaraStatelessModule_SolveVelocitiesAndForces.ush" 2241
"../../../Engine/Plugins/FX/Niagara/Shaders/Private/Stateless/Modules/NiagaraStatelessModule_SpriteFacingAndAlignment.ush" 2242
"../../../Engine/Plugins/FX/Niagara/Shaders/Private/Stateless/Modules/NiagaraStatelessModule_SpriteRotationRate.ush" 2243
"../../../Engine/Plugins/FX/Niagara/Shaders/Private/Stateless/Modules/NiagaraStatelessModule_SubUVAnimation.ush" 2244
"../../../Engine/Plugins/FX/Niagara/Shaders/Private/NiagaraBlendSVTsToDenseBuffer.usf" 2245
"../../../Engine/Plugins/FX/Niagara/Shaders/Private/NiagaraSVTToDenseBuffer.usf" 2246
"../../../Engine/Plugins/FX/Niagara/Shaders/Private/NiagaraFillIntBuffer.usf" 2247
"../../../Engine/Plugins/FX/Niagara/Shaders/Private/NiagaraComputeFreeIDs.usf" 2248
"../../../Engine/Plugins/FX/Niagara/Shaders/Private/NiagaraInitFreeIDBuffer.usf" 2249
"../../../Engine/Plugins/FX/Niagara/Shaders/Private/NiagaraEmitterInstanceShader.usf" 2250
"../../../Engine/Plugins/FX/Niagara/Shaders/Private/NiagaraShaderVersion.ush" 2251
"../../../Engine/Plugins/FX/Niagara/Shaders/Private/NiagaraPhysicsCommon.ush" 2252
"../../../Engine/Plugins/FX/Niagara/Shaders/Private/Ribbons/NiagaraRibbonAggregationApply.usf" 2253
"../../../Engine/Plugins/FX/Niagara/Shaders/Private/Ribbons/NiagaraRibbonCommon.ush" 2254
"../../../Engine/Plugins/FX/Niagara/Shaders/Private/Ribbons/NiagaraRibbonAggregationStep.usf" 2255
"../../../Engine/Plugins/FX/Niagara/Shaders/Private/Ribbons/NiagaraRibbonGenerateIndices.usf" 2256
"../../../Engine/Plugins/FX/Niagara/Shaders/Private/Ribbons/NiagaraRibbonInitializeIndices.usf" 2257
"../../../Engine/Plugins/FX/Niagara/Shaders/Private/Ribbons/NiagaraRibbonRibbonUVParamCalculation.usf" 2258
"../../../Engine/Plugins/FX/Niagara/Shaders/Private/Ribbons/NiagaraRibbonVertexReductionFinalization.usf" 2259
"../../../Engine/Plugins/FX/Niagara/Shaders/Private/Ribbons/NiagaraRibbonVertexReductionInitialization.usf" 2260
"../../../Engine/Plugins/FX/Niagara/Shaders/Private/Ribbons/NiagaraRibbonSortParticles.usf" 2261
"../../../Engine/Plugins/FX/Niagara/Shaders/Private/NiagaraLWCHelper.usf" 2262
"../../../Engine/Plugins/FX/Niagara/Shaders/Private/NiagaraUpdateMeshGPUSceneInstances.usf" 2263
"../../../Engine/Shaders/Private/GPUScene/GPUSceneWriter.ush" 2264
"../../../Engine/Plugins/FX/Niagara/Shaders/Private/NiagaraGenerateMips.usf" 2265
"../../../Engine/Plugins/FX/Niagara/Shaders/Private/NiagaraDebugDraw.usf" 2266
"../../../Engine/Plugins/FX/Niagara/Shaders/Private/NiagaraDebugDraw.ush" 2267
"../../../Engine/Plugins/FX/Niagara/Shaders/Private/NiagaraVisualizeTexture.usf" 2268
"../../../Engine/Plugins/FX/Niagara/Shaders/Private/NiagaraClearCounts.usf" 2269
"../../../Engine/Plugins/FX/Niagara/Shaders/Private/NiagaraBatchedElements.usf" 2270
"../../../Engine/Plugins/FX/Niagara/Shaders/Private/NiagaraRayTracingShaders.usf" 2271
"../../../Engine/Plugins/FX/Niagara/Shaders/Private/NiagaraAsyncGpuTraceCommon.ush" 2272
"../../../Engine/Shaders/Private/HashTable.ush" 2273
"../../../Engine/Shaders/Private/Hash.ush" 2274
"../../../Engine/Shaders/Private/RayTracing/VFXTraceRay.ush" 2275
"../../../Engine/Plugins/FX/Niagara/Shaders/Private/NiagaraRayMarchingShaders.usf" 2276
"../../../Engine/Plugins/FX/Niagara/Shaders/Private/NiagaraRayTraceCollisionGroupShaders.usf" 2277
"../../../Engine/Plugins/FX/Niagara/Shaders/Private/NiagaraAsyncGpuTraceUtils.usf" 2278
"../../../Engine/Plugins/Runtime/ComputeFramework/Shaders/Private/ComputeKernel.usf" 2279
"../../../Engine/Plugins/Runtime/ComputeFramework/Shaders/Private/ComputeKernelCommon.ush" 2280
"../../../Engine/Plugins/VirtualProduction/CameraCalibrationCore/Shaders/Private/CrosshairOverlay.usf" 2281
"../../../Engine/Plugins/VirtualProduction/CameraCalibrationCore/Shaders/Private/DisplacementMapBlending.usf" 2282
"../../../Engine/Plugins/VirtualProduction/CameraCalibrationCore/Shaders/Private/RecenterSTDisplacementMaps.usf" 2283
"../../../Engine/Plugins/VirtualProduction/CameraCalibrationCore/Shaders/Private/FillSTDisplacementMap.usf" 2284
"../../../Engine/Plugins/VirtualProduction/CameraCalibrationCore/Shaders/Private/InvertDisplacementMap.usf" 2285
"../../../Engine/Plugins/VirtualProduction/CameraCalibrationCore/Shaders/Private/CropDisplacementMap.usf" 2286
"../../../Engine/Plugins/VirtualProduction/CameraCalibrationCore/Shaders/Private/BlendDisplacementMaps.usf" 2287
"../../../Engine/Plugins/VirtualProduction/CameraCalibrationCore/Shaders/Private/DrawDisplacementMaps.usf" 2288
"../../../Engine/Plugins/VirtualProduction/CameraCalibrationCore/Shaders/Private/UndistortImagePoints.usf" 2289
"../../../Engine/Plugins/VirtualProduction/CameraCalibrationCore/Shaders/Private/DistortionSTMapProcessor.usf" 2290
"../../../Engine/Plugins/NNE/NNEDenoiser/Shaders/NNEDenoiserShadersTransferFunctionOidn.usf" 2291
"../../../Engine/Plugins/NNE/NNEDenoiser/Shaders/NNEDenoiserShadersMappedCopy.usf" 2292
"../../../Engine/Plugins/NNE/NNEDenoiser/Shaders/NNEDenoiserShadersDefaultIOProcess.usf" 2293
"../../../Engine/Plugins/NNE/NNEDenoiser/Shaders/NNEDenoiserShadersAutoExposureReduceFinal.usf" 2294
"../../../Engine/Plugins/NNE/NNEDenoiser/Shaders/NNEDenoiserShadersAutoExposureReduce.usf" 2295
"../../../Engine/Plugins/NNE/NNEDenoiser/Shaders/NNEDenoiserShadersAutoExposureDownsample.usf" 2296
"../../../Engine/Plugins/Experimental/NFORDenoise/Shaders/NFORDenoise.usf" 2297
"../../../Engine/Plugins/Experimental/NFORDenoise/Shaders/NFORRegressionCommon.ush" 2298
"../../../Engine/Plugins/Experimental/NFORDenoise/Shaders/NFORRegression.ush" 2299
"../../../Engine/Shaders/Private/VirtualTextureAdapter.usf" 2300
"../../../Engine/Shaders/Private/BlockCompressionCommon.ush" 2301
"../../../Engine/Shaders/Private/BCCompressionCommon.ush" 2302
"../../../Engine/Shaders/Private/TranslucentLightingShaders.usf" 2303
"../../../Engine/Shaders/Private/CubemapCommon.ush" 2304
"../../../Engine/Shaders/Private/VectorFieldCompositeShaders.usf" 2305
"../../../Engine/Shaders/Private/UpdateTextureShaders.usf" 2306
"../../../Engine/Shaders/Private/StereoLayerShader.usf" 2307
"../../../Engine/Shaders/Private/SparseVolumeTexture/UpdateSparseVolumeTexture.usf" 2308
"../../../Engine/Shaders/Private/MorphTargets.usf" 2309
"../../../Engine/Shaders/Private/SimpleElementColorChannelMaskPixelShader.usf" 2310
"../../../Engine/Shaders/Private/SimpleElementHitProxyPixelShader.usf" 2311
"../../../Engine/Shaders/Private/SimpleElementPixelShader.usf" 2312
"../../../Engine/Shaders/Private/IESLightProfilesCommon.ush" 2313
"../../../Engine/Shaders/Private/SimpleElementVertexShader.usf" 2314
"../../../Engine/Shaders/Private/ScreenPixelShaderOES.usf" 2315
"../../../Engine/Shaders/Private/ScreenVertexShader.usf" 2316
"../../../Engine/Shaders/Private/ScreenPixelShader.usf" 2317
"../../../Engine/Shaders/Private/SSProfilePreIntegratedMobile.usf" 2318
"../../../Engine/Shaders/Private/SpecularProfile.usf" 2319
"../../../Engine/Shaders/Private/Nanite/NaniteStreaming.usf" 2320
"../../../Engine/Shaders/Private/Nanite/NaniteStreaming.ush" 2321
"../../../Engine/Shaders/Private/Nanite/NaniteTranscode.usf" 2322
"../../../Engine/Shaders/Private/VolumetricLightmapStreaming.usf" 2323
"../../../Engine/Shaders/Private/PhysicsFieldReset.usf" 2324
"../../../Engine/Shaders/Private/PhysicsFieldBuilder.usf" 2325
"../../../Engine/Shaders/Private/PhysicsFieldEval.ush" 2326
"../../../Engine/Shaders/Private/ParticleSortKeyGen.usf" 2327
"../../../Engine/Shaders/Private/ParticleBoundsShader.usf" 2328
"../../../Engine/Shaders/Private/ParticleSimVisualizeShader.usf" 2329
"../../../Engine/Shaders/Private/ParticleInjectionShader.usf" 2330
"../../../Engine/Shaders/Private/ParticleSimulationShader.usf" 2331
"../../../Engine/Shaders/Private/ParticleCurveInjectionShader.usf" 2332
"../../../Engine/Shaders/Private/CopyUIntBuffer.usf" 2333
"../../../Engine/Shaders/Private/RadixSortShaders.usf" 2334
"../../../Engine/Shaders/Private/RecomputeTangentsPerVertexPass.usf" 2335
"../../../Engine/Shaders/Private/RecomputeTangentsCommon.ush" 2336
"../../../Engine/Shaders/Private/RecomputeTangentsPerTrianglePass.usf" 2337
"../../../Engine/Shaders/Private/GpuSkinCacheComputeShader.usf" 2338
"../../../Engine/Shaders/Private/HeightFieldAtlasManagement.usf" 2339
"../../../Engine/Shaders/Private/Landscape/LandscapeEditLayersUtils.usf" 2340
"../../../Engine/Shaders/Private/Landscape/LandscapeCommon.ush" 2341
"../../../Engine/Shaders/Private/Landscape/LandscapeEditLayersWeightmaps.usf" 2342
"../../../Engine/Shaders/Private/Landscape/LandscapeEditLayersHeightmaps.usf" 2343
"../../../Engine/Shaders/Private/Landscape/LandscapeLayersWeightmapsPS.usf" 2344
"../../../Engine/Shaders/Private/Landscape/LandscapeLayersHeightmapsPS.usf" 2345
"../../../Engine/Shaders/Private/LandscapeLayersCS.usf" 2346
"../../../Engine/Shaders/Private/LandscapeLayersPS.usf" 2347
"../../../Engine/Shaders/Private/LandscapeLayersVS.usf" 2348
"../../../Engine/Shaders/Private/LandscapePhysicalMaterial.usf" 2349
"../../../Engine/Shaders/Private/LandscapeGrassWeight.usf" 2350
"../../../Engine/Shaders/Private/Landscape/LandscapeCulling.usf" 2351
"../../../Engine/Shaders/Private/Nanite/NaniteHZBCull.ush" 2352
"../../../Engine/Shaders/Private/HZB.ush" 2353
"../../../Engine/Shaders/Private/Landscape/LandscapeMergeTexturesPS.usf" 2354
"../../../Engine/Shaders/Private/WideCustomResolveShaders.usf" 2355
"../../../Engine/Shaders/Private/WideCustomResolve_Wide.ush" 2356
"../../../Engine/Shaders/Private/WideCustomResolve_Wider.ush" 2357
"../../../Engine/Shaders/Private/WideCustomResolve_Widest.ush" 2358
"../../../Engine/Shaders/Private/WaterInfoTextureBlur.usf" 2359
"../../../Engine/Shaders/Private/WaterInfoTextureMerge.usf" 2360
"../../../Engine/Shaders/Private/PageTableUpdate.usf" 2361
"../../../Engine/Shaders/Private/VirtualTextureCompress.usf" 2362
"../../../Engine/Shaders/Private/ASTCCompressionCommon.ush" 2363
"../../../Engine/Shaders/Private/IntegerSequenceEncoding.ush" 2364
"../../../Engine/Shaders/Private/ETCCompressionCommon.ush" 2365
"../../../Engine/Shaders/Private/VirtualTextureMaterial.usf" 2366
"../../../Engine/Shaders/Private/PixelShaderOutputCommon.ush" 2367
"../../../Engine/Shaders/Private/ShaderOutputCommon.ush" 2368
"../../../Engine/Shaders/Private/VolumetricRenderTarget.usf" 2369
"../../../Engine/Shaders/Private/HeightFogCommon.ush" 2370
"../../../Engine/Shaders/Private/LocalFogVolumes/LocalFogVolumeCommon.ush" 2371
"../../../Engine/Shaders/Private/ReflectionEnvironmentShared.ush" 2372
"../../../Engine/Shaders/Private/VolumetricFogVoxelization.usf" 2373
"../../../Engine/Shaders/Private/VolumetricCloudMaterialPixelCommon.ush" 2374
"../../../Engine/Shaders/Private/VolumetricFogLightFunction.usf" 2375
"../../../Engine/Shaders/Private/LightFunctionCommon.ush" 2376
"../../../Engine/Shaders/Private/VolumetricFog.usf" 2377
"../../../Engine/Shaders/Private/DeferredLightingCommon.ush" 2378
"../../../Engine/Shaders/Private/DynamicLightingCommon.ush" 2379
"../../../Engine/Shaders/Private/CapsuleLightIntegrate.ush" 2380
"../../../Engine/Shaders/Private/CapsuleLightSampling.ush" 2381
"../../../Engine/Shaders/Private/RectLightIntegrate.ush" 2382
"../../../Engine/Shaders/Private/ScreenSpaceShadowRayCast.ush" 2383
"../../../Engine/Shaders/Private/LightFunctionAtlas/LightFunctionAtlasCommon.usf" 2384
"../../../Engine/Shaders/Private/HeterogeneousVolumes/HeterogeneousVolumesAdaptiveVolumetricShadowMapSampling.ush" 2385
"../../../Engine/Shaders/Private/HeterogeneousVolumes/HeterogeneousVolumesAdaptiveVolumetricShadowMapUtils.ush" 2386
"../../../Engine/Shaders/Private/HeterogeneousVolumes/HeterogeneousVolumesRayMarchingUtils.ush" 2387
"../../../Engine/Shaders/Private/HeterogeneousVolumes/HeterogeneousVolumesRayMarchingTypes.ush" 2388
"../../../Engine/Shaders/Private/PathTracing/Utilities/PathTracingRandomSequence.ush" 2389
"../../../Engine/Shaders/Private/HeterogeneousVolumes/HeterogeneousVolumesTracingUtils.ush" 2390
"../../../Engine/Shaders/Private/VelocityCommon.ush" 2391
"../../../Engine/Shaders/Private/HeterogeneousVolumes/HeterogeneousVolumesTransmittanceVolumeUtils.ush" 2392
"../../../Engine/Shaders/Private/ForwardShadowingCommon.ush" 2393
"../../../Engine/Shaders/Private/ShadowFilteringCommon.ush" 2394
"../../../Engine/Shaders/Private/PixelQuadMessagePassing.ush" 2395
"../../../Engine/Shaders/Private/VolumeLightingCommon.ush" 2396
"../../../Engine/Shaders/Private/ShadowProjectionCommon.ush" 2397
"../../../Engine/Shaders/Private/VolumeLightingCommonSampling.ush" 2398
"../../../Engine/Shaders/Private/Lumen/LumenTranslucencyVolumeShared.ush" 2399
"../../../Engine/Shaders/Private/Lumen/LumenRadianceCacheInterpolation.ush" 2400
"../../../Engine/Shaders/Private/HeterogeneousVolumes/HeterogeneousVolumesAdaptiveVolumetricShadowMapSampler.ush" 2401
"../../../Engine/Shaders/Private/LightGridCommon.ush" 2402
"../../../Engine/Shaders/Private/DistanceFieldAOShared.ush" 2403
"../../../Engine/Shaders/Private/IntersectionUtils.ush" 2404
"../../../Engine/Shaders/Private/VolumetricLightmapShared.ush" 2405
"../../../Engine/Shaders/Private/LightDataUniforms.ush" 2406
"../../../Engine/Shaders/Private/VirtualShadowMaps/VirtualShadowMapProjectionCommon.ush" 2407
"../../../Engine/Shaders/Private/VirtualShadowMaps/VirtualShadowMapPageAccessCommon.ush" 2408
"../../../Engine/Shaders/Shared/VirtualShadowMapDefinitions.h" 2409
"../../../Engine/Shaders/Shared/HLSLMathAliases.h" 2410
"../../../Engine/Shaders/Private/VirtualShadowMaps/VirtualShadowMapProjectionStructs.ush" 2411
"../../../Engine/Shaders/Private/VolumetricCloudCommon.ush" 2412
"../../../Engine/Shaders/Private/VolumetricCloud.usf" 2413
"../../../Engine/Shaders/Private/VisualizeVolumetricLightmap.usf" 2414
"../../../Engine/Shaders/Private/VirtualShadowMaps/VirtualShadowMapProjectionComposite.usf" 2415
"../../../Engine/Shaders/Private/LightShaderParameters.ush" 2416
"../../../Engine/Shaders/Private/VirtualShadowMaps/VirtualShadowMapMaskBitsCommon.ush" 2417
"../../../Engine/Shaders/Private/VirtualShadowMaps/VirtualShadowMapLightGrid.ush" 2418
"../../../Engine/Shaders/Private/VirtualShadowMaps/VirtualShadowMapProjection.usf" 2419
"../../../Engine/Shaders/Private/Visualization.ush" 2420
"../../../Engine/Shaders/Private/VirtualShadowMaps/VirtualShadowMapProjectionFilter.ush" 2421
"../../../Engine/Shaders/Private/VirtualShadowMaps/VirtualShadowMapProjectionDirectional.ush" 2422
"../../../Engine/Shaders/Private/VirtualShadowMaps/VirtualShadowMapSMRTCommon.ush" 2423
"../../../Engine/Shaders/Private/VirtualShadowMaps/VirtualShadowMapSMRTTemplate.ush" 2424
"../../../Engine/Shaders/Private/VirtualShadowMaps/VirtualShadowMapProjectionSpot.ush" 2425
"../../../Engine/Shaders/Private/VirtualShadowMaps/VirtualShadowMapTransmissionCommon.ush" 2426
"../../../Engine/Shaders/Private/VirtualShadowMaps/VirtualShadowMapScreenRayTrace.ush" 2427
"../../../Engine/Shaders/Private/VirtualShadowMaps/VirtualShadowMapStats.ush" 2428
"../../../Engine/Shaders/Private/HairStrands/HairStrandsVoxelPageCommon.ush" 2429
"../../../Engine/Shaders/Private/HairStrands/HairStrandsVoxelPageTraversal.ush" 2430
"../../../Engine/Shaders/Private/VirtualShadowMaps/VirtualShadowMapCacheGPUInvalidation.usf" 2431
"../../../Engine/Shaders/Private/VirtualShadowMaps/VirtualShadowMapPageCacheCommon.ush" 2432
"../../../Engine/Shaders/Private/VirtualShadowMaps/VirtualShadowMapCacheInvalidation.ush" 2433
"../../../Engine/Shaders/Private/VirtualShadowMaps/VirtualShadowMapPageOverlap.ush" 2434
"../../../Engine/Shaders/Private/ScreenSpaceDenoise/SSDDefinitions.ush" 2435
"../../../Engine/Shaders/Private/InstanceCulling/InstanceCullingLoadBalancer.ush" 2436
"../../../Engine/Shaders/Private/VirtualShadowMaps/VirtualShadowMapCacheLoadBalancer.usf" 2437
"../../../Engine/Shaders/Private/VirtualShadowMaps/VirtualShadowMapCopyStats.usf" 2438
"../../../Engine/Shaders/Private/VirtualShadowMaps/VirtualShadowMapDebug.usf" 2439
"../../../Engine/Shaders/Private/VirtualShadowMaps/Desaturate.usf" 2440
"../../../Engine/Shaders/Private/VirtualShadowMaps/VirtualShadowMapPhysicalPageManagement.usf" 2441
"../../../Engine/Shaders/Private/ReductionCommon.ush" 2442
"../../../Engine/Shaders/Private/GPUMessaging.ush" 2443
"../../../Engine/Shaders/Private/VirtualShadowMaps/VirtualShadowMapPerPageDispatch.ush" 2444
"../../../Engine/Shaders/Private/VirtualShadowMaps/VirtualShadowMapCompactViews.usf" 2445
"../../../Engine/Shaders/Shared/SceneCullingDefinitions.h" 2446
"../../../Engine/Shaders/Private/VirtualShadowMaps/VirtualShadowMapBuildPerPageDrawCommands.usf" 2447
"../../../Engine/Shaders/Private/Nanite/NaniteCullingCommon.ush" 2448
"../../../Engine/Shaders/Private/Nanite/NaniteCulling.ush" 2449
"../../../Engine/Shaders/Private/Nanite/NaniteHierarchyTraversalCommon.ush" 2450
"../../../Engine/Shaders/Private/InstanceCulling/InstanceCullingCommon.ush" 2451
"../../../Engine/Shaders/Shared/InstanceCullingDefinitions.h" 2452
"../../../Engine/Shaders/Private/VirtualShadowMaps/VirtualShadowMapPrintStats.usf" 2453
"../../../Engine/Shaders/Private/VirtualShadowMaps/VirtualShadowMapPageManagement.usf" 2454
"../../../Engine/Shaders/Private/VirtualShadowMaps/VirtualShadowMapPageMarking.usf" 2455
"../../../Engine/Shaders/Shared/SingleLayerWaterDefinitions.h" 2456
"../../../Engine/Shaders/Private/HairStrands/HairStrandsTileCommon.ush" 2457
"../../../Engine/Shaders/Private/Froxel/Froxel.ush" 2458
"../../../Engine/Shaders/Shared/FroxelDefinitions.h" 2459
"../../../Engine/Shaders/Private/DiaphragmDOF/DOFCommon.ush" 2460
"../../../Engine/Shaders/Private/VariableRateShading/VRSShadingRatePreview.usf" 2461
"../../../Engine/Shaders/Private/VariableRateShading/VRSShadingRateCommon.ush" 2462
"../../../Engine/Shaders/Private/VariableRateShading/VRSShadingRateCombine.usf" 2463
"../../../Engine/Shaders/Private/VariableRateShading/VRSShadingRateFoveated.usf" 2464
"../../../Engine/Shaders/Private/VariableRateShading/VRSShadingRateReproject.usf" 2465
"../../../Engine/Shaders/Private/VariableRateShading/VRSShadingRateCalculate.usf" 2466
"../../../Engine/Shaders/Private/TranslucencyUpsampling.usf" 2467
"../../../Engine/Shaders/Private/ComposeSeparateTranslucency.usf" 2468
"../../../Engine/Shaders/Private/SeparateTranslucency.ush" 2469
"../../../Engine/Shaders/Private/TranslucentLightInjectionShaders.usf" 2470
"../../../Engine/Shaders/Private/TranslucentShadowDepthShaders.usf" 2471
"../../../Engine/Shaders/Private/ShadowDepthCommon.ush" 2472
"../../../Engine/Shaders/Private/RayTracing/RayTracingTest.usf" 2473
"../../../Engine/Shaders/Private/PostprocessSubsurfaceTile.usf" 2474
"../../../Engine/Shaders/Private/PostProcessSubsurfaceCommon.ush" 2475
"../../../Engine/Shaders/Private/Substrate/SubstrateVisualize.usf" 2476
"../../../Engine/Shaders/Private/Substrate/SubstrateTile.ush" 2477
"../../../Engine/Shaders/Shared/SubstrateVisualizeDefinitions.h" 2478
"../../../Engine/Shaders/Private/Substrate/SubstrateVisualizeCommon.ush" 2479
"../../../Engine/Shaders/Private/SkyLightingDiffuseShared.ush" 2480
"../../../Engine/Shaders/Private/SkyLightingShared.ush" 2481
"../../../Engine/Shaders/Private/ClearCoatCommon.ush" 2482
"../../../Engine/Shaders/Private/ReflectionEnvironmentComposite.ush" 2483
"../../../Engine/Shaders/Private/Substrate/SubstrateLightingCommon.ush" 2484
"../../../Engine/Shaders/Private/Substrate/SubstrateRoughRefraction.usf" 2485
"../../../Engine/Shaders/Private/PathTracing/Material/PathTracingFresnel.ush" 2486
"../../../Engine/Shaders/Private/PathTracing/Material/PathTracingGlossy.ush" 2487
"../../../Engine/Shaders/Private/Substrate/SubstrateMaterialSampling.usf" 2488
"../../../Engine/Shaders/Private/Substrate/SubstrateMaterialSampling.ush" 2489
"../../../Engine/Shaders/Private/Lumen/LumenPosition.ush" 2490
"../../../Engine/Shaders/Private/Substrate/SubstrateTile.usf" 2491
"../../../Engine/Shaders/Private/Substrate/SubstrateMaterialClassification.usf" 2492
"../../../Engine/Shaders/Private/Substrate/SubstrateDBuffer.usf" 2493
"../../../Engine/Shaders/Private/StochasticLighting/StochasticLightingDenoising.usf" 2494
"../../../Engine/Shaders/Private/Lumen/LumenMaterial.ush" 2495
"../../../Engine/Shaders/Private/StochasticLighting/StochasticLightingCommon.ush" 2496
"../../../Engine/Shaders/Private/SplineMeshSceneTexture.usf" 2497
"../../../Engine/Shaders/Private/SparseVolumeTexture/VisualizeSparseVolumeTexture.usf" 2498
"../../../Engine/Shaders/Private/SkyAtmosphere.usf" 2499
"../../../Engine/Shaders/Private/Skinning/SkinnedMeshDebug.usf" 2500
"../../../Engine/Shaders/Private/Skinning/AnimBankEval.usf" 2501
"../../../Engine/Shaders/Private/SingleLayerWaterComposite.usf" 2502
"../../../Engine/Shaders/Private/Froxel/FroxelBuild.ush" 2503
"../../../Engine/Shaders/Private/SingleLayerWaterRefractionCulling.usf" 2504
"../../../Engine/Shaders/Private/ScreenSpaceShadows.usf" 2505
"../../../Engine/Shaders/Private/bend_sss_gpu.ush" 2506
"../../../Engine/Shaders/Private/ShadowFactorsUpsampleCommon.ush" 2507
"../../../Engine/Shaders/Private/FirstPersonSelfShadow.usf" 2508
"../../../Engine/Shaders/Private/HZBTracing.ush" 2509
"../../../Engine/Shaders/Private/ShadowProjectionVertexShader.usf" 2510
"../../../Engine/Shaders/Private/ShadowProjectionPixelShader.usf" 2511
"../../../Engine/Shaders/Private/MobileLightingCommon.ush" 2512
"../../../Engine/Shaders/Private/PlanarReflectionShared.ush" 2513
"../../../Engine/Shaders/Private/MobileSSR.ush" 2514
"../../../Engine/Shaders/Private/SSRT/SSRTRayCast.ush" 2515
"../../../Engine/Shaders/Private/ShadowPercentageCloserFiltering.ush" 2516
"../../../Engine/Shaders/Private/TransmissionThickness.ush" 2517
"../../../Engine/Shaders/Private/CopyShadowMaps.usf" 2518
"../../../Engine/Shaders/Private/ShadowDepthPixelShader.usf" 2519
"../../../Engine/Shaders/Private/ShadowDepthVertexShader.usf" 2520
"../../../Engine/Shaders/Private/ShadingEnergyConservationTable.usf" 2521
"../../../Engine/Shaders/Shared/PathTracingDefinitions.h" 2522
"../../../Engine/Shaders/Private/ShadingFurnaceTest.usf" 2523
"../../../Engine/Shaders/Private/Substrate/SubstrateDeferredLighting.ush" 2524
"../../../Engine/Shaders/Private/ShaderPrintDraw.usf" 2525
"../../../Engine/Shaders/Private/ShaderPrintDrawPrimitive.usf" 2526
"../../../Engine/Shaders/Private/DefaultSSRTiles.usf" 2527
"../../../Engine/Shaders/Private/ScreenSpaceReflectionTileCommons.ush" 2528
"../../../Engine/Shaders/Private/SSRT/SSRTDiffuseIndirect.usf" 2529
"../../../Engine/Shaders/Private/SSRT/SSRTTileClassificationBuffer.ush" 2530
"../../../Engine/Shaders/Private/SSRT/SSRTReflections.usf" 2531
"../../../Engine/Shaders/Private/ScreenSpaceDenoise/SSDPublic.ush" 2532
"../../../Engine/Shaders/Private/SSRT/SSRTTileClassification.usf" 2533
"../../../Engine/Shaders/Private/SSRT/SSRTPrevFrameReduction.usf" 2534
"../../../Engine/Shaders/Private/ScreenSpaceDenoise/SSDComposeHarmonics.usf" 2535
"../../../Engine/Shaders/Private/ScreenSpaceDenoise/SSDPublicHarmonics.ush" 2536
"../../../Engine/Shaders/Private/ScreenSpaceDenoise/SSDSignalFramework.ush" 2537
"../../../Engine/Shaders/Private/ScreenSpaceDenoise/SSDCommon.ush" 2538
"../../../Engine/Shaders/Private/SphericalGaussian.ush" 2539
"../../../Engine/Shaders/Public/WaveBroadcastIntrinsics.ush" 2540
"../../../Engine/Shaders/Private/ScreenSpaceDenoise/SSDMetadata.ush" 2541
"../../../Engine/Shaders/Private/ScreenSpaceDenoise/SSDSignalCore.ush" 2542
"../../../Engine/Shaders/Private/ScreenSpaceDenoise/DenoisingCommon.ush" 2543
"../../../Engine/Shaders/Private/ScreenSpaceDenoise/SSDSignalArray.ush" 2544
"../../../Engine/Shaders/Private/ScreenSpaceDenoise/SSDSignalBufferEncoding.ush" 2545
"../../../Engine/Shaders/Private/ScreenSpaceDenoise/SSDPublicBufferEncoding.ush" 2546
"../../../Engine/Shaders/Private/Lumen/LumenBufferEncoding.ush" 2547
"../../../Engine/Shaders/Private/ScreenSpaceDenoise/SSDTemporalAccumulation.usf" 2548
"../../../Engine/Shaders/Private/ScreenSpaceDenoise/SSDSpatialKernel.ush" 2549
"../../../Engine/Shaders/Private/ScreenSpaceDenoise/SSDSignalAccumulatorArray.ush" 2550
"../../../Engine/Shaders/Private/ScreenSpaceDenoise/SSDSignalAccumulator.ush" 2551
"../../../Engine/Shaders/Private/ScreenSpaceDenoise/SSDSignalCompression.ush" 2552
"../../../Engine/Shaders/Private/ScreenSpaceDenoise/SSDSpatialAccumulation.usf" 2553
"../../../Engine/Shaders/Private/ScreenSpaceDenoise/SSDInjest.usf" 2554
"../../../Engine/Shaders/Private/ScreenSpaceDenoise/SSDCompressMetadata.usf" 2555
"../../../Engine/Shaders/Private/DownsampleDepthPixelShader.usf" 2556
"../../../Engine/Shaders/Private/ScreenPass.usf" 2557
"../../../Engine/Shaders/Private/HZB.usf" 2558
"../../../Engine/Shaders/Private/OcclusionFeedbackShaders.usf" 2559
"../../../Engine/Shaders/Private/HZBOcclusion.usf" 2560
"../../../Engine/Shaders/Private/OcclusionQueryPixelShader.usf" 2561
"../../../Engine/Shaders/Private/OcclusionQueryVertexShader.usf" 2562
"../../../Engine/Shaders/Private/HitProxyCopy.usf" 2563
"../../../Engine/Shaders/Private/HitProxyPixelShader.usf" 2564
"../../../Engine/Shaders/Private/HitProxyVertexShader.usf" 2565
"../../../Engine/Shaders/Private/SceneCulling/SceneCullingDebugRender.usf" 2566
"../../../Engine/Shaders/Private/SceneCulling/SceneCulling.ush" 2567
"../../../Engine/Shaders/Private/SceneCulling/SceneCullingBuildExplicitBounds.usf" 2568
"../../../Engine/Shaders/Private/SceneCapturePixelShader.usf" 2569
"../../../Engine/Shaders/Private/RendererUtils.usf" 2570
"../../../Engine/Shaders/Private/RTWriteMaskDecode.usf" 2571
"../../../Engine/Shaders/Private/ReflectionEnvironmentShaders.usf" 2572
"../../../Engine/Shaders/Private/RectLightAtlas.usf" 2573
"../../../Engine/Shaders/Private/RayTracing/TraceRayInlineStatistics.usf" 2574
"../../../Engine/Shaders/Private/RayTracing/CompositeSkyLightPS.usf" 2575
"../../../Engine/Shaders/Private/RayTracing/GenerateSkyLightVisibilityRaysCS.usf" 2576
"../../../Engine/Shaders/Private/RayTracing/RayTracingSkyLightCommon.ush" 2577
"../../../Engine/Shaders/Private/RayTracing/SkyLightVisibilityRaysData.ush" 2578
"../../../Engine/Shaders/Private/Raytracing/RaytracingSkylightRGS.usf" 2579
"../../../Engine/Shaders/Private/HairStrands/HairStrandsRaytracing.ush" 2580
"../../../Engine/Shaders/Private/Raytracing/RayTracingSkyLightEvaluation.ush" 2581
"../../../Engine/Shaders/Private/Raytracing/RayTracingDeferredShadingCommon.ush" 2582
"../../../Engine/Shaders/Private/RayTracing/RayTracingOcclusionRGS.usf" 2583
"../../../Engine/Shaders/Private/RayTracing/RayTracingDirectionalLight.ush" 2584
"../../../Engine/Shaders/Private/RayTracing/RayTracingRectLight.ush" 2585
"../../../Engine/Shaders/Private/RayTracing/RayTracingSphereLight.ush" 2586
"../../../Engine/Shaders/Private/RayTracing/RayTracingCapsuleLight.ush" 2587
"../../../Engine/Shaders/Private/Raytracing/RayTracingFeedback.usf" 2588
"../../../Engine/Shaders/Shared/RayTracingDebugTypes.h" 2589
"../../../Engine/Shaders/Private/RayTracing/RayTracingPrimaryRays.usf" 2590
"../../../Engine/Shaders/Private/RayTracing/RayTracingLightingCommon.ush" 2591
"../../../Engine/Shaders/Private/RayTracing/RayTracingLightCullingCommon.ush" 2592
"../../../Engine/Shaders/Private/RayTracing/RayTracingMaterialDefaultHitShaders.usf" 2593
"../../../Engine/Shaders/Private/RayTracing/RayTracingMaterialHitShaders.usf" 2594
"../../../Engine/Shaders/Private/RayTracing/RayTracingShaderUtils.ush" 2595
"../../../Engine/Shaders/Private/RayTracing/RayTracingCalcInterpolants.ush" 2596
"../../../Engine/Shaders/Private/LightmapCommon.ush" 2597
"../../../Engine/Shaders/Private/Lumen/LumenHardwareRayTracingPayloadCommon.ush" 2598
"../../../Engine/Shaders/Shared/LumenDefinitions.h" 2599
"../../../Engine/Shaders/Private/Substrate/SubstrateExport.ush" 2600
"../../../Engine/Shaders/Private/RayTracing/RayTracingLightingMS.usf" 2601
"../../../Engine/Shaders/Private/Lumen/LumenDiffuseColorBoost.ush" 2602
"../../../Engine/Shaders/Private/RayTracing/RayTracingLightFunctionCommon.ush" 2603
"../../../Engine/Shaders/Private/RayTracing/RayTracingBuildLightGrid.usf" 2604
"../../../Engine/Shaders/Private/Raytracing/RayTracingInstanceBufferUtil.usf" 2605
"../../../Engine/Shaders/Private/RayTracing/RayTracingDynamicMesh.usf" 2606
"../../../Engine/Shaders/Private/RayTracing/RayTracingDefaultDecalHitShader.usf" 2607
"../../../Engine/Shaders/Private/RayTracing/RayTracingDecalMaterialShader.usf" 2608
"../../../Engine/Shaders/Private/PathTracing/PathTracingShaderUtils.ush" 2609
"../../../Engine/Shaders/Private/PathTracing/PathTracingCommon.ush" 2610
"../../../Engine/Shaders/Private/PathTracing/Material/PathTracingMaterialCommon.ush" 2611
"../../../Engine/Shaders/Private/PathTracing/Utilities/PathTracingRIS.ush" 2612
"../../../Engine/Shaders/Private/RayTracing/RayTracingBuildDecalGrid.usf" 2613
"../../../Engine/Shaders/Private/RayTracing/RayTracingDebugHitStatsUtils.usf" 2614
"../../../Engine/Shaders/Private/RayTracing/RayTracingDebugInstanceOverlap.usf" 2615
"../../../Engine/Shaders/Private/RayTracing/RayTracingDebugPicking.usf" 2616
"../../../Engine/Shaders/Private/RayTracing/RayTracingDebugUtils.ush" 2617
"../../../Engine/Shaders/Private/RayTracing/RayTracingDebugTraversal.usf" 2618
"../../../Engine/Shaders/Private/RayTracing/RayTracingDeferredMaterials.ush" 2619
"../../../Engine/Shaders/Shared/ThirdParty/AMD/ags_shader_intrinsics_dx12.h" 2620
"../../../Engine/Shaders/Shared/RayTracingDebugDefinitions.h" 2621
"../../../Engine/Shaders/Private/RayTracing/RayTracingDebugHitStatsCHS.usf" 2622
"../../../Engine/Shaders/Private/RayTracing/RayTracingDebugHitStats.usf" 2623
"../../../Engine/Shaders/Private/RayTracing/RayTracingDebugMS.usf" 2624
"../../../Engine/Shaders/Private/RayTracing/RayTracingDebugCHS.usf" 2625
"../../../Engine/Shaders/Private/RayTracing/RayTracingDebug.usf" 2626
"../../../Engine/Shaders/Private/RayTracing/RayTracingBuiltInShaders.usf" 2627
"../../../Engine/Shaders/Private/RayTracing/RayTracingBarycentrics.usf" 2628
"../../../Engine/Shaders/Private/RayTracing/RayTracingAmbientOcclusionRGS.usf" 2629
"../../../Engine/Shaders/Private/VisualizeShadingModels.usf" 2630
"../../../Engine/Shaders/Private/MotionBlur/VisualizeMotionVectors.usf" 2631
"../../../Engine/Shaders/Private/TemporalSuperResolution/TSRVisualize.usf" 2632
"../../../Engine/Shaders/Private/TemporalSuperResolution/TSRColorSpace.ush" 2633
"../../../Engine/Shaders/Private/TemporalSuperResolution/TSRCommon.ush" 2634
"../../../Engine/Shaders/Public/DualPixelVectorization.ush" 2635
"../../../Engine/Shaders/Private/TemporalSuperResolution/TSRReprojectionField.ush" 2636
"../../../Engine/Shaders/Private/TemporalSuperResolution/TSRResolveHistory.usf" 2637
"../../../Engine/Shaders/Private/TemporalSuperResolution/TSRConvolutionNetwork.ush" 2638
"../../../Engine/Shaders/Private/TemporalSuperResolution/TSRKernels.ush" 2639
"../../../Engine/Shaders/Public/LaneVectorization.ush" 2640
"../../../Engine/Shaders/Private/TemporalSuperResolution/TSRUpdateHistory.usf" 2641
"../../../Engine/Shaders/Private/TemporalSuperResolution/TSRSpatialAntiAliasing.ush" 2642
"../../../Engine/Shaders/Private/TemporalSuperResolution/TSRSpatialAntiAliasing.usf" 2643
"../../../Engine/Shaders/Private/TemporalSuperResolution/TSRRejectShading.usf" 2644
"../../../Engine/Shaders/Private/TemporalSuperResolution/TSRShadingAnalysis.ush" 2645
"../../../Engine/Shaders/Private/TemporalSuperResolution/TSRConvolutionNetworkPass.ush" 2646
"../../../Engine/Shaders/Private/TemporalSuperResolution/TSRDecimateHistory.usf" 2647
"../../../Engine/Shaders/Private/TemporalSuperResolution/TSRDepthVelocityAnalysis.ush" 2648
"../../../Engine/Shaders/Private/TemporalSuperResolution/TSRClosestOccluder.ush" 2649
"../../../Engine/Shaders/Private/TemporalSuperResolution/TSRWeightRelaxation.usf" 2650
"../../../Engine/Shaders/Private/TemporalSuperResolution/TSRThinGeometryCommon.ush" 2651
"../../../Engine/Shaders/Private/TemporalSuperResolution/TSRDetectThinGeometry.usf" 2652
"../../../Engine/Shaders/Private/TemporalSuperResolution/TSRDilateVelocity.usf" 2653
"../../../Engine/Shaders/Private/MotionBlur/MotionBlurVelocityFlatten.ush" 2654
"../../../Engine/Shaders/Private/MotionBlur/MotionBlurCommon.ush" 2655
"../../../Engine/Shaders/Private/TemporalSuperResolution/TSRClearPrevTextures.usf" 2656
"../../../Engine/Shaders/Private/TemporalSuperResolution/TSRMeasureCoverage.usf" 2657
"../../../Engine/Shaders/Private/TemporalSuperResolution/TSRMeasureFlickeringLuma.usf" 2658
"../../../Engine/Shaders/Private/TemporalAA.usf" 2659
"../../../Engine/Shaders/Private/FilterPixelShader.usf" 2660
"../../../Engine/Shaders/Private/FilterVertexShader.usf" 2661
"../../../Engine/Shaders/Private/VisualizeVirtualTexture.usf" 2662
"../../../Engine/Shaders/Private/PostProcessVisualizeBuffer.usf" 2663
"../../../Engine/Shaders/Private/PostProcessVisualizeLocalExposure.usf" 2664
"../../../Engine/Shaders/Private/PostProcessHistogramCommon.ush" 2665
"../../../Engine/Shaders/Private/TonemapCommon.ush" 2666
"../../../Engine/Shaders/Private/ACES/ACESCommon.ush" 2667
"../../../Engine/Shaders/Private/ACES/ACESOutputTransform.ush" 2668
"../../../Engine/Shaders/Private/ACES/ACESUtilities.ush" 2669
"../../../Engine/Shaders/Private/ACES/ACESTonescale.ush" 2670
"../../../Engine/Shaders/Private/ACES/ACESDisplayEncoding.ush" 2671
"../../../Engine/Shaders/Private/ACES/ACES_v1.3.ush" 2672
"../../../Engine/Shaders/Private/PostProcessVisualizeLevelInstance.usf" 2673
"../../../Engine/Shaders/Private/PostProcessVisualizeHDR.usf" 2674
"../../../Engine/Shaders/Private/ShaderComplexityApplyPixelShader.usf" 2675
"../../../Engine/Shaders/Private/QuadOverdraw.ush" 2676
"../../../Engine/Shaders/Private/PostProcessUpscale.usf" 2677
"../../../Engine/Shaders/Private/PostProcessTonemap.usf" 2678
"../../../Engine/Shaders/Private/PostProcessing/FilmGrainPackConstants.usf" 2679
"../../../Engine/Shaders/Private/PostProcessing/FilmGrainReduce.usf" 2680
"../../../Engine/Shaders/Private/PostProcessTestImage.usf" 2681
"../../../Engine/Shaders/Private/PostProcessSubsurface.usf" 2682
"../../../Engine/Shaders/Private/SeparableSSS.ush" 2683
"../../../Engine/Shaders/Private/SubsurfaceBurleyNormalized.ush" 2684
"../../../Engine/Shaders/Private/PostProcessSelectionOutline.usf" 2685
"../../../Engine/Shaders/Private/MotionBlur/MotionBlurVisualize.usf" 2686
"../../../Engine/Shaders/Private/MotionBlur/MotionBlurApply.usf" 2687
"../../../Engine/Shaders/Private/MotionBlur/MotionBlurFilterTileClassify.usf" 2688
"../../../Engine/Shaders/Private/MotionBlur/MotionBlurTileScatter.usf" 2689
"../../../Engine/Shaders/Private/MotionBlur/MotionBlurTileGather.usf" 2690
"../../../Engine/Shaders/Private/MotionBlur/MotionBlurVelocityFlatten.usf" 2691
"../../../Engine/Shaders/Private/PostProcessMobile.usf" 2692
"../../../Engine/Shaders/Private/PostProcessMitchellNetravali.usf" 2693
"../../../Engine/Shaders/Private/PostProcessMaterialShaders.usf" 2694
"../../../Engine/Shaders/Private/NeuralPostProcessCommon.usf" 2695
"../../../Engine/Shaders/Private/PostProcessLocalExposure.usf" 2696
"../../../Engine/Shaders/Private/PostProcessLensFlares.usf" 2697
"../../../Engine/Shaders/Private/PostProcessGBufferHints.usf" 2698
"../../../Engine/Shaders/Private/PostProcessHMD.usf" 2699
"../../../Engine/Shaders/Private/Histogram.usf" 2700
"../../../Engine/Shaders/Private/PostProcessHistogramReduce.usf" 2701
"../../../Engine/Shaders/Private/PostProcessHistogram.usf" 2702
"../../../Engine/Shaders/Private/Bloom/BloomFinalizeApplyConstants.usf" 2703
"../../../Engine/Shaders/Private/Bloom/BloomCommon.ush" 2704
"../../../Engine/Shaders/Private/Bloom/BloomResizeKernel.usf" 2705
"../../../Engine/Shaders/Private/Bloom/BloomDownsampleKernel.usf" 2706
"../../../Engine/Shaders/Private/Bloom/BloomClampKernel.usf" 2707
"../../../Engine/Shaders/Private/Bloom/BloomPackKernelConstants.usf" 2708
"../../../Engine/Shaders/Private/Bloom/BloomSumScatterDispersionEnergy.usf" 2709
"../../../Engine/Shaders/Private/Bloom/BloomReduceKernelSurvey.usf" 2710
"../../../Engine/Shaders/Private/Bloom/BloomSurveyKernelCenterEnergy.usf" 2711
"../../../Engine/Shaders/Private/Bloom/BloomSurveyMaxScatterDispersion.usf" 2712
"../../../Engine/Shaders/Private/Bloom/BloomFindKernelCenter.usf" 2713
"../../../Engine/Shaders/Private/PostProcessEyeAdaptation.usf" 2714
"../../../Engine/Shaders/Private/TranslucencyVolumeCommon.ush" 2715
"../../../Engine/Shaders/Private/PostProcessEyeAdaptationUtils.usf" 2716
"../../../Engine/Shaders/Private/PostProcessDownsample.usf" 2717
"../../../Engine/Shaders/Private/PostProcessDOF.usf" 2718
"../../../Engine/Shaders/Private/PostProcessDeviceEncodingOnly.usf" 2719
"../../../Engine/Shaders/Private/PostProcessCompositePrimitives.usf" 2720
"../../../Engine/Shaders/Private/PostProcessCombineLUTs.usf" 2721
"../../../Engine/Shaders/Private/PostProcessVisualizeDOF.usf" 2722
"../../../Engine/Shaders/Private/PostProcessBloom.usf" 2723
"../../../Engine/Shaders/Private/PostProcessAmbientOcclusionMobile.usf" 2724
"../../../Engine/Shaders/Private/PostProcessAmbientOcclusionCommon.ush" 2725
"../../../Engine/Shaders/Private/FXAAShader.usf" 2726
"../../../Engine/Shaders/Private/Fxaa3_11.ush" 2727
"../../../Engine/Shaders/Private/PaniniProjection.usf" 2728
"../../../Engine/Shaders/Private/DiaphragmDOF/DOFRecombine.usf" 2729
"../../../Engine/Shaders/Private/DiaphragmDOF/DOFHybridScatterPixelShader.usf" 2730
"../../../Engine/Shaders/Private/DiaphragmDOF/DOFHybridScatterCommon.ush" 2731
"../../../Engine/Shaders/Private/DiaphragmDOF/DOFVignetteCommon.ush" 2732
"../../../Engine/Shaders/Private/DiaphragmDOF/DOFHybridScatterVertexShader.usf" 2733
"../../../Engine/Shaders/Private/DiaphragmDOF/DOFPostfiltering.usf" 2734
"../../../Engine/Shaders/Private/DiaphragmDOF/DOFGatherTileSuggest.ush" 2735
"../../../Engine/Shaders/Private/DiaphragmDOF/DOFCocTileCommon.ush" 2736
"../../../Engine/Shaders/Private/DiaphragmDOF/DOFGatherPass.usf" 2737
"../../../Engine/Shaders/Private/DiaphragmDOF/DOFGatherCommon.ush" 2738
"../../../Engine/Shaders/Private/DiaphragmDOF/DOFGatherAccumulator.ush" 2739
"../../../Engine/Shaders/Private/DiaphragmDOF/DOFGatherKernel.ush" 2740
"../../../Engine/Shaders/Private/DiaphragmDOF/DOFBokehLUT.usf" 2741
"../../../Engine/Shaders/Private/DiaphragmDOF/DOFHybridScatterCompilation.usf" 2742
"../../../Engine/Shaders/Private/DiaphragmDOF/DOFReduce.usf" 2743
"../../../Engine/Shaders/Private/DiaphragmDOF/DOFDownsample.ush" 2744
"../../../Engine/Shaders/Private/DiaphragmDOF/DOFHybridScatterCompilation.ush" 2745
"../../../Engine/Shaders/Private/DiaphragmDOF/DOFDownsample.usf" 2746
"../../../Engine/Shaders/Private/DiaphragmDOF/DOFCocTileDilate.usf" 2747
"../../../Engine/Shaders/Private/DiaphragmDOF/DOFCocTileFlatten.usf" 2748
"../../../Engine/Shaders/Private/DiaphragmDOF/DOFSetup.usf" 2749
"../../../Engine/Shaders/Private/Tools/DebugAlphaChannel.usf" 2750
"../../../Engine/Shaders/Private/PostProcessAlphaInvert.usf" 2751
"../../../Engine/Shaders/Private/PlanarReflectionShaders.usf" 2752
"../../../Engine/Shaders/Private/PhysicsFieldVisualizer.usf" 2753
"../../../Engine/Shaders/Private/PathTracing/PathTracingSpatialTemporalDenoising.usf" 2754
"../../../Engine/Shaders/Private/ColorDifference.ush" 2755
"../../../Engine/Shaders/Private/PathTracing/PathTracingCompositingPixelShader.usf" 2756
"../../../Engine/Shaders/Private/PathTracing/PathTracingAdaptiveUtils.ush" 2757
"../../../Engine/Shaders/Private/PathTracing/PathTracingDefaultHitShader.usf" 2758
"../../../Engine/Shaders/Private/PathTracing/PathTracingGPULightmassMaterialHitShader.usf" 2759
"../../../Engine/Shaders/Private/PathTracing/PathTracingMaterialHitShader.usf" 2760
"../../../Engine/Shaders/Private/PathTracing/Material/PathTracingSubstrateCommon.ush" 2761
"../../../Engine/Shaders/Private/PathTracing/PathTracingLightingMissShader.usf" 2762
"../../../Engine/Shaders/Private/PathTracing/PathTracingMissShader.usf" 2763
"../../../Engine/Shaders/Private/PathTracing/PathTracingAdaptiveStart.usf" 2764
"../../../Engine/Shaders/Private/PathTracing/PathTracingBuildAdaptiveError.usf" 2765
"../../../Engine/Shaders/Private/PathTracing/PathTracingVolumetricCloudMaterialShader.usf" 2766
"../../../Engine/Shaders/Private/PathTracing/Volume/PathTracingCloudsMaterialCommon.ush" 2767
"../../../Engine/Shaders/Private/PathTracing/Volume/PathTracingVolumeCommon.ush" 2768
"../../../Engine/Shaders/Private/PathTracing/Volume/PathTracingCloudsCommon.ush" 2769
"../../../Engine/Shaders/Private/PathTracing/Volume/PathTracingFog.ush" 2770
"../../../Engine/Shaders/Private/PathTracing/Volume/PathTracingAtmosphere.ush" 2771
"../../../Engine/Shaders/Private/PathTracing/Volume/PathTracingAtmosphereCommon.ush" 2772
"../../../Engine/Shaders/Private/PathTracing/Volume/PathTracingVolumeSampling.ush" 2773
"../../../Engine/Shaders/Private/PathTracing/PathTracingBuildCloudAccelerationMap.usf" 2774
"../../../Engine/Shaders/Private/PathTracing/PathTracingBuildAtmosphereLUT.usf" 2775
"../../../Engine/Shaders/Private/PathTracing/PathTracingSwizzleScanlines.usf" 2776
"../../../Engine/Shaders/Private/PathTracing/PathTracingInitExtinctionCoefficient.usf" 2777
"../../../Engine/Shaders/Private/PathTracing/PathTracingCopyDepth.usf" 2778
"../../../Engine/Shaders/Private/PathTracing/PathTracingDebug.usf" 2779
"../../../Engine/Shaders/Private/RayTracing/RayTracingDecalGrid.ush" 2780
"../../../Engine/Shaders/Private/PathTracing/Material/PathTracingMaterialSampling.ush" 2781
"../../../Engine/Shaders/Private/PathTracing/Material/PathTracingLambert.ush" 2782
"../../../Engine/Shaders/Private/PathTracing/Material/PathTracingSubstrate.ush" 2783
"../../../Engine/Shaders/Private/PathTracing/Material/PathTracingSubstrateFoliage.ush" 2784
"../../../Engine/Shaders/Private/PathTracing/Material/PathTracingSubstrateSolidGlass.ush" 2785
"../../../Engine/Shaders/Private/PathTracing/Material/PathTracingSubstrateThinGlass.ush" 2786
"../../../Engine/Shaders/Private/PathTracing/Material/PathTracingSolidGlass.ush" 2787
"../../../Engine/Shaders/Private/PathTracing/Material/PathTracingEnergyConservation.ush" 2788
"../../../Engine/Shaders/Private/PathTracing/Material/PathTracingThinGlass.ush" 2789
"../../../Engine/Shaders/Private/PathTracing/Material/PathTracingDefaultLit.ush" 2790
"../../../Engine/Shaders/Private/PathTracing/Material/PathTracingClearCoat.ush" 2791
"../../../Engine/Shaders/Private/PathTracing/Material/PathTracingTwoSidedFoliage.ush" 2792
"../../../Engine/Shaders/Private/PathTracing/Material/PathTracingCloth.ush" 2793
"../../../Engine/Shaders/Private/PathTracing/Material/PathTracingSubsurfaceProfile.ush" 2794
"../../../Engine/Shaders/Private/PathTracing/Material/PathTracingEye.ush" 2795
"../../../Engine/Shaders/Private/PathTracing/Material/PathTracingHair.ush" 2796
"../../../Engine/Shaders/Private/PathTracing/Material/PathTracingMedium.ush" 2797
"../../../Engine/Shaders/Private/PathTracing/Light/PathTracingLightSampling.ush" 2798
"../../../Engine/Shaders/Private/PathTracing/Light/PathTracingLightCommon.ush" 2799
"../../../Engine/Shaders/Private/PathTracing/Light/PathTracingDirectionalLight.ush" 2800
"../../../Engine/Shaders/Private/PathTracing/Light/PathTracingPointLight.ush" 2801
"../../../Engine/Shaders/Private/PathTracing/Light/PathTracingCapsuleLight.ush" 2802
"../../../Engine/Shaders/Private/PathTracing/Light/PathTracingRectLight.ush" 2803
"../../../Engine/Shaders/Private/PathTracing/Light/PathTracingSkyLight.ush" 2804
"../../../Engine/Shaders/Private/PathTracing/Light/PathTracingLightGrid.ush" 2805
"../../../Engine/Shaders/Private/PathTracing/PathTracing.usf" 2806
"../../../Engine/Shaders/Private/PathTracing/PathTracingCore.ush" 2807
"../../../Engine/Shaders/Private/HeterogeneousVolumes/HeterogeneousVolumesVoxelGridTypes.ush" 2808
"../../../Engine/Shaders/Private/PathTracing/Volume/PathTracingVolume.ush" 2809
"../../../Engine/Shaders/Private/PathTracing/Volume/PathTracingClouds.ush" 2810
"../../../Engine/Shaders/Private/PathTracing/Volume/PathTracingHeterogeneousVolumes.ush" 2811
"../../../Engine/Shaders/Private/HeterogeneousVolumes/HeterogeneousVolumesVoxelGridTraversal.ush" 2812
"../../../Engine/Shaders/Private/HeterogeneousVolumes/HeterogeneousVolumesVoxelGridUtils.ush" 2813
"../../../Engine/Shaders/Private/HeterogeneousVolumes/HeterogeneousVolumesFrustumVoxelGridUtils.ush" 2814
"../../../Engine/Shaders/Private/PathTracing/PathTracingBuildLightGrid.usf" 2815
"../../../Engine/Shaders/Private/PathTracing/PathTracingSkylightMISCompensation.usf" 2816
"../../../Engine/Shaders/Private/PathTracing/PathTracingSkylightPrepare.usf" 2817
"../../../Engine/Shaders/Private/OIT/OITSorting.usf" 2818
"../../../Engine/Shaders/Private/OITCombine.usf" 2819
"../../../Engine/Shaders/Private/OITCommon.ush" 2820
"../../../Engine/Shaders/Private/Nanite/Voxel/RasterizeBricks.usf" 2821
"../../../Engine/Shaders/Private/Nanite/Voxel/Brick.ush" 2822
"../../../Engine/Shaders/Private/Nanite/Voxel/Voxel.ush" 2823
"../../../Engine/Shaders/Private/Nanite/Voxel/ScatterBricks.usf" 2824
"../../../Engine/Shaders/Private/Nanite/Voxel/TileBricks.usf" 2825
"../../../Engine/Shaders/Private/Nanite/Voxel/AutoVoxel.usf" 2826
"../../../Engine/Shaders/Private/Nanite/NaniteDebugViews.usf" 2827
"../../../Engine/Shaders/Private/Nanite/NaniteEditorCommon.ush" 2828
"../../../Engine/Shaders/Private/BinarySearch.ush" 2829
"../../../Engine/Shaders/Private/Nanite/NaniteDepthDecode.usf" 2830
"../../../Engine/Shaders/Private/HTileEncoding.ush" 2831
"../../../Engine/Shaders/Private/Nanite/NaniteVisualize.usf" 2832
"../../../Engine/Shaders/Private/Nanite/NaniteStreamOut.usf" 2833
"../../../Engine/Shaders/Private/Nanite/NaniteHierarchyTraversal.ush" 2834
"../../../Engine/Shaders/Private/Nanite/NaniteSkinningUpdateViewData.usf" 2835
"../../../Engine/Shaders/Private/Skinning/TransformProviders.usf" 2836
"../../../Engine/Shaders/Private/Nanite/NaniteShadeBinning.usf" 2837
"../../../Engine/Shaders/Private/Nanite/NaniteShadeCommon.ush" 2838
"../../../Engine/Shaders/Private/Nanite/NaniteFastClear.usf" 2839
"../../../Engine/Shaders/Private/Nanite/NaniteExportGBuffer.usf" 2840
"../../../Engine/Shaders/Private/Nanite/NaniteClusterCulling.usf" 2841
"../../../Engine/Shaders/Private/Nanite/NanitePrintStats.usf" 2842
"../../../Engine/Shaders/Private/Nanite/NaniteRasterizer.usf" 2843
"../../../Engine/Shaders/Private/Nanite/NaniteRasterizationCommon.ush" 2844
"../../../Engine/Shaders/Private/Nanite/NaniteRasterizer.ush" 2845
"../../../Engine/Shaders/Private/Nanite/NaniteWritePixel.ush" 2846
"../../../Engine/Shaders/Private/Nanite/NaniteTessellation.ush" 2847
"../../../Engine/Shaders/Private/WorkDistribution.ush" 2848
"../../../Engine/Shaders/Private/Nanite/NaniteDice.ush" 2849
"../../../Engine/Shaders/Private/ShaderBundleWorkGraphCommon.ush" 2850
"../../../Engine/Shaders/Public/RootConstants.ush" 2851
"../../../Engine/Shaders/Public/Platform/D3D/D3DRootConstants.ush" 2852
"../../../Engine/Shaders/Private/Nanite/NaniteSplit.usf" 2853
"../../../Engine/Shaders/Private/Nanite/NaniteRasterBinning.usf" 2854
"../../../Engine/Shaders/Private/Nanite/NaniteInstanceCulling.usf" 2855
"../../../Engine/Shaders/Private/Nanite/NaniteImposter.ush" 2856
"../../../Engine/Shaders/Private/Nanite/NaniteInstanceHierarchyCulling.usf" 2857
"../../../Engine/Shaders/Private/WorkGroupLoadBalancer.ush" 2858
"../../../Engine/Shaders/Private/Nanite/NanitePrimitiveFilter.usf" 2859
"../../../Engine/Shaders/Private/Nanite/NaniteRasterClear.usf" 2860
"../../../Engine/Shaders/Private/Nanite/NaniteDepthExport.usf" 2861
"../../../Engine/Shaders/Private/Nanite/NaniteEmitShadow.usf" 2862
"../../../Engine/Shaders/Private/MobileDeferredUtils.usf" 2863
"../../../Engine/Shaders/Private/MobileLocalLightsBuffer.usf" 2864
"../../../Engine/Shaders/Private/MobileFog.usf" 2865
"../../../Engine/Shaders/Private/DistortApplyScreenPS.usf" 2866
"../../../Engine/Shaders/Private/MobileDeferredShading.usf" 2867
"../../../Engine/Shaders/Private/MobileBasePassPixelShader.usf" 2868
"../../../Engine/Shaders/Private/MobileBasePassCommon.ush" 2869
"../../../Engine/Shaders/Private/BasePassCommon.ush" 2870
"../../../Engine/Shaders/Private/ShadingModelsMaterial.ush" 2871
"../../../Engine/Shaders/Private/ThinTranslucentCommon.ush" 2872
"../../../Engine/Shaders/Private/SingleLayerWaterShading.ush" 2873
"../../../Engine/Shaders/Private/DistortionCommon.ush" 2874
"../../../Engine/Shaders/Private/Substrate/SubstrateMobileForwardLighting.ush" 2875
"../../../Engine/Shaders/Private/MobileBasePassVertexShader.usf" 2876
"../../../Engine/Shaders/Private/MeshEdges.usf" 2877
"../../../Engine/Shaders/Private/MegaLights/MegaLightsVSMTracing.usf" 2878
"../../../Engine/Shaders/Private/MegaLights/MegaLights.ush" 2879
"../../../Engine/Shaders/Shared/MegaLightsDefinitions.h" 2880
"../../../Engine/Shaders/Private/HairStrands/HairStrandsVisibilityUtils.ush" 2881
"../../../Engine/Shaders/Private/MegaLights/MegaLightsRayTracing.ush" 2882
"../../../Engine/Shaders/Private/MegaLights/MegaLightsRayTracing.usf" 2883
"../../../Engine/Shaders/Private/DistanceField/GlobalDistanceFieldUtils.ush" 2884
"../../../Engine/Shaders/Private/Lumen/LumenScreenTracing.ush" 2885
"../../../Engine/Shaders/Private/MegaLights/MegaLightsVolumeRayTracing.usf" 2886
"../../../Engine/Shaders/Private/MegaLights/MegaLightsVolume.ush" 2887
"../../../Engine/Shaders/Private/MegaLights/MegaLightsVolumeHardwareRayTracing.usf" 2888
"../../../Engine/Shaders/Private/Lumen/LumenHardwareRayTracingCommon.ush" 2889
"../../../Engine/Shaders/Private/RayTracing/RayTracingReflectionEnvironment.ush" 2890
"../../../Engine/Shaders/Private/Lumen/LumenHardwareRayTracingPlatformCommon.ush" 2891
"../../../Engine/Shaders/Private/Lumen/LumenReflectionsCombine.ush" 2892
"../../../Engine/Shaders/Private/Lumen/LumenTracingCommon.ush" 2893
"../../../Engine/Shaders/Private/Lumen/SurfaceCache/LumenSurfaceCacheSampling.ush" 2894
"../../../Engine/Shaders/Private/Lumen/SurfaceCache/LumenSurfaceCache.ush" 2895
"../../../Engine/Shaders/Private/Lumen/LumenCardCommon.ush" 2896
"../../../Engine/Shaders/Private/Lumen/LumenCardTileShadowDownsampleFactor.ush" 2897
"../../../Engine/Shaders/Private/MegaLights/MegaLightsHardwareRayTracing.usf" 2898
"../../../Engine/Shaders/Private/MegaLights/MegaLights.usf" 2899
"../../../Engine/Shaders/Private/MegaLights/MegaLightsShading.ush" 2900
"../../../Engine/Shaders/Private/MegaLights/MegaLightsFilterVisibleLightHash.usf" 2901
"../../../Engine/Shaders/Private/MegaLights/MegaLightsDenoiserSpatial.usf" 2902
"../../../Engine/Shaders/Private/Lumen/LumenReflectionDenoiserCommon.ush" 2903
"../../../Engine/Shaders/Private/MegaLights/MegaLightsDenoiserTemporal.usf" 2904
"../../../Engine/Shaders/Private/MegaLights/MegaLightsShading.usf" 2905
"../../../Engine/Shaders/Private/StochasticLighting/StochasticLightingUpsample.ush" 2906
"../../../Engine/Shaders/Private/MegaLights/MegaLightsVisibleLightHash.usf" 2907
"../../../Engine/Shaders/Private/MegaLights/MegaLightsVolumeShading.usf" 2908
"../../../Engine/Shaders/Private/MegaLights/MegaLightsSampling.usf" 2909
"../../../Engine/Shaders/Private/MegaLights/MegaLightsSampling.ush" 2910
"../../../Engine/Shaders/Private/MegaLights/MegaLightsVolumeSampling.usf" 2911
"../../../Engine/Shaders/Private/MaterialCache/MaterialCacheABufferPages.usf" 2912
"../../../Engine/Shaders/Private/MaterialCache/MaterialCacheShade.usf" 2913
"../../../Engine/Shaders/Private/MaterialCache/MaterialCacheUnwrapNaniteShade.usf" 2914
"../../../Engine/Shaders/Private/MaterialCache/MaterialCacheUnwrapPixelShader.usf" 2915
"../../../Engine/Shaders/Private/MaterialCache/MaterialCacheUnwrapVertexShader.usf" 2916
"../../../Engine/Shaders/Private/Lumen/LumenVisualizeRadianceCache.usf" 2917
"../../../Engine/Shaders/Private/Lumen/LumenRadianceCacheCommon.ush" 2918
"../../../Engine/Shaders/Private/Lumen/LumenVisualizeHardwareRayTracing.usf" 2919
"../../../Engine/Shaders/Private/Lumen/LumenVisualize.ush" 2920
"../../../Engine/Shaders/Private/Lumen/LumenHairTracing.ush" 2921
"../../../Engine/Shaders/Private/Lumen/LumenVisualize.usf" 2922
"../../../Engine/Shaders/Private/Lumen/LumenSoftwareRayTracing.ush" 2923
"../../../Engine/Shaders/Private/DistanceField/GlobalDistanceFieldObjectGrid.ush" 2924
"../../../Engine/Shaders/Private/DistanceFieldLightingShared.ush" 2925
"../../../Engine/Shaders/Private/Lumen/LumenVisualizeTraces.ush" 2926
"../../../Engine/Shaders/Private/Lumen/LumenTranslucencyVolumeLighting.usf" 2927
"../../../Engine/Shaders/Private/Lumen/LumenRadianceCacheMarkCommon.ush" 2928
"../../../Engine/Shaders/Private/Lumen/LumenTranslucencyVolumeLightingShared.ush" 2929
"../../../Engine/Shaders/Private/Lumen/LumenScreenProbeCommon.ush" 2930
"../../../Engine/Shaders/Private/RayTracing/RayGenUtils.ush" 2931
"../../../Engine/Shaders/Private/Lumen/LumenRadianceCacheTracingCommon.ush" 2932
"../../../Engine/Shaders/Private/Lumen/LumenTranslucencyVolumeHardwareRayTracing.usf" 2933
"../../../Engine/Shaders/Private/Lumen/LumenTranslucencyRadianceCacheMarkShaders.usf" 2934
"../../../Engine/Shaders/Private/Lumen/SurfaceCache/LumenSurfaceCache.usf" 2935
"../../../Engine/Shaders/Private/Lumen/LumenShortRangeAOHardwareRayTracing.usf" 2936
"../../../Engine/Shaders/Private/Lumen/LumenScreenSpaceBentNormal.ush" 2937
"../../../Engine/Shaders/Private/Lumen/LumenScreenSpaceBentNormal.usf" 2938
"../../../Engine/Shaders/Private/Lumen/LumenScreenProbeTracing.usf" 2939
"../../../Engine/Shaders/Private/Lumen/LumenScreenProbeTracingCommon.ush" 2940
"../../../Engine/Shaders/Private/Lumen/LumenFloatQuantization.ush" 2941
"../../../Engine/Shaders/Private/Lumen/LumenScreenProbeImportanceSampling.usf" 2942
"../../../Engine/Shaders/Private/Lumen/LumenScreenProbeImportanceSamplingShared.ush" 2943
"../../../Engine/Shaders/Private/Lumen/LumenScreenProbeHardwareRayTracing.usf" 2944
"../../../Engine/Shaders/Private/Lumen/LumenScreenProbeDebug.usf" 2945
"../../../Engine/Shaders/Private/Lumen/LumenScreenProbeGather.usf" 2946
"../../../Engine/Shaders/Private/Lumen/LumenScreenProbeGatherTemporal.usf" 2947
"../../../Engine/Shaders/Private/Lumen/LumenScreenProbeFiltering.usf" 2948
"../../../Engine/Shaders/Private/Lumen/LumenSceneLighting.usf" 2949
"../../../Engine/Shaders/Private/Lumen/LumenCardTile.ush" 2950
"../../../Engine/Shaders/Private/Lumen/LumenSceneLighting.ush" 2951
"../../../Engine/Shaders/Private/Lumen/Radiosity/LumenRadiosity.ush" 2952
"../../../Engine/Shaders/Private/Lumen/LumenSceneLightingDebug.usf" 2953
"../../../Engine/Shaders/Private/Lumen/LumenScene.usf" 2954
"../../../Engine/Shaders/Private/Lumen/LumenSceneDirectLightingHardwareRayTracing.usf" 2955
"../../../Engine/Shaders/Private/Lumen/LumenSceneDirectLightingStochastic.ush" 2956
"../../../Engine/Shaders/Private/Lumen/LumenReflectionCommon.ush" 2957
"../../../Engine/Shaders/Private/Lumen/LumenSceneDirectLighting.ush" 2958
"../../../Engine/Shaders/Private/Lumen/LumenSceneDebugHardwareRayTracing.usf" 2959
"../../../Engine/Shaders/Private/Lumen/LumenSceneDirectLightingStochastic.usf" 2960
"../../../Engine/Shaders/Private/Lumen/LumenSceneDirectLightingSoftwareRayTracing.usf" 2961
"../../../Engine/Shaders/Private/DistanceFieldShadowingShared.ush" 2962
"../../../Engine/Shaders/Private/Lumen/LumenSceneDirectLightingPerLightShadowCommon.ush" 2963
"../../../Engine/Shaders/Private/Lumen/LumenSceneDirectLightingShadowMask.usf" 2964
"../../../Engine/Shaders/Private/Lumen/LumenSceneDirectLighting.usf" 2965
"../../../Engine/Shaders/Private/Lumen/LumenSceneDirectLightingCulling.usf" 2966
"../../../Engine/Shaders/Private/Lumen/LumenCardComputeShader.usf" 2967
"../../../Engine/Shaders/Private/Lumen/LumenCardBasePass.ush" 2968
"../../../Engine/Shaders/Private/Lumen/LumenCardPixelShader.usf" 2969
"../../../Engine/Shaders/Private/Lumen/LumenCardVertexShader.usf" 2970
"../../../Engine/Shaders/Private/Lumen/LumenReSTIRGather.usf" 2971
"../../../Engine/Shaders/Private/Lumen/LumenReflectionTracing.usf" 2972
"../../../Engine/Shaders/Private/Lumen/LumenReflectionDenoiserSpatial.usf" 2973
"../../../Engine/Shaders/Private/Lumen/LumenReflectionDenoiserClear.usf" 2974
"../../../Engine/Shaders/Private/Lumen/LumenReflectionDenoiserTemporal.usf" 2975
"../../../Engine/Shaders/Private/Lumen/LumenReflectionResolve.usf" 2976
"../../../Engine/Shaders/Private/Lumen/LumenReflections.usf" 2977
"../../../Engine/Shaders/Private/Lumen/RayTracedTranslucency.usf" 2978
"../../../Engine/Shaders/Private/Lumen/LumenReflectionHardwareRayTracing.usf" 2979
"../../../Engine/Shaders/Private/Lumen/Radiosity/LumenVisualizeRadiosityProbes.usf" 2980
"../../../Engine/Shaders/Private/Lumen/Radiosity/LumenRadiosity.usf" 2981
"../../../Engine/Shaders/Private/Lumen/Radiosity/LumenRadiosityHardwareRayTracing.usf" 2982
"../../../Engine/Shaders/Private/Lumen/Radiosity/LumenRadiosityCulling.usf" 2983
"../../../Engine/Shaders/Private/Lumen/LumenRadianceCacheHardwareRayTracing.usf" 2984
"../../../Engine/Shaders/Private/Lumen/LumenRadianceCache.usf" 2985
"../../../Engine/Shaders/Private/Lumen/LumenRadianceCacheUpdate.ush" 2986
"../../../Engine/Shaders/Private/Lumen/LumenRadianceCacheDebug.usf" 2987
"../../../Engine/Shaders/Private/Lumen/LumenRadianceCacheUpdate.usf" 2988
"../../../Engine/Shaders/Private/Lumen/LumenMeshSDFCulling.usf" 2989
"../../../Engine/Shaders/Private/HybridIndirectLighting.ush" 2990
"../../../Engine/Shaders/Private/MeshDistanceFieldCommon.ush" 2991
"../../../Engine/Shaders/Private/Lumen/LumenIrradianceFieldGather.usf" 2992
"../../../Engine/Shaders/Private/Lumen/LumenHardwareRayTracingMaterials.usf" 2993
"../../../Engine/Shaders/Private/Lumen/LumenFrontLayerTranslucency.usf" 2994
"../../../Engine/Shaders/Private/LocalFogVolumes/LocalFogVolumeSplat.usf" 2995
"../../../Engine/Shaders/Private/LocalFogVolumes/LocalFogVolumeTiledCulling.usf" 2996
"../../../Engine/Shaders/Private/LightShaftShader.usf" 2997
"../../../Engine/Shaders/Private/StationaryLightOverlapShaders.usf" 2998
"../../../Engine/Shaders/Private/DeferredLightPixelShaders.usf" 2999
"../../../Engine/Shaders/Private/DeferredLightVertexShaders.usf" 3000
"../../../Engine/Shaders/Private/LightMapDensityShader.usf" 3001
"../../../Engine/Shaders/Private/LightGridInjection.usf" 3002
"../../../Engine/Shaders/Shared/LightGridDefinitions.h" 3003
"../../../Engine/Shaders/Private/LightFunctionPixelShader.usf" 3004
"../../../Engine/Shaders/Private/LightFunctionVertexShader.usf" 3005
"../../../Engine/Shaders/Private/LightFunctionAtlas/LightFunctionAtlasRender.usf" 3006
"../../../Engine/Shaders/Private/InstanceCulling/InstanceCullingOcclusionQuery.usf" 3007
"../../../Engine/Shaders/Private/InstanceCulling/InstanceCullingSetup.ush" 3008
"../../../Engine/Shaders/Private/InstanceCulling/BuildInstanceDrawCommands.usf" 3009
"../../../Engine/Shaders/Private/InstanceCulling/InstanceCompactionCommon.ush" 3010
"../../../Engine/Shaders/Private/SceneDataMobileWriter.ush" 3011
"../../../Engine/Shaders/Private/InstanceCulling/CompactVisibleInstances.usf" 3012
"../../../Engine/Shaders/Private/ReflectionEnvironmentPixelShader.usf" 3013
"../../../Engine/Shaders/Private/AmbientCubemapComposite.usf" 3014
"../../../Engine/Shaders/Private/DiffuseIndirectComposite.usf" 3015
"../../../Engine/Shaders/Private/IESAtlas.usf" 3016
"../../../Engine/Shaders/Private/HeterogeneousVolumes/HeterogeneousVolumesVoxelGridShadows.usf" 3017
"../../../Engine/Shaders/Private/HeterogeneousVolumes/HeterogeneousVolumesStochasticFiltering.ush" 3018
"../../../Engine/Shaders/Private/HeterogeneousVolumes/HeterogeneousVolumesVoxelGridRenderingUtils.ush" 3019
"../../../Engine/Shaders/Private/HeterogeneousVolumes/HeterogeneousVolumesLightingUtils.ush" 3020
"../../../Engine/Shaders/Private/HeterogeneousVolumes/HeterogeneousVolumesVoxelGridRendering.usf" 3021
"../../../Engine/Shaders/Private/HeterogeneousVolumes/HeterogeneousVolumesVoxelGridPipeline.usf" 3022
"../../../Engine/Shaders/Private/HeterogeneousVolumes/HeterogeneousVolumesMaterialBakingPipeline.usf" 3023
"../../../Engine/Shaders/Private/HeterogeneousVolumes/HeterogeneousVolumesLiveShadingUtils.ush" 3024
"../../../Engine/Shaders/Private/HeterogeneousVolumes/HeterogeneousVolumesFrustumVoxelGrid.usf" 3025
"../../../Engine/Shaders/Private/HeterogeneousVolumes/HeterogeneousVolumesSparseVoxelPipeline.usf" 3026
"../../../Engine/Shaders/Private/HeterogeneousVolumes/HeterogeneousVolumesSparseVoxelUtils.ush" 3027
"../../../Engine/Shaders/Private/HeterogeneousVolumes/HeterogeneousVolumesSparseVoxelUniformBufferUtils.ush" 3028
"../../../Engine/Shaders/Private/HeterogeneousVolumes/HeterogeneousVolumesPreshadingPipeline.usf" 3029
"../../../Engine/Shaders/Private/HeterogeneousVolumes/HeterogeneousVolumesLiveShadingShadows.usf" 3030
"../../../Engine/Shaders/Private/HeterogeneousVolumes/HeterogeneousVolumesLiveShadingGlobalPipeline.usf" 3031
"../../../Engine/Shaders/Private/HeterogeneousVolumes/HeterogeneousVolumesLiveShadingPipeline.usf" 3032
"../../../Engine/Shaders/Private/HeterogeneousVolumes/HeterogeneousVolumesHardwareRayTracing.usf" 3033
"../../../Engine/Shaders/Private/HeterogeneousVolumes/HeterogeneousVolumesAmbientOcclusionPipeline.usf" 3034
"../../../Engine/Shaders/Private/HeterogeneousVolumes/HeterogeneousVolumesComposite.usf" 3035
"../../../Engine/Shaders/Private/HdrCustomResolveShaders.usf" 3036
"../../../Engine/Shaders/Private/HairStrands/RenderCurveRaster.usf" 3037
"../../../Engine/Shaders/Private/HairStrands/HairStrandsVoxelRasterCompute.usf" 3038
"../../../Engine/Shaders/Private/HairStrands/HairStrandsHitProxy.usf" 3039
"../../../Engine/Shaders/Private/HairStrands/HairStrandsVisibilityRasterComputeNaive.usf" 3040
"../../../Engine/Shaders/Private/HairStrands/HairStrandsVisibilityRasterHW.usf" 3041
"../../../Engine/Shaders/Private/HairStrands/HairStrandsVisibilityRasterCompute.usf" 3042
"../../../Engine/Shaders/Private/HairStrands/HairStrandsVisibilityRasterClassification.usf" 3043
"../../../Engine/Shaders/Private/HairStrands/HairStrandsCoverage.usf" 3044
"../../../Engine/Shaders/Private/HairStrands/HairStrandsVisibilityDepthPS.usf" 3045
"../../../Engine/Shaders/Private/HairStrands/HairStrandsVisibilityTransmittanceDepthPS.usf" 3046
"../../../Engine/Shaders/Private/HairStrands/HairStrandsVisibilityFillOpaqueDepthPS.usf" 3047
"../../../Engine/Shaders/Private/HairStrands/HairStrandsVisibilityCompactionComputeRaster.usf" 3048
"../../../Engine/Shaders/Private/HairStrands/HairStrandsVisibilityCompaction.usf" 3049
"../../../Engine/Shaders/Private/HairStrands/HairStrandsVisibilityCopyIndirectArg.usf" 3050
"../../../Engine/Shaders/Private/HairStrands/HairStrandsVisibilityClearPS.usf" 3051
"../../../Engine/Shaders/Private/HairStrands/HairStrandsVisibilityPS.usf" 3052
"../../../Engine/Shaders/Private/HairStrands/HairStrandsVisibilityVS.usf" 3053
"../../../Engine/Shaders/Private/HairStrands/HairStrandsVelocity.usf" 3054
"../../../Engine/Shaders/Private/HairStrands/HairStrandsVisibilityComputeSampleCoverage.usf" 3055
"../../../Engine/Shaders/Private/HairStrands/HairStrandsMaterialPS.usf" 3056
"../../../Engine/Shaders/Private/HairStrands/HairStrandsMaterialCommon.ush" 3057
"../../../Engine/Shaders/Private/HairStrands/HairStrandsMaterialVS.usf" 3058
"../../../Engine/Shaders/Private/HairStrands/HairStrandsLightSample.usf" 3059
"../../../Engine/Shaders/Private/HairStrands/HairStrandsDeepShadowMask.usf" 3060
"../../../Engine/Shaders/Private/HairStrands/HairStrandsDeepTransmittanceMask.usf" 3061
"../../../Engine/Shaders/Private/HairStrands/HairStrandsVisibilityTile.usf" 3062
"../../../Engine/Shaders/Private/HairStrands/HairStrandsDeepShadowPS.usf" 3063
"../../../Engine/Shaders/Private/HairStrands/HairStrandsDeepShadowVS.usf" 3064
"../../../Engine/Shaders/Private/HairStrands/HairStrandsAABB.usf" 3065
"../../../Engine/Shaders/Private/HairStrands/HairStrandsLUT.usf" 3066
"../../../Engine/Shaders/Private/HairStrands/HairStrandsForwardRaster.usf" 3067
"../../../Engine/Shaders/Private/HairStrands/HairStrandsForwardCulling.usf" 3068
"../../../Engine/Shaders/Private/HairStrands/HairStrandsEnvironmentLighting.usf" 3069
"../../../Engine/Shaders/Private/HairStrands/HairStrandsEnvironmentAO.usf" 3070
"../../../Engine/Shaders/Private/HairStrands/HairStrandsDeepShadowAllocation.usf" 3071
"../../../Engine/Shaders/Private/HairStrands/HairStrandsVoxelDebug.usf" 3072
"../../../Engine/Shaders/Private/HairStrands/HairStrandsComposition.usf" 3073
"../../../Engine/Shaders/Private/HairStrands/HairStrandsGBufferCommon.ush" 3074
"../../../Engine/Shaders/Private/GPUScene/GPUSceneDataManagement.usf" 3075
"../../../Engine/Shaders/Private/GPUSceneDebugRender.usf" 3076
"../../../Engine/Shaders/Private/GPUFeedbackCompaction.usf" 3077
"../../../Engine/Shaders/Private/GPUFastFourierTransform.usf" 3078
"../../../Engine/Shaders/Private/GPUFastFourierTransform2DCore.ush" 3079
"../../../Engine/Shaders/Private/GPUFastFourierTransformCore.ush" 3080
"../../../Engine/Shaders/Private/GPUBenchmark.usf" 3081
"../../../Engine/Shaders/Private/DistanceField/GlobalDistanceFieldDebug.usf" 3082
"../../../Engine/Shaders/Private/DistanceField/GlobalDistanceFieldUpdate.ush" 3083
"../../../Engine/Shaders/Private/DistanceField/GlobalDistanceFieldMip.usf" 3084
"../../../Engine/Shaders/Private/DistanceField/GlobalDistanceField.usf" 3085
"../../../Engine/Shaders/Private/DistanceField/GlobalDistanceFieldCompositeObjects.usf" 3086
"../../../Engine/Shaders/Private/DistanceField/GlobalDistanceFieldHeightfields.usf" 3087
"../../../Engine/Shaders/Private/HeightfieldLightingShared.ush" 3088
"../../../Engine/Shaders/Private/GenerateConservativeDepth.usf" 3089
"../../../Engine/Shaders/Private/HeightFogPixelShader.usf" 3090
"../../../Engine/Shaders/Private/HeightFogVertexShader.usf" 3091
"../../../Engine/Shaders/Private/DistortFiltering.usf" 3092
"../../../Engine/Shaders/Private/DistortAccumulatePS.usf" 3093
"../../../Engine/Shaders/Private/DistortAccumulateVS.usf" 3094
"../../../Engine/Shaders/Private/DistanceFieldVisualization.usf" 3095
"../../../Engine/Shaders/Private/DistanceFieldStreaming.usf" 3096
"../../../Engine/Shaders/Private/DistanceFieldShadowing.usf" 3097
"../../../Engine/Shaders/Private/DistanceFieldScreenGridLighting.usf" 3098
"../../../Engine/Shaders/Private/DistanceFieldObjectCulling.usf" 3099
"../../../Engine/Shaders/Private/DistanceFieldLightingPost.usf" 3100
"../../../Engine/Shaders/Private/DitheredTransitionStencil.usf" 3101
"../../../Engine/Shaders/Private/CopyDepthTexture.usf" 3102
"../../../Engine/Shaders/Private/CopyDepthTextureCS.usf" 3103
"../../../Engine/Shaders/Private/DeferredDecal.usf" 3104
"../../../Engine/Shaders/Private/DecalCommon.ush" 3105
"../../../Engine/Shaders/Private/DebugViewModeVertexShader.usf" 3106
"../../../Engine/Shaders/Private/DebugViewModeCommon.ush" 3107
"../../../Engine/Shaders/Private/DebugViewModePixelShader.usf" 3108
"../../../Engine/Shaders/Private/DebugProbes.usf" 3109
"../../../Engine/Shaders/Private/MeshDecals.usf" 3110
"../../../Engine/Shaders/Private/PostProcessAmbientOcclusion.usf" 3111
"../../../Engine/Shaders/Private/ClusteredDeferredShadingPixelShader.usf" 3112
"../../../Engine/Shaders/Private/ClusteredDeferredShadingVertexShader.usf" 3113
"../../../Engine/Shaders/Private/CapsuleShadowShaders.usf" 3114
"../../../Engine/Shaders/Private/BasePassPixelShader.usf" 3115
"../../../Engine/Shaders/Private/ForwardLightingCommon.ush" 3116
"../../../Engine/Shaders/Private/Substrate/SubstrateForwardLighting.ush" 3117
"../../../Engine/Shaders/Private/ComputeShaderOutputCommon.ush" 3118
"../../../Engine/Shaders/Private/BasePassVertexShader.usf" 3119
"../../../Engine/Shaders/Private/BasePassVertexCommon.ush" 3120
"../../../Engine/Shaders/Private/SimpleElementVolumeTexturePreviewPixelShader.usf" 3121
"../../../Engine/Shaders/Private/SimpleElementTexture2DPreviewPixelShader.usf" 3122
"../../../Engine/Shaders/Private/meshpaintdilatepixelshader.usf" 3123
"../../../Engine/Shaders/Private/meshpaintdilatevertexshader.usf" 3124
"../../../Engine/Shaders/Private/MeshPaintPixelShader.usf" 3125
"../../../Engine/Shaders/Private/MeshPaintVertexShader.usf" 3126
"../../../Engine/Shaders/Private/SlateElementPixelShader.usf" 3127
"../../../Engine/Shaders/Private/SlateShaderCommon.ush" 3128
"../../../Engine/Shaders/Private/SlateMaskingShader.usf" 3129
"../../../Engine/Shaders/Private/SlateVertexShader.usf" 3130
"../../../Engine/Shaders/Private/CompositeUIPixelShader.usf" 3131
"../../../Engine/Shaders/Private/ColorDeficiency.ush" 3132
"../../../Engine/Shaders/Private/SlatePostProcessColorDeficiencyPixelShader.usf" 3133
"../../../Engine/Shaders/Private/SlatePostProcessPixelShader.usf" 3134
"../../../Engine/Shaders/Private/Tools/VisualizeTexture.usf" 3135
"../../../Engine/Shaders/Private/UpdateDescriptorHandle.usf" 3136
"../../../Engine/Shaders/Private/ByteBuffer.usf" 3137
"../../../Engine/Shaders/Private/ShaderBundleWorkGraphDispatch.usf" 3138
"../../../Engine/Shaders/Private/ShaderBundleDispatch.usf" 3139
"../../../Engine/Shaders/Private/ResolveVertexShader.usf" 3140
"../../../Engine/Shaders/Private/ResolvePixelShader.usf" 3141
"../../../Engine/Shaders/Private/Tools/SetupIndirectArgs.usf" 3142
"../../../Engine/Shaders/Private/ClearReplacementShaders.usf" 3143
"../../../Engine/Shaders/Private/Tools/DrawTexture.usf" 3144
"../../../Engine/Shaders/Private/RayTracing/RayTracingValidation.usf" 3145
"../../../Engine/Shaders/Private/RenderGraphUtilities.usf" 3146
"../../../Engine/Shaders/Private/OneColorShader.usf" 3147
"../../../Engine/Shaders/Private/OculusShaders.usf" 3148
"../../../Engine/Shaders/Private/MediaShaders.usf" 3149
"../../../Engine/Shaders/Private/GPUMessaging.usf" 3150
"../../../Engine/Shaders/Private/Tools/GPUDebugCrashUtils.usf" 3151
"../../../Engine/Shaders/Private/NullPixelShader.usf" 3152
"../../../Engine/Shaders/Private/ComputeGenerateMips.usf" 3153
"../../../Engine/Shaders/Private/Tools/DumpTexture.usf" 3154
"../../../Engine/Shaders/Private/CopyTextureShaders.usf" 3155
"../../../Engine/Shaders/Private/Tools/FullscreenVertexShader.usf" 3156
"../../../Engine/Shaders/Private/RayTracing/RayTracingDispatchDesc.usf" 3157
"../../../Engine/Shaders/Private/Bink.usf" 3158
"../../../Engine/Shaders/Private/VelocityShader.usf" 3159
"../../../Engine/Shaders/Private/DepthOnlyPixelShader.usf" 3160
"../../../Engine/Shaders/Private/PositionOnlyDepthVertexShader.usf" 3161
"../../../Engine/Shaders/Private/DepthOnlyVertexShader.usf" 3162
"../../../Engine/Shaders/Private/AnisotropyPassShader.usf" 3163
"C:/Users/1869771/Documents/GitHub/Martel_Ju_TP2_sans_lfs/Content/Game_ThePerfectDate/Bluprints/Menu/WBP_Menu.uasset" 3164
"C:/Users/1869771/Documents/GitHub/Martel_Ju_TP2_sans_lfs/Content/Game_ThePerfectDate/Bluprints/Menu/WBP_Credits.uasset" 3165
"C:/Users/1869771/Documents/GitHub/Martel_Ju_TP2_sans_lfs/Content/Game_ThePerfectDate/Bluprints/Menu/WBP_Controls.uasset" 3166
"/Engine/EngineResources/WhiteSquareTexture" 3167
"../../../Engine/Content/EngineResources/WhiteSquareTexture.uasset" 3168
"/Engine/EngineResources/GradientTexture0" 3169
"../../../Engine/Content/EngineResources/GradientTexture0.uasset" 3170
"/Engine/EngineResources/Black" 3171
"../../../Engine/Content/EngineResources/Black.uasset" 3172
"/Engine/EditorResources/S_Actor" 3173
"../../../Engine/Content/EditorResources/S_Actor.uasset" 3174
"/Engine/EngineFonts/RobotoDistanceField" 3175
"../../../Engine/Content/EngineFonts/RobotoDistanceField.uasset" 3176
"/Engine/EngineMaterials/DefaultTextMaterialOpaque" 3177
"../../../Engine/Content/EngineMaterials/DefaultTextMaterialOpaque.uasset" 3178
"/Engine/Functions/Engine_MaterialFunctions01/Shading/PowerToRoughness" 3179
"../../../Engine/Content/Functions/Engine_MaterialFunctions01/Shading/PowerToRoughness.uasset" 3180
"/Engine/Functions/Engine_MaterialFunctions01/Shading/ConvertFromDiffSpec" 3181
"../../../Engine/Content/Functions/Engine_MaterialFunctions01/Shading/ConvertFromDiffSpec.uasset" 3182
"/Engine/EngineMaterials/WorldGridMaterial" 3183
"../../../Engine/Content/EngineMaterials/WorldGridMaterial.uasset" 3184
"../../../Engine/Content/Functions/Engine_MaterialFunctions01/Opacity/CameraDepthFade.uasset" 3185
"../../../Engine/Content/EngineMaterials/T_Default_Material_Grid_M.uasset" 3186
"../../../Engine/Content/EngineMaterials/T_Default_Material_Grid_N.uasset" 3187
"/Engine/EngineMaterials/DefaultDeferredDecalMaterial" 3188
"../../../Engine/Content/EngineMaterials/DefaultDeferredDecalMaterial.uasset" 3189
"../../../Engine/Content/EngineMaterials/DefaultDiffuse.uasset" 3190
"/Engine/EngineMaterials/DefaultLightFunctionMaterial" 3191
"../../../Engine/Content/EngineMaterials/DefaultLightFunctionMaterial.uasset" 3192
"/Engine/EngineMaterials/DefaultPostProcessMaterial" 3193
"../../../Engine/Content/EngineMaterials/DefaultPostProcessMaterial.uasset" 3194
"../../../Engine/Content/Functions/Engine_MaterialFunctions02/Utility/BreakOutFloat2Components.uasset" 3195
"/Engine/EditorResources/S_Trigger" 3196
"../../../Engine/Content/EditorResources/S_Trigger.uasset" 3197
"/Engine/EditorResources/S_BoxReflectionCapture" 3198
"../../../Engine/Content/EditorResources/S_BoxReflectionCapture.uasset" 3199
"/Engine/EngineResources/DefaultTexture" 3200
"../../../Engine/Content/EngineResources/DefaultTexture.uasset" 3201
"/Engine/EditorResources/S_TriggerBox" 3202
"../../../Engine/Content/EditorResources/S_TriggerBox.uasset" 3203
"/Engine/EditorResources/S_TriggerCapsule" 3204
"../../../Engine/Content/EditorResources/S_TriggerCapsule.uasset" 3205
"/Engine/EditorResources/S_TriggerSphere" 3206
"../../../Engine/Content/EditorResources/S_TriggerSphere.uasset" 3207
"/Engine/EngineDamageTypes/DmgTypeBP_Environmental" 3208
"../../../Engine/Content/EngineDamageTypes/DmgTypeBP_Environmental.uasset" 3209
"/Engine/EngineMeshes/Sphere" 3210
"../../../Engine/Content/EngineMeshes/Sphere.uasset" 3211
"/Engine/EngineResources/DefaultTextureCube" 3212
"../../../Engine/Content/EngineResources/DefaultTextureCube.uasset" 3213
"/Engine/EngineResources/DefaultVolumeTexture" 3214
"../../../Engine/Content/EngineResources/DefaultVolumeTexture.uasset" 3215
"../../../Engine/Content/EngineResources/DefaultVolumeTexture2D.uasset" 3216
"/Engine/VREditor/TransformGizmo/SM_Sequencer_Node" 3217
"../../../Engine/Content/VREditor/TransformGizmo/SM_Sequencer_Node.uasset" 3218
"../../../Engine/Content/VREditor/TransformGizmo/Main.uasset" 3219
"../../../Engine/Content/VREditor/TransformGizmo/Xray.uasset" 3220
"/Engine/EditorResources/S_Solver" 3221
"../../../Engine/Content/EditorResources/S_Solver.uasset" 3222
"/Engine/EngineDebugMaterials/VolumeToRender" 3223
"../../../Engine/Content/EngineDebugMaterials/VolumeToRender.uasset" 3224
"/Engine/EngineDebugMaterials/M_VolumeRenderSphereTracePP" 3225
"../../../Engine/Content/EngineDebugMaterials/M_VolumeRenderSphereTracePP.uasset" 3226
"../../../Engine/Content/Functions/Engine_MaterialFunctions02/Utility/CameraDirectionVector.uasset" 3227
"/Engine/EditorMeshes/Camera/SM_CraneRig_Base" 3228
"../../../Engine/Content/EditorMeshes/Camera/SM_CraneRig_Base.uasset" 3229
"../../../Engine/Content/EditorMaterials/Camera/MI_CineMat_Rig.uasset" 3230
"../../../Engine/Content/EditorMaterials/Camera/CineMat.uasset" 3231
"/Engine/EditorMeshes/Camera/SM_CraneRig_Arm" 3232
"../../../Engine/Content/EditorMeshes/Camera/SM_CraneRig_Arm.uasset" 3233
"/Engine/EditorMeshes/Camera/SM_CraneRig_Mount" 3234
"../../../Engine/Content/EditorMeshes/Camera/SM_CraneRig_Mount.uasset" 3235
"/Engine/EditorMeshes/Camera/SM_CraneRig_Body" 3236
"../../../Engine/Content/EditorMeshes/Camera/SM_CraneRig_Body.uasset" 3237
"/Engine/EditorMeshes/Camera/SM_RailRig_Track" 3238
"../../../Engine/Content/EditorMeshes/Camera/SM_RailRig_Track.uasset" 3239
"/Engine/EditorMeshes/Camera/SM_RailRig_Mount" 3240
"../../../Engine/Content/EditorMeshes/Camera/SM_RailRig_Mount.uasset" 3241
"/Engine/EditorLandscapeResources/SplineEditorMesh" 3242
"../../../Engine/Content/EditorLandscapeResources/SplineEditorMesh.uasset" 3243
"../../../Engine/Content/EditorLandscapeResources/SplineEditorMeshMat.uasset" 3244
"/Engine/BasicShapes/Cube" 3245
"../../../Engine/Content/BasicShapes/Cube.uasset" 3246
"/CameraCalibrationCore/Materials/M_DefaultOddSquare" 3247
"../../Plugins/VirtualProduction/CameraCalibrationCore/Content/Materials/M_DefaultOddSquare.uasset" 3248
"/CameraCalibrationCore/Materials/M_DefaultEvenSquare" 3249
"../../Plugins/VirtualProduction/CameraCalibrationCore/Content/Materials/M_DefaultEvenSquare.uasset" 3250
"/HairStrands/Materials/HairDebugMaterial" 3251
"../../Plugins/Runtime/HairStrands/Content/Materials/HairDebugMaterial.uasset" 3252
"../../../Engine/Content/Functions/Engine_MaterialFunctions02/Utility/MakeFloat2.uasset" 3253
"../../../Engine/Content/Functions/Engine_MaterialFunctions02/Utility/MakeFloat3.uasset" 3254
"../../../Engine/Content/EngineMaterials/HairColorMap.uasset" 3255
"../../../Engine/Content/EngineMaterials/HairDebugColor.uasset" 3256
"../../Plugins/Runtime/HairStrands/Content/Materials/HairGroupColors.uasset" 3257
"/HairStrands/Materials/HairDefaultMaterial" 3258
"../../Plugins/Runtime/HairStrands/Content/Materials/HairDefaultMaterial.uasset" 3259
"/HairStrands/Materials/HairCardsDefaultMaterial" 3260
"../../Plugins/Runtime/HairStrands/Content/Materials/HairCardsDefaultMaterial.uasset" 3261
"/HairStrands/Materials/HairMeshesDefaultMaterial" 3262
"../../Plugins/Runtime/HairStrands/Content/Materials/HairMeshesDefaultMaterial.uasset" 3263
"/Engine/EngineMaterials/Widget3DPassThrough_Translucent" 3264
"../../../Engine/Content/EngineMaterials/Widget3DPassThrough_Translucent.uasset" 3265
"../../../Engine/Content/EngineMaterials/Widget3DPassThrough.uasset" 3266
"/Engine/EngineMaterials/Widget3DPassThrough_Translucent_OneSided" 3267
"../../../Engine/Content/EngineMaterials/Widget3DPassThrough_Translucent_OneSided.uasset" 3268
"/Engine/EngineMaterials/Widget3DPassThrough_Opaque" 3269
"../../../Engine/Content/EngineMaterials/Widget3DPassThrough_Opaque.uasset" 3270
"/Engine/EngineMaterials/Widget3DPassThrough_Opaque_OneSided" 3271
"../../../Engine/Content/EngineMaterials/Widget3DPassThrough_Opaque_OneSided.uasset" 3272
"/Engine/EngineMaterials/Widget3DPassThrough_Masked" 3273
"../../../Engine/Content/EngineMaterials/Widget3DPassThrough_Masked.uasset" 3274
"/Engine/EngineMaterials/Widget3DPassThrough_Masked_OneSided" 3275
"../../../Engine/Content/EngineMaterials/Widget3DPassThrough_Masked_OneSided.uasset" 3276
"/Engine/VREditor/ViewportInteractionAssetContainerData" 3277
"../../../Engine/Content/VREditor/ViewportInteractionAssetContainerData.uasset" 3278
"../../../Engine/Content/VREditor/SnapGrid/SnapGridMaterial.uasset" 3279
"../../../Engine/Content/VREditor/TransformGizmo/TransformGizmoMaterial_Inst.uasset" 3280
"../../../Engine/Content/VREditor/TransformGizmo/TranslucentTransformGizmoMaterial_Inst.uasset" 3281
"../../../Engine/Content/VREditor/SnapGrid/SnapGridPlaneMesh.uasset" 3282
"../../../Engine/Content/VREditor/Sounds/UI/Drop_Item_From_ContentBrowser.uasset" 3283
"../../../Engine/Content/VREditor/Sounds/UI/Gizmo_Handle_Clicked.uasset" 3284
"../../../Engine/Content/VREditor/Sounds/UI/Object_PickUp.uasset" 3285
"../../../Engine/Content/VREditor/Sounds/UI/Object_Snaps_To_Another_Actor.uasset" 3286
"../../../Engine/Content/VREditor/Sounds/UI/Object_Snaps_To_Grid.uasset" 3287
"../../../Engine/Content/VREditor/Sounds/UI/Scaling_Down.uasset" 3288
"../../../Engine/Content/VREditor/Sounds/UI/Scaling_Up.uasset" 3289
"../../../Engine/Content/VREditor/Sounds/UI/Selection_Changes.uasset" 3290
"../../../Engine/Content/VREditor/TransformGizmo/PlaneTranslationHandle.uasset" 3291
"../../../Engine/Content/VREditor/TransformGizmo/RotationHandleFull.uasset" 3292
"../../../Engine/Content/VREditor/TransformGizmo/RotationHandleIndicator.uasset" 3293
"../../../Engine/Content/VREditor/TransformGizmo/RotationHandleQuarter.uasset" 3294
"../../../Engine/Content/VREditor/TransformGizmo/StartRotationHandleIndicator.uasset" 3295
"../../../Engine/Content/VREditor/TransformGizmo/TransformGizmoFreeRotation.uasset" 3296
"../../../Engine/Content/VREditor/TransformGizmo/TranslateArrowHandle.uasset" 3297
"../../../Engine/Content/VREditor/TransformGizmo/UniformScaleHandle.uasset" 3298
"../../../Engine/Content/Functions/Engine_MaterialFunctions02/Math/Transform3x3Matrix.uasset" 3299
"../../../Engine/Content/Functions/Engine_MaterialFunctions02/SplitComponents.uasset" 3300
"../../../Engine/Content/VREditor/TransformGizmo/TransformGizmoMaterial.uasset" 3301
"../../../Engine/Content/VREditor/TransformGizmo/TranslucentTransformGizmoMaterial.uasset" 3302
"../../../Engine/Content/Functions/Engine_MaterialFunctions02/Utility/BreakOutFloat3Components.uasset" 3303
"../../../Engine/Content/VREditor/LaserPointer/VR_LaserPower_01.uasset" 3304
"/Engine/VREditor/TransformGizmo/BoundingBoxCorner" 3305
"../../../Engine/Content/VREditor/TransformGizmo/BoundingBoxCorner.uasset" 3306
"/Engine/VREditor/TransformGizmo/BoundingBoxEdge" 3307
"../../../Engine/Content/VREditor/TransformGizmo/BoundingBoxEdge.uasset" 3308
"/Engine/ArtTools/RenderToTexture/Meshes/S_1_Unit_Plane" 3309
"../../../Engine/Content/ArtTools/RenderToTexture/Meshes/S_1_Unit_Plane.uasset" 3310
"/Engine/EngineDebugMaterials/M_SimpleUnlitTranslucent" 3311
"../../../Engine/Content/EngineDebugMaterials/M_SimpleUnlitTranslucent.uasset" 3312
"/Engine/EngineFonts/Roboto" 3313
"../../../Engine/Content/EngineFonts/Roboto.uasset" 3314
"../../../Engine/Content/EngineFonts/Faces/DroidSansFallback.uasset" 3315
"../../../Engine/Content/EngineFonts/Faces/RobotoBold.uasset" 3316
"../../../Engine/Content/EngineFonts/Faces/RobotoBoldItalic.uasset" 3317
"../../../Engine/Content/EngineFonts/Faces/RobotoItalic.uasset" 3318
"../../../Engine/Content/EngineFonts/Faces/RobotoLight.uasset" 3319
"../../../Engine/Content/EngineFonts/Faces/RobotoRegular.uasset" 3320
"/Engine/EditorMaterials/ParticleSystems/PSysThumbnail_NoImage" 3321
"../../../Engine/Content/EditorMaterials/ParticleSystems/PSysThumbnail_NoImage.uasset" 3322
"/Engine/EditorMaterials/ParticleSystems/PSysThumbnail_OOD" 3323
"../../../Engine/Content/EditorMaterials/ParticleSystems/PSysThumbnail_OOD.uasset" 3324
"/Engine/EngineResources/LandscapeVisibilityLayerInfo" 3325
"../../../Engine/Content/EngineResources/LandscapeVisibilityLayerInfo.uasset" 3326
"/ACLPlugin/ACLAnimBoneCompressionSettings" 3327
"../../Plugins/Animation/ACLPlugin/Content/ACLAnimBoneCompressionSettings.uasset" 3328
"/Engine/Animation/DefaultRecorderBoneCompression" 3329
"../../../Engine/Content/Animation/DefaultRecorderBoneCompression.uasset" 3330
"/ACLPlugin/ACLAnimCurveCompressionSettings" 3331
"../../Plugins/Animation/ACLPlugin/Content/ACLAnimCurveCompressionSettings.uasset" 3332
"/Engine/Animation/DefaultVariableFrameStrippingSettings" 3333
"../../../Engine/Content/Animation/DefaultVariableFrameStrippingSettings.uasset" 3334
"/ControlRig/Controls/ControlRigXRayMaterial" 3335
"../../Plugins/Animation/ControlRig/Content/Controls/ControlRigXRayMaterial.uasset" 3336
"/ControlRig/Controls/DefaultGizmoLibraryNormalized" 3337
"../../Plugins/Animation/ControlRig/Content/Controls/DefaultGizmoLibraryNormalized.uasset" 3338
"/AudioWidgets/Resources/ScrubHandleDown_Clamped" 3339
"../../Plugins/Runtime/AudioWidgets/Content/Resources/ScrubHandleDown_Clamped.uasset" 3340
"/Paper2D/MaskedUnlitSpriteMaterial" 3341
"../../Plugins/2D/Paper2D/Content/MaskedUnlitSpriteMaterial.uasset" 3342
"../../Plugins/2D/Paper2D/Content/DefaultSpriteMaterial.uasset" 3343
"../../Plugins/2D/Paper2D/Content/PlaceholderTextures/DummySpriteTexture.uasset" 3344
"/Paper2D/OpaqueUnlitSpriteMaterial" 3345
"../../Plugins/2D/Paper2D/Content/OpaqueUnlitSpriteMaterial.uasset" 3346
"/Paper2D/DefaultPaperTerrainMaterial" 3347
"../../Plugins/2D/Paper2D/Content/DefaultPaperTerrainMaterial.uasset" 3348
"../../Plugins/2D/Paper2D/Content/DummySprite.uasset" 3349
"/ControlRig/M_Manip" 3350
"../../Plugins/Animation/ControlRig/Content/M_Manip.uasset" 3351
"../../../Engine/Content/Functions/Engine_MaterialFunctions02/WorldPositionOffset/CameraOffset.uasset" 3352
"/SpeedTreeImporter/SpeedTree9/SpeedTreeMaster" 3353
"../../Plugins/Editor/SpeedTreeImporter/Content/SpeedTree9/SpeedTreeMaster.uasset" 3354
"../../../Engine/Content/Functions/Engine_MaterialFunctions02/ObjectLocalBounds.uasset" 3355
"../../../Engine/Content/Functions/Engine_MaterialFunctions02/SafeNormalize.uasset" 3356
"../../../Engine/Content/Functions/Engine_MaterialFunctions02/Utility/VectorLength.uasset" 3357
"../../../Engine/Content/Functions/Engine_MaterialFunctions02/UVs/BoundingBoxBased_0-1_UVW.uasset" 3358
"../../../Engine/Content/Functions/Engine_MaterialFunctions02/WorldPositionOffset/ObjectScale.uasset" 3359
"../../Plugins/Editor/SpeedTreeImporter/Content/SpeedTree9/SpeedTreeBranchMotion.uasset" 3360
"../../Plugins/Editor/SpeedTreeImporter/Content/SpeedTree9/SpeedTreeCameraFacing.uasset" 3361
"../../Plugins/Editor/SpeedTreeImporter/Content/SpeedTree9/SpeedTreeWind.uasset" 3362
"../../Plugins/Editor/SpeedTreeImporter/Content/SpeedTree9/SpeedTreeWindMotion.uasset" 3363
"../../Plugins/Editor/SpeedTreeImporter/Content/SpeedTree9/UnpackDirection.uasset" 3364
"../../Plugins/Editor/SpeedTreeImporter/Content/SpeedTree9/UnpackInteger3.uasset" 3365
"../../Plugins/Editor/SpeedTreeImporter/Content/SpeedTree9/Empty.uasset" 3366
"../../Plugins/Editor/SpeedTreeImporter/Content/SpeedTree9/EmptyNormal.uasset" 3367
"../../Plugins/Editor/SpeedTreeImporter/Content/SpeedTree9/game_wind_noise.uasset" 3368
"/SpeedTreeImporter/SpeedTree9/SpeedTreeBillboardMaster" 3369
"../../Plugins/Editor/SpeedTreeImporter/Content/SpeedTree9/SpeedTreeBillboardMaster.uasset" 3370
"../../Plugins/Editor/SpeedTreeImporter/Content/SpeedTree9/SpeedTreeBillboard.uasset" 3371
"/MediaPlate/SM_MediaPlateScreen" 3372
"../../Plugins/Media/MediaPlate/Content/SM_MediaPlateScreen.uasset" 3373
"/Engine/BasicShapes/BasicShapeMaterial" 3374
"../../../Engine/Content/BasicShapes/BasicShapeMaterial.uasset" 3375
"/Engine/EditorMaterials/Dataflow/DataflowVertexMaterial" 3376
"../../../Engine/Content/EditorMaterials/Dataflow/DataflowVertexMaterial.uasset" 3377
"/Engine/EditorMaterials/Dataflow/DataflowTwoSidedVertexMaterial" 3378
"../../../Engine/Content/EditorMaterials/Dataflow/DataflowTwoSidedVertexMaterial.uasset" 3379
"/Engine/EditorLandscapeResources/LayerVisMaterial" 3380
"../../../Engine/Content/EditorLandscapeResources/LayerVisMaterial.uasset" 3381
"../../../Engine/Content/EditorLandscapeResources/WhiteSquareTexture.uasset" 3382
"/Engine/EditorLandscapeResources/SelectBrushMaterial_Selected" 3383
"../../../Engine/Content/EditorLandscapeResources/SelectBrushMaterial_Selected.uasset" 3384
"../../../Engine/Content/EditorLandscapeResources/SelectBrushMaterial.uasset" 3385
"../../../Engine/Content/Functions/Engine_MaterialFunctions03/Math/WithinRangeFloat2.uasset" 3386
"../../../Engine/Content/EditorLandscapeResources/DefaultAlphaTexture.uasset" 3387
"/Engine/EditorLandscapeResources/SelectBrushMaterial_SelectedRegion" 3388
"../../../Engine/Content/EditorLandscapeResources/SelectBrushMaterial_SelectedRegion.uasset" 3389
"/Engine/EditorLandscapeResources/MaskBrushMaterial_MaskedRegion" 3390
"../../../Engine/Content/EditorLandscapeResources/MaskBrushMaterial_MaskedRegion.uasset" 3391
"../../../Engine/Content/EditorLandscapeResources/MaskBrushMaterial.uasset" 3392
"/Engine/EditorLandscapeResources/ColorMaskBrushMaterial_MaskedRegion" 3393
"../../../Engine/Content/EditorLandscapeResources/ColorMaskBrushMaterial_MaskedRegion.uasset" 3394
"../../../Engine/Content/EditorLandscapeResources/ColorMaskBrushMaterial.uasset" 3395
"/Engine/EditorLandscapeResources/LandscapeDirtyMaterial" 3396
"../../../Engine/Content/EditorLandscapeResources/LandscapeDirtyMaterial.uasset" 3397
"/Engine/EditorLandscapeResources/LandscapeLayerUsageMaterial" 3398
"../../../Engine/Content/EditorLandscapeResources/LandscapeLayerUsageMaterial.uasset" 3399
"../../../Engine/Content/Functions/Engine_MaterialFunctions01/Debug/DebugIntValues.uasset" 3400
"../../../Engine/Content/Functions/Engine_MaterialFunctions01/Texturing/ScaleUVsByCenter.uasset" 3401
"../../../Engine/Content/Functions/Engine_MaterialFunctions02/WorldPositionOffset/LocalPosition.uasset" 3402
"../../../Engine/Content/Functions/Engine_MaterialFunctions01/Texturing/TextureCropping.uasset" 3403
"../../../Engine/Content/Functions/Engine_MaterialFunctions02/ExampleContent/DebugNumberStrip.uasset" 3404
"C:/Users/1869771/AppData/Local/UnrealEngine/Editor/UInteractiveToolsPresetCollectionAsset_DefaultCollection.json" 3405
"/Engine/EngineMaterials/NaniteHiddenSectionMaterial" 3406
"../../../Engine/Content/EngineMaterials/NaniteHiddenSectionMaterial.uasset" 3407
"/Engine/EngineMaterials/RemoveSurfaceMaterial" 3408
"../../../Engine/Content/EngineMaterials/RemoveSurfaceMaterial.uasset" 3409
"/Engine/EngineDebugMaterials/DebugMeshMaterial" 3410
"../../../Engine/Content/EngineDebugMaterials/DebugMeshMaterial.uasset" 3411
"/Engine/EngineMaterials/EmissiveMeshMaterial" 3412
"../../../Engine/Content/EngineMaterials/EmissiveMeshMaterial.uasset" 3413
"../../../Engine/Content/EngineMaterials/DefaultWhiteGrid_Low.uasset" 3414
"/Engine/EngineMaterials/M_InvalidLightmapSettings" 3415
"../../../Engine/Content/EngineMaterials/M_InvalidLightmapSettings.uasset" 3416
"../../../Engine/Content/EngineMaterials/InvalidLightmapSettings.uasset" 3417
"/Engine/EngineMaterials/GizmoMaterial" 3418
"../../../Engine/Content/EngineMaterials/GizmoMaterial.uasset" 3419
"/Engine/EngineMaterials/PhAT_JointLimitMaterial" 3420
"../../../Engine/Content/EngineMaterials/PhAT_JointLimitMaterial.uasset" 3421
"/Engine/EngineMaterials/FlattenMaterial" 3422
"../../../Engine/Content/EngineMaterials/FlattenMaterial.uasset" 3423
"../../../Engine/Content/EngineMaterials/BaseFlattenDiffuseMap.uasset" 3424
"../../../Engine/Content/EngineMaterials/BaseFlattenEmissiveMap.uasset" 3425
"../../../Engine/Content/EngineMaterials/BaseFlattenGrayscaleMap.uasset" 3426
"../../../Engine/Content/EngineMaterials/BaseFlattenLinearColor.uasset" 3427
"../../../Engine/Content/EngineMaterials/BaseFlattenNormalMap.uasset" 3428
"../../../Engine/Content/Functions/Engine_MaterialFunctions02/PivotPainter2/Black_1x1_EXR_Texture.uasset" 3429
"/Engine/EngineMaterials/FlattenMaterial_VT" 3430
"../../../Engine/Content/EngineMaterials/FlattenMaterial_VT.uasset" 3431
"../../../Engine/Content/EngineMaterials/BaseFlattenDiffuseMap_VT.uasset" 3432
"../../../Engine/Content/EngineMaterials/BaseFlattenEmissiveMap_VT.uasset" 3433
"../../../Engine/Content/EngineMaterials/BaseFlattenGrayscaleMap_VT.uasset" 3434
"../../../Engine/Content/EngineMaterials/BaseFlattenLinearColor_VT.uasset" 3435
"../../../Engine/Content/EngineMaterials/BaseFlattenNormalMap_VT.uasset" 3436
"../../../Engine/Content/EngineMaterials/Black_1x1_EXR_Texture_VT.uasset" 3437
"/Engine/EngineMaterials/FlattenMaterial_WS_Normal_VT" 3438
"../../../Engine/Content/EngineMaterials/FlattenMaterial_WS_Normal_VT.uasset" 3439
"/Engine/EngineMaterials/Good64x64TilingNoiseHighFreq" 3440
"../../../Engine/Content/EngineMaterials/Good64x64TilingNoiseHighFreq.uasset" 3441
"/Engine/EngineMaterials/DefaultBokeh" 3442
"../../../Engine/Content/EngineMaterials/DefaultBokeh.uasset" 3443
"/Engine/EngineMaterials/MiniFont" 3444
"../../../Engine/Content/EngineMaterials/MiniFont.uasset" 3445
"/Engine/EngineMaterials/WeightMapPlaceholderTexture" 3446
"../../../Engine/Content/EngineMaterials/WeightMapPlaceholderTexture.uasset" 3447
"/Engine/EngineMaterials/WeightMapArrayPlaceholderTexture" 3448
"../../../Engine/Content/EngineMaterials/WeightMapArrayPlaceholderTexture.uasset" 3449
"/Engine/EngineMaterials/DefaultWhiteGrid" 3450
"../../../Engine/Content/EngineMaterials/DefaultWhiteGrid.uasset" 3451
"/Engine/EngineMaterials/PreintegratedSkinBRDF" 3452
"../../../Engine/Content/EngineMaterials/PreintegratedSkinBRDF.uasset" 3453
"/Engine/EngineMaterials/LTC/GGX_LTCAmp" 3454
"../../../Engine/Content/EngineMaterials/LTC/GGX_LTCAmp.uasset" 3455
"/Engine/EngineMaterials/LTC/GGX_LTCMat" 3456
"../../../Engine/Content/EngineMaterials/LTC/GGX_LTCMat.uasset" 3457
"/Engine/EngineMaterials/EnergyConservation/GGX_ReflectionEnergy" 3458
"../../../Engine/Content/EngineMaterials/EnergyConservation/GGX_ReflectionEnergy.uasset" 3459
"/Engine/EngineMaterials/EnergyConservation/GGX_TransmissionEnergyArray" 3460
"../../../Engine/Content/EngineMaterials/EnergyConservation/GGX_TransmissionEnergyArray.uasset" 3461
"/Engine/EngineMaterials/EnergyConservation/SheenLegacy_Energy" 3462
"../../../Engine/Content/EngineMaterials/EnergyConservation/SheenLegacy_Energy.uasset" 3463
"/Engine/EngineMaterials/DefaultPhysicalMaterial" 3464
"../../../Engine/Content/EngineMaterials/DefaultPhysicalMaterial.uasset" 3465
"/Engine/EngineMaterials/DefaultDestructiblePhysicalMaterial" 3466
"../../../Engine/Content/EngineMaterials/DefaultDestructiblePhysicalMaterial.uasset" 3467
"C:/Users/1869771/AppData/Local/UnrealEngine/Editor/ProjectEditorRecords.json" 3468
"/Niagara/ParameterDefinitions/SpriteRenderer" 3469
"../../Plugins/FX/Niagara/Content/ParameterDefinitions/SpriteRenderer.uasset" 3470
"/Niagara/ParameterDefinitions/RibbonRenderer" 3471
"../../Plugins/FX/Niagara/Content/ParameterDefinitions/RibbonRenderer.uasset" 3472
"/Niagara/ParameterDefinitions/MeshRenderer" 3473
"../../Plugins/FX/Niagara/Content/ParameterDefinitions/MeshRenderer.uasset" 3474
"/Niagara/ParameterDefinitions/LightRenderer" 3475
"../../Plugins/FX/Niagara/Content/ParameterDefinitions/LightRenderer.uasset" 3476
"/Niagara/ParameterDefinitions/DecalRenderer" 3477
"../../Plugins/FX/Niagara/Content/ParameterDefinitions/DecalRenderer.uasset" 3478
"/Niagara/ParameterDefinitions/CoreParameters" 3479
"../../Plugins/FX/Niagara/Content/ParameterDefinitions/CoreParameters.uasset" 3480
"/DeformerGraph/Deformers/DG_LinearBlendSkin_Morph_Cloth" 3481
"../../Plugins/Animation/DeformerGraph/Content/Deformers/DG_LinearBlendSkin_Morph_Cloth.uasset" 3482
"../../Plugins/Animation/DeformerGraph/Content/DeformerFunctions/DG_Function_LinearBlendSkin_Morph_Cloth.uasset" 3483
"/DeformerGraph/Deformers/DG_LinearBlendSkin_Morph_Cloth_RecomputeNormals" 3484
"../../Plugins/Animation/DeformerGraph/Content/Deformers/DG_LinearBlendSkin_Morph_Cloth_RecomputeNormals.uasset" 3485
"../../Plugins/Animation/DeformerGraph/Content/DeformerFunctions/DG_Function_ComputeNormalsTangents.uasset" 3486
"../../Plugins/Animation/DeformerGraph/Content/DeformerFunctions/DG_Function_LinearBlendSkin_Morph_Cloth_PositionOnly.uasset" 3487
"/Engine/BasicShapes/Sphere" 3488
"../../../Engine/Content/BasicShapes/Sphere.uasset" 3489
"../../../Engine/Content/EngineMaterials/DefaultMaterial.uasset" 3490
"/Engine/BasicShapes/Cylinder" 3491
"../../../Engine/Content/BasicShapes/Cylinder.uasset" 3492
"/Engine/BasicShapes/Cone" 3493
"../../../Engine/Content/BasicShapes/Cone.uasset" 3494
"/Engine/BasicShapes/Plane" 3495
"../../../Engine/Content/BasicShapes/Plane.uasset" 3496
"/HDRIBackdrop/Blueprints/HDRIBackdrop" 3497
"../../Plugins/Runtime/HDRIBackdrop/Content/Blueprints/HDRIBackdrop.uasset" 3498
"../../Plugins/Runtime/HDRIBackdrop/Content/Materials/MI_HDRI_Floor.uasset" 3499
"../../Plugins/Runtime/HDRIBackdrop/Content/Materials/MI_HDRI_Sky.uasset" 3500
"../../Plugins/Runtime/HDRIBackdrop/Content/Meshes/EnviroDome.uasset" 3501
"../../Plugins/Runtime/HDRIBackdrop/Content/Textures/approaching_storm_4k.uasset" 3502
"../../Plugins/Runtime/HDRIBackdrop/Content/Materials/HDRI_Projection_Floor.uasset" 3503
"../../Plugins/Runtime/HDRIBackdrop/Content/Materials/HDRI_Projection_Sky.uasset" 3504
"../../../Engine/Content/Functions/Engine_MaterialFunctions02/WorldPositionOffset/ObjectPivotPoint.uasset" 3505
"../../Plugins/Runtime/HDRIBackdrop/Content/Materials/HDRI_Attributes.uasset" 3506
"/Engine/EngineFonts/DroidSansMono" 3507
"../../../Engine/Content/EngineFonts/DroidSansMono.uasset" 3508
"../../../Engine/Content/EngineFonts/Faces/DroidSansMono.uasset" 3509
"../../../Engine/Documentation/Source/Shared/Types/ABrush/ABrush.INT.udn" 3510
"../../../Engine/Content/Internationalization/icudt64l/brkitr/fr.res" 3511
"../../../Engine/Content/Internationalization/icudt64l/brkitr/root.res" 3512
"../../../Engine/Content/Internationalization/icudt64l/brkitr/char.brk" 3513
"../../../Engine/Content/Internationalization/icudt64l/brkitr/word.brk" 3514
"/Engine/EditorResources/SequenceRecorder/Countdown" 3515
"../../../Engine/Content/EditorResources/SequenceRecorder/Countdown.uasset" 3516
"/Engine/EditorResources/SequenceRecorder/RecordingIndicator" 3517
"../../../Engine/Content/EditorResources/SequenceRecorder/RecordingIndicator.uasset" 3518
"/Engine/EditorMaterials/PhAT_UnselectedMaterial" 3519
"../../../Engine/Content/EditorMaterials/PhAT_UnselectedMaterial.uasset" 3520
"/Engine/EditorMaterials/PhAT_NoCollisionMaterial" 3521
"../../../Engine/Content/EditorMaterials/PhAT_NoCollisionMaterial.uasset" 3522
"/Engine/EditorResources/S_Terrain" 3523
"../../../Engine/Content/EditorResources/S_Terrain.uasset" 3524
"../../../Engine/Plugins/FX/Niagara/Shaders/Private/NiagaraDataInterfaceTexture2DArrayTemplate.ush" 3525
"../../../Engine/Plugins/FX/Niagara/Shaders/Private/NiagaraDataInterfaceActorComponentTemplate.ush" 3526
"../../../Engine/Plugins/FX/Niagara/Shaders/Private/NiagaraDataInterfaceArrayTemplate.ush" 3527
"../../../Engine/Plugins/FX/Niagara/Shaders/Private/NiagaraDataInterfaceArrayRWTemplate.ush" 3528
"../../../Engine/Plugins/FX/Niagara/Shaders/Private/NiagaraDataInterfaceAsyncGpuTrace.ush" 3529
"../../../Engine/Plugins/FX/Niagara/Shaders/Private/NiagaraDataInterfaceAsyncGpuTraceTemplate.ush" 3530
"../../../Engine/Plugins/FX/Niagara/Shaders/Private/NiagaraDataInterfaceCamera.ush" 3531
"../../../Engine/Plugins/Experimental/ChaosNiagara/Shaders/NiagaraDataInterfaceChaosDestruction.ush" 3532
"../../../Engine/Plugins/FX/Niagara/Shaders/Private/NiagaraDataInterfaceCollisionQuery.ush" 3533
"C:/Users/1869771/Documents/GitHub/Martel_Ju_TP2_sans_lfs/Intermediate/ShaderAutogen/PCD3D_SM5/AutogenShaderHeaders.ush" 3534
"../../../Engine/Plugins/FX/Niagara/Shaders/Private/NiagaraDataInterfaceCollisionQueryTemplate.ush" 3535
"../../../Engine/Plugins/FX/Niagara/Shaders/Private/NiagaraDataInterfaceCurveTemplate.ush" 3536
"../../../Engine/Plugins/FX/Niagara/Shaders/Private/NiagaraDataInterfaceCubeTextureTemplate.ush" 3537
"../../../Engine/Plugins/FX/Niagara/Shaders/Private/DataChannel/NiagaraDataInterfaceDataChannelCommon.ush" 3538
"../../../Engine/Plugins/FX/Niagara/Shaders/Private/DataChannel/NiagaraDataInterfaceDataChannelTemplateCommon.ush" 3539
"../../../Engine/Plugins/FX/Niagara/Shaders/Private/DataChannel/NiagaraDataInterfaceDataChannelTemplateReadCommon.ush" 3540
"../../../Engine/Plugins/FX/Niagara/Shaders/Private/DataChannel/NiagaraDataInterfaceDataChannelTemplate_Read.ush" 3541
"../../../Engine/Plugins/FX/Niagara/Shaders/Private/DataChannel/NiagaraDataInterfaceDataChannelTemplate_Consume.ush" 3542
"../../../Engine/Plugins/FX/Niagara/Shaders/Private/DataChannel/NiagaraDataInterfaceDataChannelTemplateWriteCommon.ush" 3543
"../../../Engine/Plugins/FX/Niagara/Shaders/Private/DataChannel/NiagaraDataInterfaceDataChannelTemplate_Append.ush" 3544
"../../../Engine/Plugins/FX/Niagara/Shaders/Private/NiagaraDataInterfaceDataTableTemplate.ush" 3545
"../../../Engine/Plugins/FX/Niagara/Shaders/Private/NiagaraDataInterfaceDebugDraw.ush" 3546
"../../../Engine/Plugins/FX/Niagara/Shaders/Private/NiagaraDataInterfaceDebugDrawTemplate.ush" 3547
"../../../Engine/Plugins/FX/Niagara/Shaders/Private/NiagaraDataInterfaceDynamicMeshTemplate.ush" 3548
"../../../Engine/Plugins/FX/Niagara/Shaders/Private/NiagaraDataInterfaceEmitterPropertiesTemplate.ush" 3549
"../../../Engine/Plugins/FX/Niagara/Shaders/Private/NiagaraDataInterfaceExportTemplate.ush" 3550
"../../../Engine/Plugins/FX/Niagara/Shaders/Private/NiagaraDataInterfaceGBufferTemplate.ush" 3551
"../../../Engine/Plugins/Experimental/ChaosNiagara/Shaders/NiagaraDataInterfaceGeometryCollection.ush" 3552
"../../../Engine/Plugins/FX/Niagara/Shaders/Private/NiagaraTransformUtils.ush" 3553
"../../../Engine/Plugins/Runtime/HairStrands/Shaders/Private/NiagaraStrandsExternalForce.ush" 3554
"../../../Engine/Plugins/Runtime/HairStrands/Shaders/Private/NiagaraHookeSpringMaterial.ush" 3555
"../../../Engine/Plugins/Runtime/HairStrands/Shaders/Private/NiagaraAngularSpringMaterial.ush" 3556
"../../../Engine/Plugins/Runtime/HairStrands/Shaders/Private/NiagaraConstantVolumeMaterial.ush" 3557
"../../../Engine/Plugins/Runtime/HairStrands/Shaders/Private/NiagaraCosseratRodMaterial.ush" 3558
"../../../Engine/Plugins/Runtime/HairStrands/Shaders/Private/NiagaraStaticCollisionConstraint.ush" 3559
"../../../Engine/Plugins/Runtime/HairStrands/Shaders/Private/NiagaraDataInterfaceHairStrands.ush" 3560
"../../../Engine/Plugins/Runtime/HairStrands/Shaders/Private/NiagaraDataInterfaceHairStrandsTemplate.ush" 3561
"../../../Engine/Plugins/FX/Niagara/Shaders/Private/NiagaraDataInterfaceIntRenderTarget2D.ush" 3562
"../../../Engine/Plugins/FX/Niagara/Shaders/Private/NiagaraDataInterfaceLandscape.ush" 3563
"../../../Engine/Plugins/FX/Niagara/Shaders/Private/NiagaraDataInterfaceMemoryBufferTemplate.ush" 3564
"../../../Engine/Plugins/FX/Niagara/Shaders/Private/NiagaraDataInterfaceMeshRendererInfoTemplate.ush" 3565
"../../../Engine/Plugins/FX/Niagara/Shaders/Private/NiagaraDataInterfaceOcclusion.ush" 3566
"../../../Engine/Plugins/FX/Niagara/Shaders/Private/NiagaraDataInterfacePhysicsAsset.ush" 3567
"../../../Engine/Plugins/Experimental/ChaosNiagara/Shaders/NiagaraDataInterfacePhysicsField.ush" 3568
"../../../Engine/Plugins/FX/Niagara/Shaders/Private/NiagaraDataInterfacePlatformSetTemplate.ush" 3569
"../../../Engine/Plugins/Runtime/HairStrands/Shaders/Private/NiagaraDataInterfaceVelocityGrid.ush" 3570
"../../../Engine/Plugins/Runtime/HairStrands/Shaders/Private/NiagaraDataInterfaceVelocityGridTemplate.ush" 3571
"../../../Engine/Plugins/Runtime/HairStrands/Shaders/Private/NiagaraDataInterfacePressureGrid.ush" 3572
"../../../Engine/Plugins/Runtime/HairStrands/Shaders/Private/NiagaraDataInterfacePressureGridTemplate.ush" 3573
"../../../Engine/Plugins/FX/Niagara/Shaders/Private/NiagaraDataInterfaceRenderTarget2DTemplate.ush" 3574
"../../../Engine/Plugins/FX/Niagara/Shaders/Private/NiagaraDataInterfaceRenderTarget2DArrayTemplate.ush" 3575
"../../../Engine/Plugins/FX/Niagara/Shaders/Private/NiagaraDataInterfaceRenderTargetCubeTemplate.ush" 3576
"../../../Engine/Plugins/FX/Niagara/Shaders/Private/NiagaraDataInterfaceRenderTargetVolumeTemplate.ush" 3577
"../../../Engine/Plugins/FX/Niagara/Shaders/Private/NiagaraDataInterfaceRigidMeshCollisionQuery.ush" 3578
"../../../Engine/Plugins/FX/Niagara/Shaders/Private/NiagaraDistanceFieldQueries.ush" 3579
"../../../Engine/Plugins/FX/Niagara/Shaders/Private/NiagaraDataInterfaceSceneCapture2DTemplate.ush" 3580
"../../../Engine/Plugins/FX/Niagara/Shaders/Private/NiagaraDataInterfaceSimCacheReaderTemplate.ush" 3581
"../../../Engine/Plugins/FX/Niagara/Shaders/Private/NiagaraDataInterfaceSimpleCounterTemplate.ush" 3582
"../../../Engine/Plugins/FX/Niagara/Shaders/Private/NiagaraDataInterfaceSkeletalMesh.ush" 3583
"../../../Engine/Plugins/FX/Niagara/Shaders/Private/NiagaraBaryCentricUtils.ush" 3584
"../../../Engine/Plugins/FX/Niagara/Shaders/Private/NiagaraDataInterfaceSkeletalMeshTemplate.ush" 3585
"../../../Engine/Plugins/FX/Niagara/Shaders/Private/NiagaraDataInterfaceSocketReaderTemplate.ush" 3586
"../../../Engine/Plugins/FX/Niagara/Shaders/Private/NiagaraDataInterfaceSparseVolumeTextureTemplate.ush" 3587
"../../../Engine/Plugins/FX/Niagara/Shaders/Private/NiagaraDataInterfaceSplineTemplate.ush" 3588
"../../../Engine/Plugins/FX/Niagara/Shaders/Private/NiagaraDataInterfaceSpriteRendererInfoTemplate.ush" 3589
"../../../Engine/Plugins/FX/Niagara/Shaders/Private/NiagaraDataInterfaceStaticMeshTemplate.ush" 3590
"../../../Engine/Plugins/FX/Niagara/Shaders/Private/NiagaraDataInterfaceTextureTemplate.ush" 3591
"../../../Engine/Plugins/FX/Niagara/Shaders/Private/NiagaraDataInterfaceVirtualTexture.ush" 3592
"../../../Engine/Plugins/FX/Niagara/Shaders/Private/NiagaraDataInterfaceVirtualTextureTemplate.ush" 3593
"../../../Engine/Plugins/FX/Niagara/Shaders/Private/NiagaraDataInterfaceVolumeCache.ush" 3594
"../../../Engine/Plugins/FX/Niagara/Shaders/Private/NiagaraDataInterfaceVolumeTextureTemplate.ush" 3595
"../../../../../../Users/1869771/Documents/GitHub/Martel_Ju_TP2_sans_lfs/Intermediate/ShaderAutogen/PCD3D_SM5/AutogenShaderHeaders.ush" 3596
"C:/Users/1869771/Documents/GitHub/Martel_Ju_TP2_sans_lfs/Content/Game_ThePerfectDate/Meshes/Personnages/NPC/Characters_PSX/Police_Woman/Texture/Character_25_Female_Police.uasset" 3597
"C:/Users/1869771/Documents/GitHub/Martel_Ju_TP2_sans_lfs/Content/Game_ThePerfectDate/Materials/Vertex_Snapping/MI_Police1.uasset" 3598
"C:/Users/1869771/Documents/GitHub/Martel_Ju_TP2_sans_lfs/Content/Game_ThePerfectDate/SFX/MusiquesRadio/One_Time_-_Jeremy_Black.uasset" 3599
"C:/Users/1869771/Documents/GitHub/Martel_Ju_TP2_sans_lfs/Content/Game_ThePerfectDate/SFX/Divers/AS_Cash.uasset" 3600
"C:/Users/1869771/Documents/GitHub/Martel_Ju_TP2_sans_lfs/Content/Game_ThePerfectDate/Meshes/Tacos/Tacos_Props/StaticMeshes/Tree_01.uasset" 3601
"C:/Users/1869771/Documents/GitHub/Martel_Ju_TP2_sans_lfs/Content/Game_ThePerfectDate/Materials/Vertex_Snapping/MI_Police2.uasset" 3602
"C:/Users/1869771/Documents/GitHub/Martel_Ju_TP2_sans_lfs/Content/Game_ThePerfectDate/SFX/Divers/ventilation_hum.uasset" 3603
"C:/Users/1869771/Documents/GitHub/Martel_Ju_TP2_sans_lfs/Content/Game_ThePerfectDate/SFX/Divers/city.uasset" 3604
"C:/Users/1869771/Documents/GitHub/Martel_Ju_TP2_sans_lfs/Content/Game_ThePerfectDate/Meshes/Personnages/NPC/Characters_PSX/Police/Texture/Character_17_Police.uasset" 3605
"C:/Users/1869771/Documents/GitHub/Martel_Ju_TP2_sans_lfs/Content/Game_ThePerfectDate/SFX/MusiquesRadio/Dorris_Day_-_DJ_Williams.uasset" 3606
"C:/Users/1869771/Documents/GitHub/Martel_Ju_TP2_sans_lfs/Content/Game_ThePerfectDate/Meshes/Tacos/Tacos_Props/StaticMeshes/Soda_005.uasset" 3607
"C:/Users/1869771/Documents/GitHub/Martel_Ju_TP2_sans_lfs/Content/Game_ThePerfectDate/Meshes/Tacos/Tacos_Props/Textures/Branches.uasset" 3608
"C:/Users/1869771/Documents/GitHub/Martel_Ju_TP2_sans_lfs/Content/Game_ThePerfectDate/Meshes/Tacos/Tacos_Props/Materials/Branches.uasset" 3609
"C:/Users/1869771/Documents/GitHub/Martel_Ju_TP2_sans_lfs/Content/Game_ThePerfectDate/Meshes/Tacos/Tacos_Props/Materials/Sodas.uasset" 3610
"C:/Users/1869771/Documents/GitHub/Martel_Ju_TP2_sans_lfs/Content/Game_ThePerfectDate/Meshes/Tacos/Tacos_Props/Materials/BarkDecidious.uasset" 3611
"C:/Users/1869771/Documents/GitHub/Martel_Ju_TP2_sans_lfs/Content/Game_ThePerfectDate/Meshes/Tacos/Tacos_Props/StaticMeshes/Soda_004.uasset" 3612
"C:/Users/1869771/Documents/GitHub/Martel_Ju_TP2_sans_lfs/Content/Game_ThePerfectDate/Meshes/Tacos/Tacos_Props/Textures/BarkDecidious.uasset" 3613
"C:/Users/1869771/Documents/GitHub/Martel_Ju_TP2_sans_lfs/Content/Game_ThePerfectDate/Meshes/Tacos/Tacos_Props/Materials/Public_phone.uasset" 3614
"C:/Users/1869771/Documents/GitHub/Martel_Ju_TP2_sans_lfs/Content/Game_ThePerfectDate/Meshes/Tacos/Tacos_Props/StaticMeshes/Tree.uasset" 3615
"C:/Users/1869771/Documents/GitHub/Martel_Ju_TP2_sans_lfs/Content/Game_ThePerfectDate/Meshes/Tacos/Tacos_Props/StaticMeshes/Public_phone_01.uasset" 3616
"C:/Users/1869771/Documents/GitHub/Martel_Ju_TP2_sans_lfs/Content/Game_ThePerfectDate/Meshes/Tacos/Tacos_Props/Materials/trash_can.uasset" 3617
"C:/Users/1869771/Documents/GitHub/Martel_Ju_TP2_sans_lfs/Content/Game_ThePerfectDate/Meshes/Tacos/Tacos_Props/Textures/Light.uasset" 3618
"C:/Users/1869771/Documents/GitHub/Martel_Ju_TP2_sans_lfs/Content/Game_ThePerfectDate/Meshes/Tacos/Tacos_Props/Materials/Light.uasset" 3619
"C:/Users/1869771/Documents/GitHub/Martel_Ju_TP2_sans_lfs/Content/Game_ThePerfectDate/Meshes/Tacos/Tacos_Props/StaticMeshes/trash_can.uasset" 3620
"C:/Users/1869771/Documents/GitHub/Martel_Ju_TP2_sans_lfs/Content/Game_ThePerfectDate/Meshes/Tacos/Tacos_Props/Textures/Metal_02.uasset" 3621
"C:/Users/1869771/Documents/GitHub/Martel_Ju_TP2_sans_lfs/Content/Game_ThePerfectDate/Meshes/Tacos/Tacos_Props/Materials/Metal_02.uasset" 3622
"C:/Users/1869771/Documents/GitHub/Martel_Ju_TP2_sans_lfs/Content/Game_ThePerfectDate/Meshes/Tacos/Tacos_Props/StaticMeshes/Light.uasset" 3623
"/Game/Game_ThePerfectDate/Meshes/Personnages/NPC/Characters_PSX/Police_Woman/Texture/Character_25_Female_Police" 3624
"C:/Users/1869771/Documents/GitHub/Martel_Ju_TP2_sans_lfs/Content/Game_ThePerfectDate/Meshes/Tacos/Tacos_Props/Materials/buildings_abandoned.uasset" 3625
"C:/Users/1869771/Documents/GitHub/Martel_Ju_TP2_sans_lfs/Content/Game_ThePerfectDate/Meshes/Tacos/Tacos_Props/Textures/buildings_abandoned.uasset" 3626
"C:/Users/1869771/Documents/GitHub/Martel_Ju_TP2_sans_lfs/Content/Game_ThePerfectDate/Meshes/Tacos/Tacos_Props/Textures/buildings_06.uasset" 3627
"C:/Users/1869771/Documents/GitHub/Martel_Ju_TP2_sans_lfs/Content/Game_ThePerfectDate/Meshes/Tacos/Tacos_Props/Materials/buildings_06.uasset" 3628
"C:/Users/1869771/Documents/GitHub/Martel_Ju_TP2_sans_lfs/Content/Game_ThePerfectDate/Meshes/Tacos/Tacos_Props/StaticMeshes/buildings_29_001.uasset" 3629
"/Game/Game_ThePerfectDate/Materials/Vertex_Snapping/MI_Police2" 3630
"../../../../../../Users/1869771/Documents/GitHub/Martel_Ju_TP2_sans_lfs/Content/Game_ThePerfectDate/Materials/Vertex_Snapping/M_Master.uasset" 3631
"../../../../../../Users/1869771/Documents/GitHub/Martel_Ju_TP2_sans_lfs/Content/Game_ThePerfectDate/Materials/Vertex_Snapping/MF_Vertex_Snap.uasset" 3632
"../../../../../../Users/1869771/Documents/GitHub/Martel_Ju_TP2_sans_lfs/Content/Game_ThePerfectDate/Materials/Vertex_Snapping/MPC_GlobalParams.uasset" 3633
"../../../../../../Users/1869771/Documents/GitHub/Martel_Ju_TP2_sans_lfs/Content/Game_ThePerfectDate/Meshes/Furnitures/PSX2/Texture/Wood_09.uasset" 3634
"/Game/Game_ThePerfectDate/SFX/MusiquesRadio/One_Time_-_Jeremy_Black" 3635
"/Game/Game_ThePerfectDate/SFX/Divers/ventilation_hum" 3636
"/Game/Game_ThePerfectDate/SFX/Divers/AS_Cash" 3637
"C:/Users/1869771/Documents/GitHub/Martel_Ju_TP2_sans_lfs/Content/Game_ThePerfectDate/Meshes/Tacos/Tacos_Props/StaticMeshes/buildings_06.uasset" 3638
"C:/Users/1869771/Documents/GitHub/Martel_Ju_TP2_sans_lfs/Content/Game_ThePerfectDate/Meshes/Tacos/Tacos_Props/Materials/buildings_26.uasset" 3639
"C:/Users/1869771/Documents/GitHub/Martel_Ju_TP2_sans_lfs/Content/Game_ThePerfectDate/Meshes/Tacos/Tacos_Props/StaticMeshes/buildings_26.uasset" 3640
"C:/Users/1869771/Documents/GitHub/Martel_Ju_TP2_sans_lfs/Content/Game_ThePerfectDate/Meshes/Tacos/Tacos_Props/Materials/Concrete_02.uasset" 3641
"C:/Users/1869771/Documents/GitHub/Martel_Ju_TP2_sans_lfs/Content/Game_ThePerfectDate/Meshes/Tacos/Tacos_Props/Textures/Concrete_02.uasset" 3642
"/Game/Game_ThePerfectDate/Meshes/Personnages/NPC/Characters_PSX/Police/Texture/Character_17_Police" 3643
"/Game/Game_ThePerfectDate/Materials/Vertex_Snapping/MI_Police1" 3644
"/Game/Game_ThePerfectDate/SFX/MusiquesRadio/Dorris_Day_-_DJ_Williams" 3645
"/Game/Game_ThePerfectDate/SFX/Divers/city" 3646
"/Game/Game_ThePerfectDate/Meshes/Tacos/Tacos_Props/StaticMeshes/Tree_01" 3647
"../../Plugins/Interchange/Assets/Content/gltf/MaterialInstances/MI_Default_Opaque_DS.uasset" 3648
"../../Plugins/Interchange/Assets/Content/gltf/MaterialInstances/MI_Default_Mask_DS.uasset" 3649
"../../Plugins/Interchange/Assets/Content/gltf/M_Default.uasset" 3650
"../../../Engine/Content/Functions/Engine_MaterialFunctions03/Math/RemapValueRange.uasset" 3651
"../../Plugins/Interchange/Assets/Content/Functions/MF_Iridescence.uasset" 3652
"../../Plugins/Interchange/Assets/Content/gltf/MaterialBodies/MF_Default_Body.uasset" 3653
"../../Plugins/Interchange/Assets/Content/gltf/MaterialFunctions/MF_BaseColor.uasset" 3654
"../../Plugins/Interchange/Assets/Content/gltf/MaterialFunctions/MF_Emissive.uasset" 3655
"../../Plugins/Interchange/Assets/Content/gltf/MaterialFunctions/MF_IOR.uasset" 3656
"../../Plugins/Interchange/Assets/Content/gltf/MaterialFunctions/MF_Iridescence.uasset" 3657
"../../Plugins/Interchange/Assets/Content/gltf/MaterialFunctions/MF_MetallicRoughness.uasset" 3658
"../../Plugins/Interchange/Assets/Content/gltf/MaterialFunctions/MF_Normals.uasset" 3659
"../../Plugins/Interchange/Assets/Content/gltf/MaterialFunctions/MF_Occlusion.uasset" 3660
"../../Plugins/Interchange/Assets/Content/gltf/MaterialFunctions/MF_RotateNormals_TS.uasset" 3661
"../../Plugins/Interchange/Assets/Content/gltf/MaterialFunctions/MF_RotateV2.uasset" 3662
"../../Plugins/Interchange/Assets/Content/gltf/MaterialFunctions/MF_ScaleNormal.uasset" 3663
"../../Plugins/Interchange/Assets/Content/gltf/MaterialFunctions/MF_Specular.uasset" 3664
"../../Plugins/Interchange/Assets/Content/gltf/MaterialFunctions/MF_SpecularAnisotropy.uasset" 3665
"../../Plugins/Interchange/Assets/Content/gltf/MaterialFunctions/MF_TransformUVs.uasset" 3666
"../../Plugins/Interchange/Assets/Content/gltf/Textures/T_Anisotropy_Direction_Linear.uasset" 3667
"../../Plugins/Interchange/Assets/Content/gltf/Textures/T_Generic_N.uasset" 3668
"../../Plugins/Interchange/Assets/Content/gltf/Textures/T_White_Linear.uasset" 3669
"../../Plugins/Interchange/Assets/Content/gltf/Textures/T_White_srgb.uasset" 3670
"../../Plugins/Interchange/Assets/Content/Utilities/New_LUT.uasset" 3671
"../../Plugins/Interchange/Assets/Content/Functions/MF_IridescenceNoLUT.uasset" 3672
"/Game/Game_ThePerfectDate/Meshes/Tacos/Tacos_Props/StaticMeshes/Tree" 3673
"/Game/Game_ThePerfectDate/Meshes/Tacos/Tacos_Props/Materials/trash_can" 3674
"../../../../../../Users/1869771/Documents/GitHub/Martel_Ju_TP2_sans_lfs/Content/Game_ThePerfectDate/Meshes/Tacos/Tacos_Props/Textures/trash_can.uasset" 3675
"/Game/Game_ThePerfectDate/Meshes/Tacos/Tacos_Props/StaticMeshes/trash_can" 3676
"/Game/Game_ThePerfectDate/Meshes/Tacos/Tacos_Props/StaticMeshes/Soda_005" 3677
"../../../../../../Users/1869771/Documents/GitHub/Martel_Ju_TP2_sans_lfs/Content/Game_ThePerfectDate/Meshes/Tacos/Tacos_Props/Textures/Sodas.uasset" 3678
"/Game/Game_ThePerfectDate/Meshes/Tacos/Tacos_Props/StaticMeshes/Soda_004" 3679
"/Game/Game_ThePerfectDate/Meshes/Tacos/Tacos_Props/Materials/Public_phone" 3680
"../../../../../../Users/1869771/Documents/GitHub/Martel_Ju_TP2_sans_lfs/Content/Game_ThePerfectDate/Meshes/Tacos/Tacos_Props/Textures/Public_phone.uasset" 3681
"/Game/Game_ThePerfectDate/Meshes/Tacos/Tacos_Props/StaticMeshes/Public_phone_01" 3682
"/Game/Game_ThePerfectDate/Meshes/Tacos/Tacos_Props/Textures/Light" 3683
"/Game/Game_ThePerfectDate/Meshes/Tacos/Tacos_Props/Materials/Light" 3684
"../../../../../../Users/1869771/Documents/GitHub/Martel_Ju_TP2_sans_lfs/Content/Game_ThePerfectDate/Meshes/Tacos/Tacos_Props/Textures/Light_Emissor.uasset" 3685
"/Game/Game_ThePerfectDate/Meshes/Tacos/Tacos_Props/Textures/Metal_02" 3686
"/Game/Game_ThePerfectDate/Meshes/Tacos/Tacos_Props/Materials/Metal_02" 3687
"/Game/Game_ThePerfectDate/Meshes/Tacos/Tacos_Props/StaticMeshes/Light" 3688
"/Game/Game_ThePerfectDate/Meshes/Tacos/Tacos_Props/Textures/buildings_abandoned" 3689
"/Game/Game_ThePerfectDate/Meshes/Tacos/Tacos_Props/Materials/buildings_abandoned" 3690
"/Game/Game_ThePerfectDate/Meshes/Tacos/Tacos_Props/StaticMeshes/buildings_29_001" 3691
"../../../../../../Users/1869771/Documents/GitHub/Martel_Ju_TP2_sans_lfs/Content/Game_ThePerfectDate/Meshes/Tacos/Tacos_Props/Materials/BrickSmallBrown.uasset" 3692
"../../../../../../Users/1869771/Documents/GitHub/Martel_Ju_TP2_sans_lfs/Content/Game_ThePerfectDate/Meshes/Tacos/Tacos_Props/Materials/Concrete_01.uasset" 3693
"../../../../../../Users/1869771/Documents/GitHub/Martel_Ju_TP2_sans_lfs/Content/Game_ThePerfectDate/Meshes/Tacos/Tacos_Props/Textures/BrickSmallBrown.uasset" 3694
"../../../../../../Users/1869771/Documents/GitHub/Martel_Ju_TP2_sans_lfs/Content/Game_ThePerfectDate/Meshes/Tacos/Tacos_Props/Textures/Concrete_01.uasset" 3695
"/Game/Game_ThePerfectDate/Meshes/Tacos/Tacos_Props/Textures/buildings_06" 3696
"/Game/Game_ThePerfectDate/Meshes/Tacos/Tacos_Props/Materials/buildings_06" 3697
"C:/Users/1869771/Documents/GitHub/Martel_Ju_TP2_sans_lfs/Content/Game_ThePerfectDate/Meshes/Tacos/Tacos_Props/Materials/buildings_25.uasset" 3698
"C:/Users/1869771/Documents/GitHub/Martel_Ju_TP2_sans_lfs/Content/Game_ThePerfectDate/Meshes/Tacos/Tacos_Props/Textures/buildings_23.uasset" 3699
"C:/Users/1869771/Documents/GitHub/Martel_Ju_TP2_sans_lfs/Content/Game_ThePerfectDate/Meshes/Tacos/Tacos_Props/StaticMeshes/buildings_25.uasset" 3700
"C:/Users/1869771/Documents/GitHub/Martel_Ju_TP2_sans_lfs/Content/Game_ThePerfectDate/Meshes/Tacos/Tacos_Props/Materials/buildings_23.uasset" 3701
"C:/Users/1869771/Documents/GitHub/Martel_Ju_TP2_sans_lfs/Content/Game_ThePerfectDate/Meshes/Tacos/Tacos_Props/Materials/buildings_13.uasset" 3702
"C:/Users/1869771/Documents/GitHub/Martel_Ju_TP2_sans_lfs/Content/Game_ThePerfectDate/Meshes/Tacos/Tacos_Props/StaticMeshes/buildings_23.uasset" 3703
"C:/Users/1869771/Documents/GitHub/Martel_Ju_TP2_sans_lfs/Content/Game_ThePerfectDate/Meshes/Tacos/Tacos_Props/Textures/buildings_25.uasset" 3704
"C:/Users/1869771/Documents/GitHub/Martel_Ju_TP2_sans_lfs/Content/Game_ThePerfectDate/Meshes/Tacos/Tacos_Props/StaticMeshes/buildings_13.uasset" 3705
"C:/Users/1869771/Documents/GitHub/Martel_Ju_TP2_sans_lfs/Content/Game_ThePerfectDate/Meshes/Tacos/Tacos_Props/Materials/brick_modern.uasset" 3706
"C:/Users/1869771/Documents/GitHub/Martel_Ju_TP2_sans_lfs/Content/Game_ThePerfectDate/Meshes/Tacos/Tacos_Props/Materials/brick_white_01.uasset" 3707
"C:/Users/1869771/Documents/GitHub/Martel_Ju_TP2_sans_lfs/Content/Game_ThePerfectDate/Meshes/Pizza/Scene/Pizzeria_Scene/Textures/Tree.uasset" 3708
"C:/Users/1869771/Documents/GitHub/Martel_Ju_TP2_sans_lfs/Content/Game_ThePerfectDate/Meshes/Pizza/Scene/Pizzeria_Scene/Materials/Tree.uasset" 3709
"C:/Users/1869771/Documents/GitHub/Martel_Ju_TP2_sans_lfs/Content/Game_ThePerfectDate/Meshes/Pizza/Scene/Pizzeria_Scene/StaticMeshes/Trash__006.uasset" 3710
"C:/Users/1869771/Documents/GitHub/Martel_Ju_TP2_sans_lfs/Content/Game_ThePerfectDate/Meshes/Pizza/Scene/Pizzeria_Scene/Materials/Trash_.uasset" 3711
"C:/Users/1869771/Documents/GitHub/Martel_Ju_TP2_sans_lfs/Content/Game_ThePerfectDate/Meshes/Pizza/Scene/Pizzeria_Scene/Materials/Soft_drinks_c.uasset" 3712
"C:/Users/1869771/Documents/GitHub/Martel_Ju_TP2_sans_lfs/Content/Game_ThePerfectDate/Meshes/Tacos/Tacos_Props/Materials/buildings.uasset" 3713
"C:/Users/1869771/Documents/GitHub/Martel_Ju_TP2_sans_lfs/Content/Game_ThePerfectDate/Meshes/Pizza/Scene/Pizzeria_Scene/StaticMeshes/Tree_001.uasset" 3714
"C:/Users/1869771/Documents/GitHub/Martel_Ju_TP2_sans_lfs/Content/Game_ThePerfectDate/Meshes/Tacos/Tacos_Props/StaticMeshes/buildings.uasset" 3715
"C:/Users/1869771/Documents/GitHub/Martel_Ju_TP2_sans_lfs/Content/Game_ThePerfectDate/Meshes/Pizza/Scene/Pizzeria_Scene/StaticMeshes/Soft_drinks_004.uasset" 3716
"C:/Users/1869771/Documents/GitHub/Martel_Ju_TP2_sans_lfs/Content/Game_ThePerfectDate/Meshes/Pizza/Scene/Pizzeria_Scene/Materials/Soft_drinks_01.uasset" 3717
"C:/Users/1869771/Documents/GitHub/Martel_Ju_TP2_sans_lfs/Content/Game_ThePerfectDate/Meshes/Pizza/Scene/Pizzeria_Scene/StaticMeshes/Pizza_box.uasset" 3718
"C:/Users/1869771/Documents/GitHub/Martel_Ju_TP2_sans_lfs/Content/Game_ThePerfectDate/Meshes/Pizza/Scene/Pizzeria_Scene/Materials/wood_planks.uasset" 3719
"C:/Users/1869771/Documents/GitHub/Martel_Ju_TP2_sans_lfs/Content/Game_ThePerfectDate/Meshes/Pizza/Scene/Pizzeria_Scene/Materials/Pizza_box.uasset" 3720
"C:/Users/1869771/Documents/GitHub/Martel_Ju_TP2_sans_lfs/Content/Game_ThePerfectDate/Meshes/Pizza/Scene/Pizzeria_Scene/Materials/Wood.uasset" 3721
"/Game/Game_ThePerfectDate/Meshes/Tacos/Tacos_Props/Materials/Concrete_02" 3722
"C:/Users/1869771/Documents/GitHub/Martel_Ju_TP2_sans_lfs/Content/Game_ThePerfectDate/Meshes/Pizza/Scene/Pizzeria_Scene/StaticMeshes/Trash__005.uasset" 3723
"C:/Users/1869771/Documents/GitHub/Martel_Ju_TP2_sans_lfs/Content/Game_ThePerfectDate/Meshes/Pizza/Scene/Pizzeria_Scene/StaticMeshes/Cube_032.uasset" 3724
"C:/Users/1869771/Documents/GitHub/Martel_Ju_TP2_sans_lfs/Content/Game_ThePerfectDate/Meshes/Pizza/Scene/Pizzeria_Scene/Textures/building_21.uasset" 3725
"/Game/Game_ThePerfectDate/Meshes/Tacos/Tacos_Props/StaticMeshes/buildings_26" 3726
"../../../../../../Users/1869771/Documents/GitHub/Martel_Ju_TP2_sans_lfs/Content/Game_ThePerfectDate/Meshes/Tacos/Tacos_Props/Textures/buildings_26.uasset" 3727
"/Game/Game_ThePerfectDate/Meshes/Pizza/Scene/Pizzeria_Scene/Textures/Tree" 3728
"/Game/Game_ThePerfectDate/Meshes/Tacos/Tacos_Props/Materials/brick_white_01" 3729
"../../../../../../Users/1869771/Documents/GitHub/Martel_Ju_TP2_sans_lfs/Content/Game_ThePerfectDate/Meshes/Tacos/Tacos_Props/Textures/brick_white_01.uasset" 3730
"/Game/Game_ThePerfectDate/Meshes/Tacos/Tacos_Props/StaticMeshes/buildings_13" 3731
"../../../../../../Users/1869771/Documents/GitHub/Martel_Ju_TP2_sans_lfs/Content/Game_ThePerfectDate/Meshes/Tacos/Tacos_Props/Textures/brick_modern.uasset" 3732
"../../../../../../Users/1869771/Documents/GitHub/Martel_Ju_TP2_sans_lfs/Content/Game_ThePerfectDate/Meshes/Tacos/Tacos_Props/Textures/buildings_13.uasset" 3733
"/Game/Game_ThePerfectDate/Meshes/Tacos/Tacos_Props/StaticMeshes/buildings_23" 3734
"/Game/Game_ThePerfectDate/Meshes/Tacos/Tacos_Props/StaticMeshes/buildings_25" 3735
"C:/Users/1869771/Documents/GitHub/Martel_Ju_TP2_sans_lfs/Content/Game_ThePerfectDate/Meshes/Pizza/Scene/Pizzeria_Scene/Materials/building_21.uasset" 3736
"C:/Users/1869771/Documents/GitHub/Martel_Ju_TP2_sans_lfs/Content/Game_ThePerfectDate/Meshes/Pizza/Scene/Pizzeria_Scene/StaticMeshes/building_21_001.uasset" 3737
"C:/Users/1869771/Documents/GitHub/Martel_Ju_TP2_sans_lfs/Content/Game_ThePerfectDate/Meshes/Pizza/Scene/Pizzeria_Scene/Textures/brick_modern_04.uasset" 3738
"C:/Users/1869771/Documents/GitHub/Martel_Ju_TP2_sans_lfs/Content/Game_ThePerfectDate/Meshes/Pizza/Scene/Pizzeria_Scene/Materials/brick_modern_04.uasset" 3739
"C:/Users/1869771/Documents/GitHub/Martel_Ju_TP2_sans_lfs/Content/Game_ThePerfectDate/Meshes/Pizza/Scene/Pizzeria_Scene/Materials/building_16.uasset" 3740
"C:/Users/1869771/Documents/GitHub/Martel_Ju_TP2_sans_lfs/Content/Game_ThePerfectDate/Meshes/Pizza/Scene/Pizzeria_Scene/Textures/building_13.uasset" 3741
"C:/Users/1869771/Documents/GitHub/Martel_Ju_TP2_sans_lfs/Content/Game_ThePerfectDate/Meshes/Pizza/Scene/Pizzeria_Scene/Textures/building_16.uasset" 3742
"C:/Users/1869771/Documents/GitHub/Martel_Ju_TP2_sans_lfs/Content/Game_ThePerfectDate/Meshes/Pizza/Scene/Pizzeria_Scene/Materials/building_13.uasset" 3743
"C:/Users/1869771/Documents/GitHub/Martel_Ju_TP2_sans_lfs/Content/Game_ThePerfectDate/Meshes/Pizza/Scene/Pizzeria_Scene/StaticMeshes/building_16_004.uasset" 3744
"C:/Users/1869771/Documents/GitHub/Martel_Ju_TP2_sans_lfs/Content/Game_ThePerfectDate/Meshes/Pizza/Scene/Pizzeria_Scene/StaticMeshes/building_13_002.uasset" 3745
"C:/Users/1869771/Documents/GitHub/Martel_Ju_TP2_sans_lfs/Content/Game_ThePerfectDate/Meshes/Pizza/Scene/Pizzeria_Scene/Materials/brick_modern.uasset" 3746
"C:/Users/1869771/Documents/GitHub/Martel_Ju_TP2_sans_lfs/Content/Game_ThePerfectDate/Meshes/Pizza/Scene/Pizzeria_Scene/Materials/building_08.uasset" 3747
"C:/Users/1869771/Documents/GitHub/Martel_Ju_TP2_sans_lfs/Content/Game_ThePerfectDate/Meshes/Pizza/Scene/Pizzeria_Scene/Textures/building_08.uasset" 3748
"C:/Users/1869771/Documents/GitHub/Martel_Ju_TP2_sans_lfs/Content/Game_ThePerfectDate/Meshes/Pizza/Scene/Pizzeria_Scene/StaticMeshes/building_08_003.uasset" 3749
"C:/Users/1869771/Documents/GitHub/Martel_Ju_TP2_sans_lfs/Content/Game_ThePerfectDate/Meshes/Pizza/Scene/Pizzeria_Scene/Textures/brick_modern.uasset" 3750
"/Game/Game_ThePerfectDate/Meshes/Pizza/Scene/Pizzeria_Scene/Materials/wood_planks" 3751
"../../../../../../Users/1869771/Documents/GitHub/Martel_Ju_TP2_sans_lfs/Content/Game_ThePerfectDate/Meshes/Pizza/Scene/Pizzeria_Scene/Textures/wood_planks.uasset" 3752
"/Game/Game_ThePerfectDate/Meshes/Pizza/Scene/Pizzeria_Scene/StaticMeshes/Pizza_box" 3753
"../../../../../../Users/1869771/Documents/GitHub/Martel_Ju_TP2_sans_lfs/Content/Game_ThePerfectDate/Meshes/Pizza/Scene/Pizzeria_Scene/Textures/Pizza_box.uasset" 3754
"/Game/Game_ThePerfectDate/Meshes/Pizza/Scene/Pizzeria_Scene/StaticMeshes/Soft_drinks_004" 3755
"../../../../../../Users/1869771/Documents/GitHub/Martel_Ju_TP2_sans_lfs/Content/Game_ThePerfectDate/Meshes/Pizza/Scene/Pizzeria_Scene/Textures/Soft_drinks_01.uasset" 3756
"../../../../../../Users/1869771/Documents/GitHub/Martel_Ju_TP2_sans_lfs/Content/Game_ThePerfectDate/Meshes/Pizza/Scene/Pizzeria_Scene/Textures/Soft_drinks_c.uasset" 3757
"/Game/Game_ThePerfectDate/Meshes/Tacos/Tacos_Props/StaticMeshes/buildings_06" 3758
"/Game/Game_ThePerfectDate/Meshes/Pizza/Scene/Pizzeria_Scene/StaticMeshes/Trash__005" 3759
"../../../../../../Users/1869771/Documents/GitHub/Martel_Ju_TP2_sans_lfs/Content/Game_ThePerfectDate/Meshes/Pizza/Scene/Pizzeria_Scene/Textures/Trash_.uasset" 3760
"/Game/Game_ThePerfectDate/Meshes/Pizza/Scene/Pizzeria_Scene/StaticMeshes/Trash__006" 3761
"/Game/Game_ThePerfectDate/Meshes/Pizza/Scene/Pizzeria_Scene/StaticMeshes/Tree_001" 3762
"/Game/Game_ThePerfectDate/Meshes/Tacos/Tacos_Props/StaticMeshes/buildings" 3763
"../../../../../../Users/1869771/Documents/GitHub/Martel_Ju_TP2_sans_lfs/Content/Game_ThePerfectDate/Meshes/Tacos/Tacos_Props/Textures/buildings.uasset" 3764
"/Game/Game_ThePerfectDate/Meshes/Pizza/Scene/Pizzeria_Scene/Materials/building_13" 3765
"/Game/Game_ThePerfectDate/Meshes/Pizza/Scene/Pizzeria_Scene/Materials/brick_modern_04" 3766
"/Game/Game_ThePerfectDate/Meshes/Pizza/Scene/Pizzeria_Scene/StaticMeshes/building_16_004" 3767
"../../../../../../Users/1869771/Documents/GitHub/Martel_Ju_TP2_sans_lfs/Content/Game_ThePerfectDate/Meshes/Pizza/Scene/Pizzeria_Scene/Materials/Roof_tiles.uasset" 3768
"../../../../../../Users/1869771/Documents/GitHub/Martel_Ju_TP2_sans_lfs/Content/Game_ThePerfectDate/Meshes/Pizza/Scene/Pizzeria_Scene/Textures/Roof_tiles.uasset" 3769
"/Game/Game_ThePerfectDate/Meshes/Pizza/Scene/Pizzeria_Scene/StaticMeshes/building_21_001" 3770
"../../../../../../Users/1869771/Documents/GitHub/Martel_Ju_TP2_sans_lfs/Content/Game_ThePerfectDate/Meshes/Pizza/Scene/Pizzeria_Scene/Materials/brick_modern_06.uasset" 3771
"../../../../../../Users/1869771/Documents/GitHub/Martel_Ju_TP2_sans_lfs/Content/Game_ThePerfectDate/Meshes/Pizza/Scene/Pizzeria_Scene/Textures/brick_modern_05.uasset" 3772
"/Game/Game_ThePerfectDate/Meshes/Pizza/Scene/Pizzeria_Scene/Materials/Wood" 3773
"../../../../../../Users/1869771/Documents/GitHub/Martel_Ju_TP2_sans_lfs/Content/Game_ThePerfectDate/Meshes/Pizza/Scene/Pizzeria_Scene/Textures/Wood.uasset" 3774
"/Game/Game_ThePerfectDate/Meshes/Pizza/Scene/Pizzeria_Scene/StaticMeshes/Cube_032" 3775
"C:/Users/1869771/Documents/GitHub/Martel_Ju_TP2_sans_lfs/Content/Game_ThePerfectDate/Meshes/Pizza/Scene/Pizzeria_Scene/Textures/building_03.uasset" 3776
"C:/Users/1869771/Documents/GitHub/Martel_Ju_TP2_sans_lfs/Content/Game_ThePerfectDate/Meshes/Pizza/Scene/Pizzeria_Scene/Textures/brick_modern_03.uasset" 3777
"C:/Users/1869771/Documents/GitHub/Martel_Ju_TP2_sans_lfs/Content/Game_ThePerfectDate/Meshes/Pizza/Scene/Pizzeria_Scene/Materials/brick_modern_03.uasset" 3778
"C:/Users/1869771/Documents/GitHub/Martel_Ju_TP2_sans_lfs/Content/Game_ThePerfectDate/Meshes/Pizza/Scene/Pizzeria_Scene/Textures/building_04.uasset" 3779
"C:/Users/1869771/Documents/GitHub/Martel_Ju_TP2_sans_lfs/Content/Game_ThePerfectDate/Meshes/Pizza/Scene/Pizzeria_Scene/Materials/building_04.uasset" 3780
"C:/Users/1869771/Documents/GitHub/Martel_Ju_TP2_sans_lfs/Content/Game_ThePerfectDate/Meshes/Pizza/Scene/Pizzeria_Scene/Textures/building_02.uasset" 3781
"C:/Users/1869771/Documents/GitHub/Martel_Ju_TP2_sans_lfs/Content/Game_ThePerfectDate/Meshes/Pizza/Scene/Pizzeria_Scene/StaticMeshes/building_04_007.uasset" 3782
"C:/Users/1869771/Documents/GitHub/Martel_Ju_TP2_sans_lfs/Content/Game_ThePerfectDate/Meshes/Pizza/Scene/Pizzeria_Scene/Materials/building_03.uasset" 3783
"C:/Users/1869771/Documents/GitHub/Martel_Ju_TP2_sans_lfs/Content/Game_ThePerfectDate/Meshes/Pizza/Scene/Pizzeria_Scene/Materials/building_02.uasset" 3784
"C:/Users/1869771/Documents/GitHub/Martel_Ju_TP2_sans_lfs/Content/Game_ThePerfectDate/Meshes/Pizza/Scene/Pizzeria_Scene/StaticMeshes/building_03_011.uasset" 3785
"C:/Users/1869771/Documents/GitHub/Martel_Ju_TP2_sans_lfs/Content/Game_ThePerfectDate/Meshes/Pizza/Scene/Pizzeria_Scene/Textures/BrickSmallPainted.uasset" 3786
"C:/Users/1869771/Documents/GitHub/Martel_Ju_TP2_sans_lfs/Content/Game_ThePerfectDate/Meshes/Pizza/Scene/Pizzeria_Scene/Materials/BrickSmallBrown.uasset" 3787
"C:/Users/1869771/Documents/GitHub/Martel_Ju_TP2_sans_lfs/Content/Game_ThePerfectDate/Meshes/Pizza/Scene/Pizzeria_Scene/Materials/TilesPlain.uasset" 3788
"C:/Users/1869771/Documents/GitHub/Martel_Ju_TP2_sans_lfs/Content/Game_ThePerfectDate/Meshes/Pizza/Scene/Pizzeria_Scene/Materials/BrickSmallPainted.uasset" 3789
"C:/Users/1869771/Documents/GitHub/Martel_Ju_TP2_sans_lfs/Content/Game_ThePerfectDate/Meshes/Pizza/Scene/Pizzeria_Scene/StaticMeshes/building_01_002.uasset" 3790
"../../../Engine/Plugins/Interchange/Assets/Content/gltf/MaterialFunctions/MF_Transmission.uasset" 3791
"../../../Engine/Plugins/Interchange/Assets/Content/gltf/MaterialFunctions/MF_Fresnel_DS.uasset" 3792
"/Game/Game_ThePerfectDate/Meshes/Pizza/Scene/Pizzeria_Scene/StaticMeshes/building_08_003" 3793
"../../../Engine/Plugins/Interchange/Assets/Content/gltf/MaterialBodies/MF_Transmission_Body.uasset" 3794
"../../../Engine/Plugins/Interchange/Assets/Content/gltf/M_Transmission.uasset" 3795
"../../../Engine/Content/Functions/Engine_MaterialFunctions02/Texturing/ScreenAlignedPixelToPixelUVs.uasset" 3796
"../../../Engine/Plugins/Interchange/Assets/Content/gltf/MaterialInstances/MI_Transmission_DS.uasset" 3797
"C:/Users/1869771/Documents/GitHub/Martel_Ju_TP2_sans_lfs/Content/Game_ThePerfectDate/Meshes/Pizza/Scene/Pizzeria_Scene/Materials/Glass.uasset" 3798
"../../../Engine/Plugins/Interchange/Assets/Content/gltf/MaterialFunctions/MF_Temporal_Blur.uasset" 3799
"C:/Users/1869771/Documents/GitHub/Martel_Ju_TP2_sans_lfs/Content/Game_ThePerfectDate/Meshes/Personnages/NPC/MonsieurDormir/Sleeping_Idle.uasset" 3800
"C:/Users/1869771/Documents/GitHub/Martel_Ju_TP2_sans_lfs/Content/Game_ThePerfectDate/Meshes/Personnages/NPC/MonsieurDormir/Character_09_PhysicsAsset.uasset" 3801
"C:/Users/1869771/Documents/GitHub/Martel_Ju_TP2_sans_lfs/Content/Game_ThePerfectDate/Meshes/Pizza/Scene/Pizzeria_Scene/StaticMeshes/building_02_001.uasset" 3802
"/Game/Game_ThePerfectDate/Meshes/Pizza/Scene/Pizzeria_Scene/StaticMeshes/building_13_002" 3803
"/Game/Game_ThePerfectDate/Meshes/Pizza/Scene/Pizzeria_Scene/Textures/building_02" 3804
"/Game/Game_ThePerfectDate/Meshes/Pizza/Scene/Pizzeria_Scene/Materials/brick_modern_03" 3805
"/Game/Game_ThePerfectDate/Meshes/Pizza/Scene/Pizzeria_Scene/Materials/building_03" 3806
"/Game/Game_ThePerfectDate/Meshes/Pizza/Scene/Pizzeria_Scene/StaticMeshes/building_04_007" 3807
"C:/Users/1869771/Documents/GitHub/Martel_Ju_TP2_sans_lfs/Content/Game_ThePerfectDate/Materials/Vertex_Snapping/MI_MonsieurDormir.uasset" 3808
"C:/Users/1869771/Documents/GitHub/Martel_Ju_TP2_sans_lfs/Content/Game_ThePerfectDate/Meshes/Personnages/NPC/MonsieurDormir/Texture/Character_09.uasset" 3809
"C:/Users/1869771/Documents/GitHub/Martel_Ju_TP2_sans_lfs/Content/Game_ThePerfectDate/Meshes/Personnages/NPC/MonsieurDormir/Character_091.uasset" 3810
"C:/Users/1869771/Documents/GitHub/Martel_Ju_TP2_sans_lfs/Content/Game_ThePerfectDate/Meshes/Personnages/NPC/Madame/Character_29_Female_Skeleton.uasset" 3811
"C:/Users/1869771/Documents/GitHub/Martel_Ju_TP2_sans_lfs/Content/Game_ThePerfectDate/Meshes/Personnages/NPC/MonsieurDormir/Character_09_Skeleton.uasset" 3812
"C:/Users/1869771/Documents/GitHub/Martel_Ju_TP2_sans_lfs/Content/Game_ThePerfectDate/Materials/Vertex_Snapping/MI_Madame_Molly.uasset" 3813
"C:/Users/1869771/Documents/GitHub/Martel_Ju_TP2_sans_lfs/Content/Game_ThePerfectDate/Meshes/Personnages/NPC/Madame/Character_29_Female1.uasset" 3814
"C:/Users/1869771/Documents/GitHub/Martel_Ju_TP2_sans_lfs/Content/Game_ThePerfectDate/Meshes/Personnages/NPC/Madame/Character_29_Female_PhysicsAsset.uasset" 3815
"C:/Users/1869771/Documents/GitHub/Martel_Ju_TP2_sans_lfs/Content/Game_ThePerfectDate/Meshes/Personnages/NPC/Characters_PSX/Police_Woman/Macarena_Dance.uasset" 3816
"C:/Users/1869771/Documents/GitHub/Martel_Ju_TP2_sans_lfs/Content/Game_ThePerfectDate/Meshes/Personnages/NPC/Characters_PSX/Police_Woman/Character_25_Female_Police_Skeleton.uasset" 3817
"C:/Users/1869771/Documents/GitHub/Martel_Ju_TP2_sans_lfs/Content/Game_ThePerfectDate/Meshes/Personnages/NPC/Characters_PSX/Police_Woman/Character_25_Female_Police.uasset" 3818
"C:/Users/1869771/Documents/GitHub/Martel_Ju_TP2_sans_lfs/Content/Game_ThePerfectDate/Meshes/Personnages/NPC/Madame/Material/Character_29_Female.uasset" 3819
"C:/Users/1869771/Documents/GitHub/Martel_Ju_TP2_sans_lfs/Content/Game_ThePerfectDate/Meshes/Personnages/NPC/Characters_PSX/Police/Chicken_Dance.uasset" 3820
"C:/Users/1869771/Documents/GitHub/Martel_Ju_TP2_sans_lfs/Content/Game_ThePerfectDate/Meshes/Personnages/NPC/Madame/Robot_Hip_Hop_Dance.uasset" 3821
"/Game/Game_ThePerfectDate/Meshes/Pizza/Scene/Pizzeria_Scene/Materials/Glass" 3822
"/Game/Game_ThePerfectDate/Meshes/Pizza/Scene/Pizzeria_Scene/StaticMeshes/building_01_002" 3823
"../../../../../../Users/1869771/Documents/GitHub/Martel_Ju_TP2_sans_lfs/Content/Game_ThePerfectDate/Meshes/Pizza/Scene/Pizzeria_Scene/Textures/TilesPlain.uasset" 3824
"/Game/Game_ThePerfectDate/Meshes/Pizza/Scene/Pizzeria_Scene/StaticMeshes/building_02_001" 3825
"/Game/Game_ThePerfectDate/Meshes/Pizza/Scene/Pizzeria_Scene/StaticMeshes/building_03_011" 3826
"/Game/Game_ThePerfectDate/Meshes/Personnages/NPC/Madame/Character_29_Female_Skeleton" 3827
"/Game/Game_ThePerfectDate/Meshes/Personnages/NPC/MonsieurDormir/Character_091" 3828
"/Game/Game_ThePerfectDate/Meshes/Personnages/NPC/MonsieurDormir/Sleeping_Idle" 3829
"C:/Users/1869771/Documents/GitHub/Martel_Ju_TP2_sans_lfs/Content/Game_ThePerfectDate/Meshes/Personnages/NPC/Characters_PSX/Police/Character_17_Police_Skeleton.uasset" 3830
"C:/Users/1869771/Documents/GitHub/Martel_Ju_TP2_sans_lfs/Content/Game_ThePerfectDate/Meshes/Personnages/NPC/Characters_PSX/Monsieur01/Wave_Hip_Hop_Dance.uasset" 3831
"C:/Users/1869771/Documents/GitHub/Martel_Ju_TP2_sans_lfs/Content/Game_ThePerfectDate/Meshes/Personnages/NPC/Characters_PSX/Monsieur01/Character_15_Skeleton.uasset" 3832
"C:/Users/1869771/Documents/GitHub/Martel_Ju_TP2_sans_lfs/Content/Game_ThePerfectDate/Meshes/Personnages/NPC/Characters_PSX/Monsieur01/Character_15_PhysicsAsset.uasset" 3833
"C:/Users/1869771/Documents/GitHub/Martel_Ju_TP2_sans_lfs/Content/Game_ThePerfectDate/Meshes/Personnages/NPC/Characters_PSX/Monsieur01/Texture/Character_15.uasset" 3834
"C:/Users/1869771/Documents/GitHub/Martel_Ju_TP2_sans_lfs/Content/Game_ThePerfectDate/Materials/Vertex_Snapping/NPC/MI_Monsieur01.uasset" 3835
"C:/Users/1869771/Documents/GitHub/Martel_Ju_TP2_sans_lfs/Content/Game_ThePerfectDate/Meshes/Personnages/NPC/Characters_PSX/Police/Character_17_Police.uasset" 3836
"C:/Users/1869771/Documents/GitHub/Martel_Ju_TP2_sans_lfs/Content/Game_ThePerfectDate/Meshes/Personnages/NPC/Characters_PSX/Monsieur02/Texture/Character_30.uasset" 3837
"C:/Users/1869771/Documents/GitHub/Martel_Ju_TP2_sans_lfs/Content/Game_ThePerfectDate/Meshes/Personnages/NPC/Characters_PSX/Monsieur02/Character_30.uasset" 3838
"C:/Users/1869771/Documents/GitHub/Martel_Ju_TP2_sans_lfs/Content/Game_ThePerfectDate/Meshes/Personnages/NPC/Characters_PSX/Monsieur01/Character_151.uasset" 3839
"C:/Users/1869771/Documents/GitHub/Martel_Ju_TP2_sans_lfs/Content/Game_ThePerfectDate/Meshes/Personnages/NPC/Characters_PSX/Madame1/Leaning_On_A_Wall.uasset" 3840
"C:/Users/1869771/Documents/GitHub/Martel_Ju_TP2_sans_lfs/Content/Game_ThePerfectDate/Meshes/Personnages/NPC/Characters_PSX/Madame1/Texture/Character_Female_15.uasset" 3841
"C:/Users/1869771/Documents/GitHub/Martel_Ju_TP2_sans_lfs/Content/Game_ThePerfectDate/Materials/Vertex_Snapping/MI_Fille1.uasset" 3842
"C:/Users/1869771/Documents/GitHub/Martel_Ju_TP2_sans_lfs/Content/Game_ThePerfectDate/Meshes/Personnages/NPC/Characters_PSX/Madame1/Character_Female_15.uasset" 3843
"/Game/Game_ThePerfectDate/Meshes/Personnages/NPC/Characters_PSX/Police/Chicken_Dance" 3844
"C:/Users/1869771/Documents/GitHub/Martel_Ju_TP2_sans_lfs/Content/Game_ThePerfectDate/Meshes/Personnages/NPC/Characters_PSX/KillerNPC/Sitting.uasset" 3845
"C:/Users/1869771/Documents/GitHub/Martel_Ju_TP2_sans_lfs/Content/Game_ThePerfectDate/Meshes/Personnages/NPC/Characters_PSX/KillerNPC/Character_Killer_02_Skeleton.uasset" 3846
"C:/Users/1869771/Documents/GitHub/Martel_Ju_TP2_sans_lfs/Content/Game_ThePerfectDate/Meshes/Personnages/NPC/Characters_PSX/KillerNPC/Texture/Character_Killer_02.uasset" 3847
"C:/Users/1869771/Documents/GitHub/Martel_Ju_TP2_sans_lfs/Content/Game_ThePerfectDate/Materials/Vertex_Snapping/MI_Killer.uasset" 3848
"C:/Users/1869771/Documents/GitHub/Martel_Ju_TP2_sans_lfs/Content/Game_ThePerfectDate/Materials/Vertex_Snapping/NPC/MI_MonsieurDanse01.uasset" 3849
"C:/Users/1869771/Documents/GitHub/Martel_Ju_TP2_sans_lfs/Content/Game_ThePerfectDate/Meshes/Personnages/NPC/Characters_PSX/Madame1/Character_Female_15_Skeleton.uasset" 3850
"C:/Users/1869771/Documents/GitHub/Martel_Ju_TP2_sans_lfs/Content/Game_ThePerfectDate/Meshes/Personnages/NPC/Characters_PSX/Fille2/Texture/Character_Female_07_Mat.uasset" 3851
"C:/Users/1869771/Documents/GitHub/Martel_Ju_TP2_sans_lfs/Content/Game_ThePerfectDate/Meshes/Personnages/NPC/Characters_PSX/KillerNPC/Character_Killer_02.uasset" 3852
"C:/Users/1869771/Documents/GitHub/Martel_Ju_TP2_sans_lfs/Content/Game_ThePerfectDate/Meshes/Personnages/NPC/Characters_PSX/Fille2/Texture/Character_Female_07.uasset" 3853
"/Game/Game_ThePerfectDate/Meshes/Personnages/NPC/Characters_PSX/Police_Woman/Character_25_Female_Police" 3854
"/Game/Game_ThePerfectDate/Meshes/Personnages/NPC/Characters_PSX/Police_Woman/Macarena_Dance" 3855
"/Game/Game_ThePerfectDate/Meshes/Personnages/NPC/Madame/Character_29_Female1" 3856
"/Game/Game_ThePerfectDate/Meshes/Personnages/NPC/Characters_PSX/Monsieur01/Character_15_Skeleton" 3857
"/Game/Game_ThePerfectDate/Meshes/Personnages/NPC/Characters_PSX/Monsieur01/Character_15_PhysicsAsset" 3858
"/Game/Game_ThePerfectDate/Meshes/Personnages/NPC/Madame/Robot_Hip_Hop_Dance" 3859
"/Game/Game_ThePerfectDate/Meshes/Personnages/NPC/Characters_PSX/Monsieur01/Wave_Hip_Hop_Dance" 3860
"C:/Users/1869771/Documents/GitHub/Martel_Ju_TP2_sans_lfs/Content/Game_ThePerfectDate/Meshes/Personnages/NPC/Characters_PSX/Fille2/Character_Female_07_Skeleton.uasset" 3861
"C:/Users/1869771/Documents/GitHub/Martel_Ju_TP2_sans_lfs/Content/Game_ThePerfectDate/Meshes/Personnages/NPC/Characters_PSX/Fille2/Head_Spinning.uasset" 3862
"C:/Users/1869771/Documents/GitHub/Martel_Ju_TP2_sans_lfs/Content/Game_ThePerfectDate/Meshes/Personnages/NPC/Characters_PSX/Fille2/Character_Female_07.uasset" 3863
"C:/Users/1869771/Documents/GitHub/Martel_Ju_TP2_sans_lfs/Content/Game_ThePerfectDate/Meshes/Personnages/NPC/Characters_PSX/Character_06/Character_06_Skeleton.uasset" 3864
"C:/Users/1869771/Documents/GitHub/Martel_Ju_TP2_sans_lfs/Content/Game_ThePerfectDate/Meshes/Personnages/NPC/Characters_PSX/Character_06/Character_06_PhysicsAsset.uasset" 3865
"C:/Users/1869771/Documents/GitHub/Martel_Ju_TP2_sans_lfs/Content/Game_ThePerfectDate/Meshes/Nature/Wood_6_Mat.uasset" 3866
"C:/Users/1869771/Documents/GitHub/Martel_Ju_TP2_sans_lfs/Content/Game_ThePerfectDate/Meshes/Personnages/NPC/Characters_PSX/Character_06/Locking_Hip_Hop_Dance.uasset" 3867
"C:/Users/1869771/Documents/GitHub/Martel_Ju_TP2_sans_lfs/Content/Game_ThePerfectDate/Meshes/Nature/Wood_1.uasset" 3868
"C:/Users/1869771/Documents/GitHub/Martel_Ju_TP2_sans_lfs/Content/Game_ThePerfectDate/Meshes/Nature/Tree_6.uasset" 3869
"C:/Users/1869771/Documents/GitHub/Martel_Ju_TP2_sans_lfs/Content/Game_ThePerfectDate/Meshes/Nature/Wood_6.uasset" 3870
"C:/Users/1869771/Documents/GitHub/Martel_Ju_TP2_sans_lfs/Content/Game_ThePerfectDate/Meshes/Nature/Wood_01.uasset" 3871
"/Game/Game_ThePerfectDate/Meshes/Personnages/NPC/Characters_PSX/Fille2/Texture/Character_Female_07_Mat" 3872
"C:/Users/1869771/Documents/GitHub/Martel_Ju_TP2_sans_lfs/Content/Game_ThePerfectDate/Meshes/Nature/Wood_1_Mat.uasset" 3873
"C:/Users/1869771/Documents/GitHub/Martel_Ju_TP2_sans_lfs/Content/Game_ThePerfectDate/Meshes/Personnages/NPC/Characters_PSX/Character_06/Character_061.uasset" 3874
"/Game/Game_ThePerfectDate/Meshes/Personnages/NPC/Characters_PSX/KillerNPC/Character_Killer_02" 3875
"/Game/Game_ThePerfectDate/Meshes/Personnages/NPC/Characters_PSX/KillerNPC/Sitting" 3876
"/Game/Game_ThePerfectDate/Meshes/Personnages/NPC/Characters_PSX/Madame1/Character_Female_15" 3877
"/Game/Game_ThePerfectDate/Meshes/Personnages/NPC/Characters_PSX/Madame1/Leaning_On_A_Wall" 3878
"/Game/Game_ThePerfectDate/Meshes/Personnages/NPC/Characters_PSX/Monsieur01/Character_151" 3879
"/Game/Game_ThePerfectDate/Meshes/Personnages/NPC/Characters_PSX/Character_06/Character_06_Skeleton" 3880
"/Game/Game_ThePerfectDate/Meshes/Personnages/NPC/Characters_PSX/Fille2/Character_Female_07_Skeleton" 3881
"/Game/Game_ThePerfectDate/Meshes/Personnages/NPC/Characters_PSX/Monsieur02/Character_30" 3882
"../../../../../../Users/1869771/Documents/GitHub/Martel_Ju_TP2_sans_lfs/Content/Game_ThePerfectDate/Meshes/Personnages/NPC/Characters_PSX/Monsieur02/Character_30_Skeleton.uasset" 3883
"/Game/Game_ThePerfectDate/Meshes/Personnages/NPC/Characters_PSX/Police/Character_17_Police" 3884
"/Game/Game_ThePerfectDate/Meshes/Personnages/NPC/Characters_PSX/Fille2/Head_Spinning" 3885
"C:/Users/1869771/Documents/GitHub/Martel_Ju_TP2_sans_lfs/Content/Game_ThePerfectDate/Meshes/Nature/Branch.uasset" 3886
"C:/Users/1869771/Documents/GitHub/Martel_Ju_TP2_sans_lfs/Content/Game_ThePerfectDate/Meshes/Nature/Tree_5.uasset" 3887
"C:/Users/1869771/Documents/GitHub/Martel_Ju_TP2_sans_lfs/Content/Game_ThePerfectDate/Meshes/Nature/Branch_Mat.uasset" 3888
"C:/Users/1869771/Documents/GitHub/Martel_Ju_TP2_sans_lfs/Content/Game_ThePerfectDate/Meshes/Nature/Tree.uasset" 3889
"C:/Users/1869771/Documents/GitHub/Martel_Ju_TP2_sans_lfs/Content/Game_ThePerfectDate/Meshes/Nature/Branch_2.uasset" 3890
"C:/Users/1869771/Documents/GitHub/Martel_Ju_TP2_sans_lfs/Content/Game_ThePerfectDate/Meshes/Nature/Branch_1.uasset" 3891
"C:/Users/1869771/Documents/GitHub/Martel_Ju_TP2_sans_lfs/Content/Game_ThePerfectDate/Meshes/Nature/Branch_2_Mat.uasset" 3892
"C:/Users/1869771/Documents/GitHub/Martel_Ju_TP2_sans_lfs/Content/Game_ThePerfectDate/Meshes/Nature/Branch_10.uasset" 3893
"C:/Users/1869771/Documents/GitHub/Martel_Ju_TP2_sans_lfs/Content/Game_ThePerfectDate/Meshes/Nature/Branch_6_Mat.uasset" 3894
"C:/Users/1869771/Documents/GitHub/Martel_Ju_TP2_sans_lfs/Content/Game_ThePerfectDate/Meshes/Nature/Branch_10_Mat.uasset" 3895
"C:/Users/1869771/Documents/GitHub/Martel_Ju_TP2_sans_lfs/Content/Game_ThePerfectDate/Meshes/Furnitures/Trailer/Trailer/trash_can_metal_top_006.uasset" 3896
"C:/Users/1869771/Documents/GitHub/Martel_Ju_TP2_sans_lfs/Content/Game_ThePerfectDate/Meshes/Nature/Branch_1_Mat.uasset" 3897
"C:/Users/1869771/Documents/GitHub/Martel_Ju_TP2_sans_lfs/Content/Game_ThePerfectDate/Meshes/Furnitures/Trailer/Trailer/trash_can_metal_003.uasset" 3898
"C:/Users/1869771/Documents/GitHub/Martel_Ju_TP2_sans_lfs/Content/Game_ThePerfectDate/Meshes/Furnitures/Trailer/Materials/Black.uasset" 3899
"/Game/Game_ThePerfectDate/Meshes/Nature/Wood_01" 3900
"C:/Users/1869771/Documents/GitHub/Martel_Ju_TP2_sans_lfs/Content/Game_ThePerfectDate/Meshes/Furnitures/Trailer/Trailer/Black.uasset" 3901
"C:/Users/1869771/Documents/GitHub/Martel_Ju_TP2_sans_lfs/Content/Game_ThePerfectDate/Meshes/Furnitures/Trailer/Trailer/cable_006.uasset" 3902
"C:/Users/1869771/Documents/GitHub/Martel_Ju_TP2_sans_lfs/Content/Game_ThePerfectDate/Meshes/Furnitures/Trailer/Textures/Flowers_Mat.uasset" 3903
"C:/Users/1869771/Documents/GitHub/Martel_Ju_TP2_sans_lfs/Content/Game_ThePerfectDate/Meshes/Furnitures/Trailer/Trailer/trash_can_metal.uasset" 3904
"C:/Users/1869771/Documents/GitHub/Martel_Ju_TP2_sans_lfs/Content/Game_ThePerfectDate/Meshes/Furnitures/Trailer/Textures/Antenna_Mat.uasset" 3905
"C:/Users/1869771/Documents/GitHub/Martel_Ju_TP2_sans_lfs/Content/Game_ThePerfectDate/Meshes/Furnitures/Trailer/Textures/Flowers.uasset" 3906
"C:/Users/1869771/Documents/GitHub/Martel_Ju_TP2_sans_lfs/Content/Game_ThePerfectDate/Meshes/Furnitures/Trailer/Materials/Flowers.uasset" 3907
"C:/Users/1869771/Documents/GitHub/Martel_Ju_TP2_sans_lfs/Content/Game_ThePerfectDate/Meshes/Nature/Branch_6.uasset" 3908
"../../Plugins/Interchange/Assets/Content/Functions/MF_PhongToMetalRoughness.uasset" 3909
"/Game/Game_ThePerfectDate/Meshes/Nature/Tree_6" 3910
"/Game/Game_ThePerfectDate/Meshes/Nature/Wood_1_Mat" 3911
"/Game/Game_ThePerfectDate/Meshes/Nature/Wood_6_Mat" 3912
"/Game/Game_ThePerfectDate/Meshes/Personnages/NPC/Characters_PSX/Character_06/Character_061" 3913
"/Game/Game_ThePerfectDate/Meshes/Nature/Branch_2" 3914
"/Game/Game_ThePerfectDate/Meshes/Personnages/NPC/Characters_PSX/Character_06/Locking_Hip_Hop_Dance" 3915
"/Game/Game_ThePerfectDate/Meshes/Personnages/NPC/Characters_PSX/Fille2/Character_Female_07" 3916
"/Game/Game_ThePerfectDate/Meshes/Nature/Branch_Mat" 3917
"/Game/Game_ThePerfectDate/Meshes/Nature/Tree" 3918
"/Game/Game_ThePerfectDate/Meshes/Nature/Tree_5" 3919
"C:/Users/1869771/Documents/GitHub/Martel_Ju_TP2_sans_lfs/Content/Game_ThePerfectDate/Meshes/Furnitures/Trailer/Materials/Metal.uasset" 3920
"C:/Users/1869771/Documents/GitHub/Martel_Ju_TP2_sans_lfs/Content/Game_ThePerfectDate/Meshes/Furnitures/Trailer/Materials/Antenna.uasset" 3921
"C:/Users/1869771/Documents/GitHub/Martel_Ju_TP2_sans_lfs/Content/Game_ThePerfectDate/Meshes/Furnitures/Trailer/Props/Flowers1.uasset" 3922
"C:/Users/1869771/Documents/GitHub/Martel_Ju_TP2_sans_lfs/Content/Game_ThePerfectDate/Meshes/Furnitures/PSX2/Texture/Wire_Mat.uasset" 3923
"C:/Users/1869771/Documents/GitHub/Martel_Ju_TP2_sans_lfs/Content/Game_ThePerfectDate/Meshes/Furnitures/Trailer/Props/Antenna_.uasset" 3924
"C:/Users/1869771/Documents/GitHub/Martel_Ju_TP2_sans_lfs/Content/Game_ThePerfectDate/Meshes/Furnitures/PSX2/Materials/Material_091.uasset" 3925
"C:/Users/1869771/Documents/GitHub/Martel_Ju_TP2_sans_lfs/Content/Game_ThePerfectDate/Meshes/Furnitures/Trailer/Materials/Metal_Fence.uasset" 3926
"C:/Users/1869771/Documents/GitHub/Martel_Ju_TP2_sans_lfs/Content/Game_ThePerfectDate/Meshes/Furnitures/PSX2/Texture/Wire.uasset" 3927
"C:/Users/1869771/Documents/GitHub/Martel_Ju_TP2_sans_lfs/Content/Game_ThePerfectDate/Meshes/Furnitures/PSX2/Materials/Metal.uasset" 3928
"C:/Users/1869771/Documents/GitHub/Martel_Ju_TP2_sans_lfs/Content/Game_ThePerfectDate/Meshes/Furnitures/PSX2/Texture/Plants_09.uasset" 3929
"C:/Users/1869771/Documents/GitHub/Martel_Ju_TP2_sans_lfs/Content/Game_ThePerfectDate/Meshes/Furnitures/PSX2/Models/Carro_su_003.uasset" 3930
"C:/Users/1869771/Documents/GitHub/Martel_Ju_TP2_sans_lfs/Content/Game_ThePerfectDate/Meshes/Furnitures/PSX2/Models/Ar3.uasset" 3931
"/Game/Game_ThePerfectDate/Meshes/Furnitures/Trailer/Materials/Flowers" 3932
"C:/Users/1869771/Documents/GitHub/Martel_Ju_TP2_sans_lfs/Content/Game_ThePerfectDate/Meshes/Furnitures/PSX2/Texture/Plants_09_Mat.uasset" 3933
"C:/Users/1869771/Documents/GitHub/Martel_Ju_TP2_sans_lfs/Content/Game_ThePerfectDate/Meshes/Furnitures/Trailer/Props/Fence.uasset" 3934
"C:/Users/1869771/Documents/GitHub/Martel_Ju_TP2_sans_lfs/Content/Game_ThePerfectDate/Meshes/Furnitures/PSX2/Materials/Material_010.uasset" 3935
"/Game/Game_ThePerfectDate/Meshes/Furnitures/Trailer/Textures/Antenna_Mat" 3936
"../../../../../../Users/1869771/Documents/GitHub/Martel_Ju_TP2_sans_lfs/Content/Game_ThePerfectDate/Meshes/Furnitures/Trailer/Textures/Antenna.uasset" 3937
"/Game/Game_ThePerfectDate/Meshes/Furnitures/Trailer/Textures/Flowers_Mat" 3938
"/Game/Game_ThePerfectDate/Meshes/Furnitures/Trailer/Trailer/cable_006" 3939
"/Game/Game_ThePerfectDate/Meshes/Furnitures/Trailer/Trailer/trash_can_metal_003" 3940
"/Game/Game_ThePerfectDate/Meshes/Furnitures/Trailer/Trailer/trash_can_metal_top_006" 3941
"/Game/Game_ThePerfectDate/Meshes/Nature/Branch_10_Mat" 3942
"/Game/Game_ThePerfectDate/Meshes/Nature/Branch_1_Mat" 3943
"/Game/Game_ThePerfectDate/Meshes/Nature/Branch_2_Mat" 3944
"/Game/Game_ThePerfectDate/Meshes/Furnitures/Trailer/Materials/Antenna" 3945
"/Game/Game_ThePerfectDate/Meshes/Nature/Branch_6_Mat" 3946
"/Game/Game_ThePerfectDate/Meshes/Furnitures/Trailer/Materials/Metal" 3947
"C:/Users/1869771/Documents/GitHub/Martel_Ju_TP2_sans_lfs/Content/Game_ThePerfectDate/Meshes/Dep/Textures/Prices.uasset" 3948
"C:/Users/1869771/Documents/GitHub/Martel_Ju_TP2_sans_lfs/Content/Game_ThePerfectDate/Meshes/Dep/Textures/Prices_Mat.uasset" 3949
"C:/Users/1869771/Documents/GitHub/Martel_Ju_TP2_sans_lfs/Content/Game_ThePerfectDate/Meshes/Dep/Models/Tiles1.uasset" 3950
"C:/Users/1869771/Documents/GitHub/Martel_Ju_TP2_sans_lfs/Content/Game_ThePerfectDate/Meshes/Dep/Models/Lottery1.uasset" 3951
"C:/Users/1869771/Documents/GitHub/Martel_Ju_TP2_sans_lfs/Content/Game_ThePerfectDate/Meshes/Dep/Models/Shelf_02.uasset" 3952
"C:/Users/1869771/Documents/GitHub/Martel_Ju_TP2_sans_lfs/Content/Game_ThePerfectDate/Meshes/Dep/Textures/ice_cream_popsicles_Mat.uasset" 3953
"C:/Users/1869771/Documents/GitHub/Martel_Ju_TP2_sans_lfs/Content/Game_ThePerfectDate/Meshes/Dep/Models/Payment_Terminal.uasset" 3954
"C:/Users/1869771/Documents/GitHub/Martel_Ju_TP2_sans_lfs/Content/Game_ThePerfectDate/Meshes/Dep/Models/Mostrator1.uasset" 3955
"C:/Users/1869771/Documents/GitHub/Martel_Ju_TP2_sans_lfs/Content/Game_ThePerfectDate/Meshes/Dep/Models/Monitor.uasset" 3956
"C:/Users/1869771/Documents/GitHub/Martel_Ju_TP2_sans_lfs/Content/Game_ThePerfectDate/Meshes/Dep/Models/Ladders.uasset" 3957
"C:/Users/1869771/Documents/GitHub/Martel_Ju_TP2_sans_lfs/Content/Game_ThePerfectDate/Meshes/Dep/Models/IceCream_Refrigerator_Door.uasset" 3958
"C:/Users/1869771/Documents/GitHub/Martel_Ju_TP2_sans_lfs/Content/Game_ThePerfectDate/Meshes/Dep/Models/Lights_02.uasset" 3959
"C:/Users/1869771/Documents/GitHub/Martel_Ju_TP2_sans_lfs/Content/Game_ThePerfectDate/Meshes/Dep/Models/Food_shelf1.uasset" 3960
"C:/Users/1869771/Documents/GitHub/Martel_Ju_TP2_sans_lfs/Content/Game_ThePerfectDate/Meshes/Dep/Models/Keyboard.uasset" 3961
"C:/Users/1869771/Documents/GitHub/Martel_Ju_TP2_sans_lfs/Content/Game_ThePerfectDate/Meshes/Dep/Textures/ice_cream_popsicles.uasset" 3962
"C:/Users/1869771/Documents/GitHub/Martel_Ju_TP2_sans_lfs/Content/Game_ThePerfectDate/Meshes/Dep/Models/Food_01.uasset" 3963
"C:/Users/1869771/Documents/GitHub/Martel_Ju_TP2_sans_lfs/Content/Game_ThePerfectDate/Meshes/Dep/Models/IceCream_Refrigerator_Door_01.uasset" 3964
"/Game/Game_ThePerfectDate/Meshes/Furnitures/PSX2/Models/Ar3" 3965
"C:/Users/1869771/Documents/GitHub/Martel_Ju_TP2_sans_lfs/Content/Game_ThePerfectDate/Meshes/Dep/Models/Glasses.uasset" 3966
"C:/Users/1869771/Documents/GitHub/Martel_Ju_TP2_sans_lfs/Content/Game_ThePerfectDate/Meshes/Dep/Models/IceCream_Refrigerator.uasset" 3967
"/Game/Game_ThePerfectDate/Meshes/Furnitures/PSX2/Models/Carro_su_003" 3968
"/Game/Game_ThePerfectDate/Meshes/Furnitures/PSX2/Texture/Wire_Mat" 3969
"/Game/Game_ThePerfectDate/Meshes/Furnitures/Trailer/Props/Antenna_" 3970
"/Game/Game_ThePerfectDate/Meshes/Dep/Textures/Prices_Mat" 3971
"/Game/Game_ThePerfectDate/Meshes/Furnitures/Trailer/Props/Fence" 3972
"/Game/Game_ThePerfectDate/Meshes/Furnitures/Trailer/Props/Flowers1" 3973
"C:/Users/1869771/Documents/GitHub/Martel_Ju_TP2_sans_lfs/Content/Game_ThePerfectDate/Meshes/Dep/Models/Door_04.uasset" 3974
"C:/Users/1869771/Documents/GitHub/Martel_Ju_TP2_sans_lfs/Content/Game_ThePerfectDate/Meshes/Dep/Models/Door_frame.uasset" 3975
"C:/Users/1869771/Documents/GitHub/Martel_Ju_TP2_sans_lfs/Content/Game_ThePerfectDate/Meshes/Dep/Models/Air_conditioners.uasset" 3976
"C:/Users/1869771/Documents/GitHub/Martel_Ju_TP2_sans_lfs/Content/Game_ThePerfectDate/Meshes/Dep/Models/Diablito_industrial.uasset" 3977
"C:/Users/1869771/Documents/GitHub/Martel_Ju_TP2_sans_lfs/Content/Game_ThePerfectDate/Meshes/Dep/Models/Coffee_maker.uasset" 3978
"C:/Users/1869771/Documents/GitHub/Martel_Ju_TP2_sans_lfs/Content/Game_ThePerfectDate/Meshes/Dep/Models/Dump.uasset" 3979
"C:/Users/1869771/Documents/GitHub/Martel_Ju_TP2_sans_lfs/Content/Game_ThePerfectDate/Meshes/Cars/Police/car5_police_mat.uasset" 3980
"C:/Users/1869771/Documents/GitHub/Martel_Ju_TP2_sans_lfs/Content/Game_ThePerfectDate/Meshes/Dep/Models/6twelve1.uasset" 3981
"C:/Users/1869771/Documents/GitHub/Martel_Ju_TP2_sans_lfs/Content/Game_ThePerfectDate/Meshes/Dep/Models/Alcohol_Cigars.uasset" 3982
"C:/Users/1869771/Documents/GitHub/Martel_Ju_TP2_sans_lfs/Content/Game_ThePerfectDate/Meshes/Cars/Car4/Car5.uasset" 3983
"C:/Users/1869771/Documents/GitHub/Martel_Ju_TP2_sans_lfs/Content/Game_ThePerfectDate/Meshes/Dep/Models/Candys_01.uasset" 3984
"C:/Users/1869771/Documents/GitHub/Martel_Ju_TP2_sans_lfs/Content/Game_ThePerfectDate/Meshes/Cars/Car4/car5_mat.uasset" 3985
"C:/Users/1869771/Documents/GitHub/Martel_Ju_TP2_sans_lfs/Content/Game_ThePerfectDate/Meshes/Cars/Car3/Car3.uasset" 3986
"C:/Users/1869771/Documents/GitHub/Martel_Ju_TP2_sans_lfs/Content/Game_ThePerfectDate/Meshes/Cars/Car3/car3_mat.uasset" 3987
"/Game/Game_ThePerfectDate/Meshes/Dep/Models/Food_01" 3988
"C:/Users/1869771/Documents/GitHub/Martel_Ju_TP2_sans_lfs/Content/Game_ThePerfectDate/Meshes/Cars/Police/Car5_Police.uasset" 3989
"/Game/Game_ThePerfectDate/Meshes/Dep/Models/Food_shelf1" 3990
"/Game/Game_ThePerfectDate/Meshes/Dep/Models/Glasses" 3991
"/Game/Game_ThePerfectDate/Meshes/Dep/Models/IceCream_Refrigerator" 3992
"/Game/Game_ThePerfectDate/Meshes/Dep/Models/IceCream_Refrigerator_Door" 3993
"/Game/Game_ThePerfectDate/Meshes/Dep/Models/IceCream_Refrigerator_Door_01" 3994
"/Game/Game_ThePerfectDate/Meshes/Dep/Models/Keyboard" 3995
"/Game/Game_ThePerfectDate/Meshes/Dep/Models/Ladders" 3996
"/Game/Game_ThePerfectDate/Meshes/Dep/Models/Lights_02" 3997
"/Game/Game_ThePerfectDate/Meshes/Dep/Models/Lottery1" 3998
"/Game/Game_ThePerfectDate/Meshes/Dep/Models/Monitor" 3999
"/Game/Game_ThePerfectDate/Meshes/Dep/Models/Mostrator1" 4000
"/Game/Game_ThePerfectDate/Meshes/Dep/Models/Payment_Terminal" 4001
"/Game/Game_ThePerfectDate/Meshes/Dep/Models/Shelf_02" 4002
"/Game/Game_ThePerfectDate/Meshes/Dep/Models/Tiles1" 4003
"/Game/Game_ThePerfectDate/Meshes/Dep/Models/Air_conditioners" 4004
"/Game/Game_ThePerfectDate/Meshes/Dep/Textures/ice_cream_popsicles_Mat" 4005
"/Game/Game_ThePerfectDate/Meshes/Dep/Models/Diablito_industrial" 4006
"/Game/Game_ThePerfectDate/Meshes/Dep/Models/Door_04" 4007
"/Game/Game_ThePerfectDate/Meshes/Dep/Models/Door_frame" 4008
"/Game/Game_ThePerfectDate/Meshes/Dep/Models/Dump" 4009
"C:/Users/1869771/Documents/GitHub/Martel_Ju_TP2_sans_lfs/Content/Game_ThePerfectDate/Meshes/Cars/Car2/car2_mat.uasset" 4010
"C:/Users/1869771/Documents/GitHub/Martel_Ju_TP2_sans_lfs/Content/Game_ThePerfectDate/Meshes/Cars/Car1/Car.uasset" 4011
"C:/Users/1869771/Documents/GitHub/Martel_Ju_TP2_sans_lfs/Content/Game_ThePerfectDate/Meshes/Bus/Metro_PSX/Models/Metro/StaticMeshes/Poster_05.uasset" 4012
"C:/Users/1869771/Documents/GitHub/Martel_Ju_TP2_sans_lfs/Content/Game_ThePerfectDate/Meshes/Bus/Metro_PSX/Models/Vending_machine1.uasset" 4013
"C:/Users/1869771/Documents/GitHub/Martel_Ju_TP2_sans_lfs/Content/Game_ThePerfectDate/Meshes/Bus/Metro_PSX/Models/Vending_machine.uasset" 4014
"C:/Users/1869771/Documents/GitHub/Martel_Ju_TP2_sans_lfs/Content/Game_ThePerfectDate/Meshes/Bus/Metro_PSX/Models/Metro/StaticMeshes/Poster_07.uasset" 4015
"C:/Users/1869771/Documents/GitHub/Martel_Ju_TP2_sans_lfs/Content/Game_ThePerfectDate/Meshes/Cars/Car2/Car2.uasset" 4016
"C:/Users/1869771/Documents/GitHub/Martel_Ju_TP2_sans_lfs/Content/Game_ThePerfectDate/Meshes/Cars/Car1/car_mat.uasset" 4017
"C:/Users/1869771/Documents/GitHub/Martel_Ju_TP2_sans_lfs/Content/Game_ThePerfectDate/Meshes/Bus/Metro_PSX/Models/Metro/Textures/Posters.uasset" 4018
"C:/Users/1869771/Documents/GitHub/Martel_Ju_TP2_sans_lfs/Content/Game_ThePerfectDate/Meshes/Bus/Metro_PSX/Models/Metro/Materials/Posters.uasset" 4019
"C:/Users/1869771/Documents/GitHub/Martel_Ju_TP2_sans_lfs/Content/Game_ThePerfectDate/Meshes/Bus/Metro_PSX/Models/Metro/StaticMeshes/Poster_04.uasset" 4020
"/Game/Game_ThePerfectDate/Meshes/Cars/Car3/Car3" 4021
"C:/Users/1869771/Documents/GitHub/Martel_Ju_TP2_sans_lfs/Content/Game_ThePerfectDate/Meshes/Bus/Bus_stop/Texture/Grass.uasset" 4022
"C:/Users/1869771/Documents/GitHub/Martel_Ju_TP2_sans_lfs/Content/Game_ThePerfectDate/Meshes/Bus/Bus_stop/Texture/Grass_Mat.uasset" 4023
"C:/Users/1869771/Documents/GitHub/Martel_Ju_TP2_sans_lfs/Content/Game_ThePerfectDate/Meshes/Bus/Bus_stop/Texture/Grass_02.uasset" 4024
"C:/Users/1869771/Documents/GitHub/Martel_Ju_TP2_sans_lfs/Content/Game_ThePerfectDate/Meshes/Bus/Bus_stop/Texture/Grass_02_Mat.uasset" 4025
"C:/Users/1869771/Documents/GitHub/Martel_Ju_TP2_sans_lfs/Content/Game_ThePerfectDate/Meshes/Bus/Bus_stop/Texture/fence_metal_Mat.uasset" 4026
"C:/Users/1869771/Documents/GitHub/Martel_Ju_TP2_sans_lfs/Content/Game_ThePerfectDate/Meshes/Bus/Bus_stop/Texture/fence_metal.uasset" 4027
"C:/Users/1869771/Documents/GitHub/Martel_Ju_TP2_sans_lfs/Content/Game_ThePerfectDate/Meshes/Bus/Bus_stop/Texture/Fence_Mat.uasset" 4028
"C:/Users/1869771/Documents/GitHub/Martel_Ju_TP2_sans_lfs/Content/Game_ThePerfectDate/Meshes/Bus/Bus_stop/Texture/Fence.uasset" 4029
"C:/Users/1869771/Documents/GitHub/Martel_Ju_TP2_sans_lfs/Content/Game_ThePerfectDate/Meshes/Bus/Bus_stop/Materials/Farmland.uasset" 4030
"C:/Users/1869771/Documents/GitHub/Martel_Ju_TP2_sans_lfs/Content/Game_ThePerfectDate/Meshes/Bus/Bus_stop/Materials/Grass.uasset" 4031
"C:/Users/1869771/Documents/GitHub/Martel_Ju_TP2_sans_lfs/Content/Game_ThePerfectDate/Meshes/Bus/Bus_stop/Materials/Grass_01.uasset" 4032
"../../../../../../Users/1869771/Documents/GitHub/Martel_Ju_TP2_sans_lfs/Content/Game_ThePerfectDate/Meshes/Cars/Car3/TEX_Car3.uasset" 4033
"/Game/Game_ThePerfectDate/Meshes/Cars/Car4/Car5" 4034
"../../../../../../Users/1869771/Documents/GitHub/Martel_Ju_TP2_sans_lfs/Content/Game_ThePerfectDate/Meshes/Cars/Car4/TEX_car5.uasset" 4035
"/Game/Game_ThePerfectDate/Meshes/Cars/Police/Car5_Police" 4036
"../../../../../../Users/1869771/Documents/GitHub/Martel_Ju_TP2_sans_lfs/Content/Game_ThePerfectDate/Meshes/Cars/Police/TEX_car5_police.uasset" 4037
"/Game/Game_ThePerfectDate/Meshes/Dep/Models/6twelve1" 4038
"/Game/Game_ThePerfectDate/Meshes/Dep/Models/Alcohol_Cigars" 4039
"/Game/Game_ThePerfectDate/Meshes/Dep/Models/Candys_01" 4040
"/Game/Game_ThePerfectDate/Meshes/Dep/Models/Coffee_maker" 4041
"/Game/Game_ThePerfectDate/Meshes/Cars/Car2/car2_mat" 4042
"../../../../../../Users/1869771/Documents/GitHub/Martel_Ju_TP2_sans_lfs/Content/Game_ThePerfectDate/Meshes/Cars/Car2/TEX_car2.uasset" 4043
"C:/Users/1869771/Documents/GitHub/Martel_Ju_TP2_sans_lfs/Content/Game_ThePerfectDate/Meshes/Bus/Bus_stop/Materials/Grass_02.uasset" 4044
"C:/Users/1869771/Documents/GitHub/Martel_Ju_TP2_sans_lfs/Content/Game_ThePerfectDate/Meshes/Bus/Bus_stop/Materials/Road.uasset" 4045
"C:/Users/1869771/Documents/GitHub/Martel_Ju_TP2_sans_lfs/Content/Game_ThePerfectDate/Meshes/Bus/Bus_stop/Models/Stops/Grass_021.uasset" 4046
"C:/Users/1869771/Documents/GitHub/Martel_Ju_TP2_sans_lfs/Content/Game_ThePerfectDate/Meshes/Bus/Bus_stop/Models/Stops/Grass_02.uasset" 4047
"C:/Users/1869771/Documents/GitHub/Martel_Ju_TP2_sans_lfs/Content/Game_ThePerfectDate/Meshes/Bus/Bus_stop/Materials/Fence.uasset" 4048
"C:/Users/1869771/Documents/GitHub/Martel_Ju_TP2_sans_lfs/Content/Game_ThePerfectDate/Meshes/Bus/Bus_stop/Materials/Wire.uasset" 4049
"C:/Users/1869771/Documents/GitHub/Martel_Ju_TP2_sans_lfs/Content/Game_ThePerfectDate/Meshes/Bus/Bus_stop/Models/Stops/Ground.uasset" 4050
"C:/Users/1869771/Documents/GitHub/Martel_Ju_TP2_sans_lfs/Content/Game_ThePerfectDate/Meshes/Bus/Bus_stop/Models/Stops/Wire.uasset" 4051
"/Game/Game_ThePerfectDate/Meshes/Bus/Bus_stop/Materials/Grass_01" 4052
"C:/Users/1869771/Documents/GitHub/Martel_Ju_TP2_sans_lfs/Content/Game_ThePerfectDate/Meshes/Bus/Bus_stop/Models/Stops/Fence_01.uasset" 4053
"C:/Users/1869771/Documents/GitHub/Martel_Ju_TP2_sans_lfs/Content/Game_ThePerfectDate/Meshes/Bus/Bus_stop/Models/Stops/Bus_stop_sign1.uasset" 4054
"C:/Users/1869771/Documents/GitHub/Martel_Ju_TP2_sans_lfs/Content/Game_ThePerfectDate/Meshes/Bus/Bus_stop/Models/Stops/Fence.uasset" 4055
"/Game/Game_ThePerfectDate/Meshes/Bus/Bus_stop/Materials/Grass" 4056
"/Game/Game_ThePerfectDate/Meshes/Bus/Bus_stop/Materials/Farmland" 4057
"/Game/Game_ThePerfectDate/Meshes/Bus/Bus_stop/Texture/Fence_Mat" 4058
"/Game/Game_ThePerfectDate/Meshes/Bus/Bus_stop/Texture/fence_metal_Mat" 4059
"/Game/Game_ThePerfectDate/Meshes/Bus/Bus_stop/Texture/Grass_02_Mat" 4060
"/Game/Game_ThePerfectDate/Meshes/Bus/Bus_stop/Texture/Grass_Mat" 4061
"/Game/Game_ThePerfectDate/Meshes/Bus/Metro_PSX/Models/Metro/StaticMeshes/Poster_04" 4062
"/Game/Game_ThePerfectDate/Meshes/Bus/Metro_PSX/Models/Metro/StaticMeshes/Poster_05" 4063
"/Game/Game_ThePerfectDate/Meshes/Bus/Metro_PSX/Models/Metro/StaticMeshes/Poster_07" 4064
"/Game/Game_ThePerfectDate/Meshes/Bus/Metro_PSX/Models/Vending_machine1" 4065
"/Game/Game_ThePerfectDate/Meshes/Cars/Car1/Car" 4066
"../../../../../../Users/1869771/Documents/GitHub/Martel_Ju_TP2_sans_lfs/Content/Game_ThePerfectDate/Meshes/Cars/Car1/TEX_car.uasset" 4067
"/Game/Game_ThePerfectDate/Meshes/Cars/Car2/Car2" 4068
"/Game/Game_ThePerfectDate/Meshes/Bus/Bus_stop/Materials/Road" 4069
"C:/Users/1869771/Documents/GitHub/Martel_Ju_TP2_sans_lfs/Content/Game_ThePerfectDate/Meshes/Bus/Bus_stop/Models/Props/Tire.uasset" 4070
"C:/Users/1869771/Documents/GitHub/Martel_Ju_TP2_sans_lfs/Content/Game_ThePerfectDate/Meshes/Bus/Bus_stop/Materials/Lamppost.uasset" 4071
"C:/Users/1869771/Documents/GitHub/Martel_Ju_TP2_sans_lfs/Content/Game_ThePerfectDate/Meshes/Bus/Bus_stop/Models/Props/Lamppost1.uasset" 4072
"C:/Users/1869771/Documents/GitHub/Martel_Ju_TP2_sans_lfs/Content/Game_ThePerfectDate/Meshes/Bus/Bus_stop/Materials/Seating_01.uasset" 4073
"C:/Users/1869771/Documents/GitHub/Martel_Ju_TP2_sans_lfs/Content/Game_ThePerfectDate/Meshes/Bus/Bus_stop/Models/Props/Bus1.uasset" 4074
"C:/Users/1869771/Documents/GitHub/Martel_Ju_TP2_sans_lfs/Content/Game_ThePerfectDate/Meshes/Bus/Bus_stop/Models/Props/Lamppost_01.uasset" 4075
"C:/Users/1869771/Documents/GitHub/Martel_Ju_TP2_sans_lfs/Content/Game_ThePerfectDate/Meshes/Buildings/Buildings2/buildings/StaticMeshes/Material_016-material.uasset" 4076
"C:/Users/1869771/Documents/GitHub/Martel_Ju_TP2_sans_lfs/Content/Game_ThePerfectDate/Meshes/Bus/Bus_stop/Materials/Seating.uasset" 4077
"C:/Users/1869771/Documents/GitHub/Martel_Ju_TP2_sans_lfs/Content/Game_ThePerfectDate/Meshes/Bus/Bus_stop/Models/Stops/Bus_stop_001.uasset" 4078
"C:/Users/1869771/Documents/GitHub/Martel_Ju_TP2_sans_lfs/Content/Game_ThePerfectDate/Meshes/Buildings/Buildings2/buildings/Materials/Material_014.uasset" 4079
"C:/Users/1869771/Documents/GitHub/Martel_Ju_TP2_sans_lfs/Content/Game_ThePerfectDate/Meshes/Buildings/Buildings2/buildings/StaticMeshes/Material_014-material.uasset" 4080
"C:/Users/1869771/Documents/GitHub/Martel_Ju_TP2_sans_lfs/Content/Game_ThePerfectDate/Meshes/Buildings/Buildings2/buildings/Textures/buildings_texture_5.uasset" 4081
"C:/Users/1869771/Documents/GitHub/Martel_Ju_TP2_sans_lfs/Content/Game_ThePerfectDate/Meshes/Buildings/Buildings2/buildings/Materials/Material_011.uasset" 4082
"C:/Users/1869771/Documents/GitHub/Martel_Ju_TP2_sans_lfs/Content/Game_ThePerfectDate/Meshes/Buildings/Buildings2/buildings/Materials/Material.uasset" 4083
"C:/Users/1869771/Documents/GitHub/Martel_Ju_TP2_sans_lfs/Content/Game_ThePerfectDate/Meshes/Buildings/Buildings2/buildings/StaticMeshes/Material_003-material.uasset" 4084
"C:/Users/1869771/Documents/GitHub/Martel_Ju_TP2_sans_lfs/Content/Game_ThePerfectDate/Meshes/Buildings/Buildings2/buildings/Materials/Material_003.uasset" 4085
"C:/Users/1869771/Documents/GitHub/Martel_Ju_TP2_sans_lfs/Content/Game_ThePerfectDate/Meshes/Buildings/Buildings2/buildings/Textures/buildings_texture_13.uasset" 4086
"/Game/Game_ThePerfectDate/Meshes/Bus/Bus_stop/Models/Stops/Bus_stop_sign1" 4087
"C:/Users/1869771/Documents/GitHub/Martel_Ju_TP2_sans_lfs/Content/Game_ThePerfectDate/Meshes/Buildings/Buildings2/buildings/StaticMeshes/Material_001-material.uasset" 4088
"C:/Users/1869771/Documents/GitHub/Martel_Ju_TP2_sans_lfs/Content/Game_ThePerfectDate/Meshes/Buildings/Buildings2/buildings/StaticMeshes/Material_008-material.uasset" 4089
"C:/Users/1869771/Documents/GitHub/Martel_Ju_TP2_sans_lfs/Content/Game_ThePerfectDate/Meshes/Buildings/Buildings2/buildings/StaticMeshes/Material_011-material.uasset" 4090
"C:/Users/1869771/Documents/GitHub/Martel_Ju_TP2_sans_lfs/Content/Game_ThePerfectDate/Meshes/Buildings/Buildings2/buildings/StaticMeshes/Material-material.uasset" 4091
"C:/Users/1869771/Documents/GitHub/Martel_Ju_TP2_sans_lfs/Content/Game_ThePerfectDate/Meshes/Buildings/Buildings2/buildings/Textures/buildings_texture_0.uasset" 4092
"/Game/Game_ThePerfectDate/Meshes/Bus/Bus_stop/Models/Stops/Fence_01" 4093
"/Game/Game_ThePerfectDate/Meshes/Bus/Bus_stop/Models/Stops/Grass_021" 4094
"/Game/Game_ThePerfectDate/Meshes/Bus/Bus_stop/Materials/Seating_01" 4095
"/Game/Game_ThePerfectDate/Meshes/Bus/Bus_stop/Models/Props/Lamppost1" 4096
"/Game/Game_ThePerfectDate/Meshes/Bus/Bus_stop/Models/Stops/Ground" 4097
"/Game/Game_ThePerfectDate/Meshes/Bus/Bus_stop/Models/Props/Lamppost_01" 4098
"/Game/Game_ThePerfectDate/Meshes/Bus/Bus_stop/Models/Props/Tire" 4099
"../../../../../../Users/1869771/Documents/GitHub/Martel_Ju_TP2_sans_lfs/Content/Game_ThePerfectDate/Meshes/Bus/Bus_stop/Models/Props/Bus.uasset" 4100
"../../../../../../Users/1869771/Documents/GitHub/Martel_Ju_TP2_sans_lfs/Content/Game_ThePerfectDate/Meshes/Bus/Bus_stop/Materials/Bus.uasset" 4101
"C:/Users/1869771/Documents/GitHub/Martel_Ju_TP2_sans_lfs/Content/Game_ThePerfectDate/Meshes/Buildings/Buildings2/buildings/Textures/buildings_texture_8.uasset" 4102
"C:/Users/1869771/Documents/GitHub/Martel_Ju_TP2_sans_lfs/Content/Game_ThePerfectDate/Meshes/Buildings/Buildings2/buildings/Materials/Material_008.uasset" 4103
"C:/Users/1869771/Documents/GitHub/Martel_Ju_TP2_sans_lfs/Content/Game_ThePerfectDate/Meshes/Buildings/Buildings2/buildings/Textures/buildings_texture_15.uasset" 4104
"C:/Users/1869771/Documents/GitHub/Martel_Ju_TP2_sans_lfs/Content/Game_ThePerfectDate/Meshes/Buildings/Buildings/Textures/brick_modern.uasset" 4105
"C:/Users/1869771/Documents/GitHub/Martel_Ju_TP2_sans_lfs/Content/Game_ThePerfectDate/Meshes/Buildings/Buildings2/buildings/Materials/Material_001.uasset" 4106
"C:/Users/1869771/Documents/GitHub/Martel_Ju_TP2_sans_lfs/Content/Game_ThePerfectDate/Meshes/Buildings/Buildings/Textures/building_10.uasset" 4107
"C:/Users/1869771/Documents/GitHub/Martel_Ju_TP2_sans_lfs/Content/Game_ThePerfectDate/Meshes/Buildings/Buildings/Materials/Shops_07.uasset" 4108
"C:/Users/1869771/Documents/GitHub/Martel_Ju_TP2_sans_lfs/Content/Game_ThePerfectDate/Meshes/Buildings/Buildings/Textures/Shops_07.uasset" 4109
"C:/Users/1869771/Documents/GitHub/Martel_Ju_TP2_sans_lfs/Content/Game_ThePerfectDate/Meshes/Buildings/Buildings/Materials/brick_modern.uasset" 4110
"C:/Users/1869771/Documents/GitHub/Martel_Ju_TP2_sans_lfs/Content/Game_ThePerfectDate/Meshes/Buildings/Buildings/Materials/building_10.uasset" 4111
"C:/Users/1869771/Documents/GitHub/Martel_Ju_TP2_sans_lfs/Content/Game_ThePerfectDate/Meshes/Buildings/Buildings/Textures/Shops_18.uasset" 4112
"C:/Users/1869771/Documents/GitHub/Martel_Ju_TP2_sans_lfs/Content/Game_ThePerfectDate/Meshes/Buildings/Buildings/Materials/Shops_18.uasset" 4113
"C:/Users/1869771/Documents/GitHub/Martel_Ju_TP2_sans_lfs/Content/Game_ThePerfectDate/Meshes/Buildings/Buildings/StaticMeshes/Building_09.uasset" 4114
"C:/Users/1869771/Documents/GitHub/Martel_Ju_TP2_sans_lfs/Content/Game_ThePerfectDate/Meshes/Buildings/Buildings/Textures/BrickSmallPainted.uasset" 4115
"C:/Users/1869771/Documents/GitHub/Martel_Ju_TP2_sans_lfs/Content/Game_ThePerfectDate/Meshes/Buildings/Buildings2/buildings/Materials/Material_016.uasset" 4116
"/Game/Game_ThePerfectDate/Meshes/Buildings/Buildings2/buildings/Textures/buildings_texture_0" 4117
"/Game/Game_ThePerfectDate/Meshes/Buildings/Buildings2/buildings/StaticMeshes/Material-material" 4118
"../../../../../../Users/1869771/Documents/GitHub/Martel_Ju_TP2_sans_lfs/Content/Game_ThePerfectDate/Meshes/Buildings/Buildings2/buildings/Textures/buildings_texture_16.uasset" 4119
"/Game/Game_ThePerfectDate/Meshes/Buildings/Buildings2/buildings/StaticMeshes/Material_003-material" 4120
"/Game/Game_ThePerfectDate/Meshes/Buildings/Buildings2/buildings/StaticMeshes/Material_008-material" 4121
"/Game/Game_ThePerfectDate/Meshes/Buildings/Buildings2/buildings/StaticMeshes/Material_011-material" 4122
"/Game/Game_ThePerfectDate/Meshes/Buildings/Buildings2/buildings/StaticMeshes/Material_014-material" 4123
"../../../../../../Users/1869771/Documents/GitHub/Martel_Ju_TP2_sans_lfs/Content/Game_ThePerfectDate/Meshes/Buildings/Buildings2/buildings/Textures/buildings_texture_2.uasset" 4124
"/Game/Game_ThePerfectDate/Meshes/Bus/Bus_stop/Models/Props/Bus1" 4125
"../../../../../../Users/1869771/Documents/GitHub/Martel_Ju_TP2_sans_lfs/Content/Game_ThePerfectDate/Meshes/Bus/Bus_stop/Materials/Glass.uasset" 4126
"/Game/Game_ThePerfectDate/Meshes/Buildings/Buildings/Textures/building_10" 4127
"/Game/Game_ThePerfectDate/Meshes/Buildings/Buildings/Textures/brick_modern" 4128
"/Game/Game_ThePerfectDate/Meshes/Buildings/Buildings2/buildings/Materials/Material_001" 4129
"/Game/Game_ThePerfectDate/Meshes/Bus/Bus_stop/Models/Stops/Bus_stop_001" 4130
"C:/Users/1869771/Documents/GitHub/Martel_Ju_TP2_sans_lfs/Content/Game_ThePerfectDate/Materials/Vertex_Snapping/MI_BrickSmallPainted.uasset" 4131
"C:/Users/1869771/Documents/GitHub/Martel_Ju_TP2_sans_lfs/Content/Game_ThePerfectDate/Meshes/Buildings/Buildings/Textures/Shops_26.uasset" 4132
"C:/Users/1869771/Documents/GitHub/Martel_Ju_TP2_sans_lfs/Content/Game_ThePerfectDate/Meshes/Buildings/Buildings/Textures/building_11.uasset" 4133
"C:/Users/1869771/Documents/GitHub/Martel_Ju_TP2_sans_lfs/Content/Game_ThePerfectDate/Materials/Vertex_Snapping/MI_Shop_26.uasset" 4134
"C:/Users/1869771/Documents/GitHub/Martel_Ju_TP2_sans_lfs/Content/Game_ThePerfectDate/Meshes/Buildings/Buildings/StaticMeshes/Building_08.uasset" 4135
"C:/Users/1869771/Documents/GitHub/Martel_Ju_TP2_sans_lfs/Content/Game_ThePerfectDate/Meshes/Buildings/Buildings/Materials/building_07.uasset" 4136
"C:/Users/1869771/Documents/GitHub/Martel_Ju_TP2_sans_lfs/Content/Game_ThePerfectDate/Materials/Vertex_Snapping/MI_Building_11.uasset" 4137
"C:/Users/1869771/Documents/GitHub/Martel_Ju_TP2_sans_lfs/Content/Game_ThePerfectDate/Materials/Vertex_Snapping/MI_Shop_27.uasset" 4138
"C:/Users/1869771/Documents/GitHub/Martel_Ju_TP2_sans_lfs/Content/Game_ThePerfectDate/Meshes/Buildings/Buildings/Materials/BrickSmallBrown.uasset" 4139
"C:/Users/1869771/Documents/GitHub/Martel_Ju_TP2_sans_lfs/Content/Game_ThePerfectDate/Meshes/Buildings/Buildings/Textures/Shops_27.uasset" 4140
"C:/Users/1869771/Documents/GitHub/Martel_Ju_TP2_sans_lfs/Content/Game_ThePerfectDate/Meshes/Buildings/Buildings/Materials/Shops_31.uasset" 4141
"C:/Users/1869771/Documents/GitHub/Martel_Ju_TP2_sans_lfs/Content/Game_ThePerfectDate/Meshes/Buildings/Buildings/Materials/Shops_30.uasset" 4142
"C:/Users/1869771/Documents/GitHub/Martel_Ju_TP2_sans_lfs/Content/Game_ThePerfectDate/Meshes/Buildings/Buildings/Materials/Shops_28.uasset" 4143
"C:/Users/1869771/Documents/GitHub/Martel_Ju_TP2_sans_lfs/Content/Game_ThePerfectDate/Meshes/Buildings/Buildings/StaticMeshes/Building_06.uasset" 4144
"C:/Users/1869771/Documents/GitHub/Martel_Ju_TP2_sans_lfs/Content/Game_ThePerfectDate/Meshes/Buildings/Buildings/Textures/brick_modern_01.uasset" 4145
"C:/Users/1869771/Documents/GitHub/Martel_Ju_TP2_sans_lfs/Content/Game_ThePerfectDate/Meshes/Buildings/Buildings/Materials/Shops_29.uasset" 4146
"C:/Users/1869771/Documents/GitHub/Martel_Ju_TP2_sans_lfs/Content/Game_ThePerfectDate/Meshes/Buildings/Buildings/Textures/building_03.uasset" 4147
"C:/Users/1869771/Documents/GitHub/Martel_Ju_TP2_sans_lfs/Content/Game_ThePerfectDate/Materials/Vertex_Snapping/MI_Building_03.uasset" 4148
"/Game/Game_ThePerfectDate/Meshes/Buildings/Buildings2/buildings/StaticMeshes/Material_001-material" 4149
"C:/Users/1869771/Documents/GitHub/Martel_Ju_TP2_sans_lfs/Content/Game_ThePerfectDate/Meshes/Buildings/Buildings/Textures/Shops_22.uasset" 4150
"C:/Users/1869771/Documents/GitHub/Martel_Ju_TP2_sans_lfs/Content/Game_ThePerfectDate/Materials/Vertex_Snapping/MI_Brique_Modern_01.uasset" 4151
"C:/Users/1869771/Documents/GitHub/Martel_Ju_TP2_sans_lfs/Content/Game_ThePerfectDate/Materials/Vertex_Snapping/MI_Shop_22.uasset" 4152
"/Game/Game_ThePerfectDate/Meshes/Buildings/Buildings/Textures/BrickSmallPainted" 4153
"/Game/Game_ThePerfectDate/Meshes/Buildings/Buildings/StaticMeshes/Building_09" 4154
"../../../../../../Users/1869771/Documents/GitHub/Martel_Ju_TP2_sans_lfs/Content/Game_ThePerfectDate/Meshes/Buildings/Buildings/Materials/ConcreteBare.uasset" 4155
"../../../../../../Users/1869771/Documents/GitHub/Martel_Ju_TP2_sans_lfs/Content/Game_ThePerfectDate/Meshes/Buildings/Buildings/Materials/Roof_tiles.uasset" 4156
"../../../../../../Users/1869771/Documents/GitHub/Martel_Ju_TP2_sans_lfs/Content/Game_ThePerfectDate/Meshes/Buildings/Buildings/Textures/ConcreteBare.uasset" 4157
"../../../../../../Users/1869771/Documents/GitHub/Martel_Ju_TP2_sans_lfs/Content/Game_ThePerfectDate/Meshes/Buildings/Buildings/Textures/Roof_tiles.uasset" 4158
"/Game/Game_ThePerfectDate/Meshes/Buildings/Buildings2/buildings/StaticMeshes/Material_016-material" 4159
"/Game/Game_ThePerfectDate/Meshes/Buildings/Buildings/Materials/building_07" 4160
"../../../../../../Users/1869771/Documents/GitHub/Martel_Ju_TP2_sans_lfs/Content/Game_ThePerfectDate/Meshes/Buildings/Buildings/Textures/building_07.uasset" 4161
"/Game/Game_ThePerfectDate/Materials/Vertex_Snapping/MI_Shop_26" 4162
"/Game/Game_ThePerfectDate/Materials/Vertex_Snapping/MI_Building_11" 4163
"/Game/Game_ThePerfectDate/Materials/Vertex_Snapping/MI_BrickSmallPainted" 4164
"C:/Users/1869771/Documents/GitHub/Martel_Ju_TP2_sans_lfs/Content/Game_ThePerfectDate/Materials/Vertex_Snapping/MI_Shop_21.uasset" 4165
"C:/Users/1869771/Documents/GitHub/Martel_Ju_TP2_sans_lfs/Content/Game_ThePerfectDate/Materials/Vertex_Snapping/MI_Shop_19.uasset" 4166
"C:/Users/1869771/Documents/GitHub/Martel_Ju_TP2_sans_lfs/Content/Game_ThePerfectDate/Meshes/Buildings/Buildings/StaticMeshes/Building_05.uasset" 4167
"C:/Users/1869771/Documents/GitHub/Martel_Ju_TP2_sans_lfs/Content/Game_ThePerfectDate/Meshes/Buildings/Buildings/Textures/Shops_21.uasset" 4168
"C:/Users/1869771/Documents/GitHub/Martel_Ju_TP2_sans_lfs/Content/Game_ThePerfectDate/Meshes/Buildings/Buildings/Textures/Shops_17.uasset" 4169
"C:/Users/1869771/Documents/GitHub/Martel_Ju_TP2_sans_lfs/Content/Game_ThePerfectDate/Materials/Vertex_Snapping/MI_Shop_20.uasset" 4170
"C:/Users/1869771/Documents/GitHub/Martel_Ju_TP2_sans_lfs/Content/Game_ThePerfectDate/Meshes/Buildings/Buildings/Textures/Shops_19.uasset" 4171
"/Game/Game_ThePerfectDate/Materials/Vertex_Snapping/MI_Shop_22" 4172
"C:/Users/1869771/Documents/GitHub/Martel_Ju_TP2_sans_lfs/Content/Game_ThePerfectDate/Meshes/Buildings/Buildings/Textures/Shops_20.uasset" 4173
"C:/Users/1869771/Documents/GitHub/Martel_Ju_TP2_sans_lfs/Content/Game_ThePerfectDate/Meshes/Buildings/Buildings/Materials/Shops_17.uasset" 4174
"C:/Users/1869771/Documents/GitHub/Martel_Ju_TP2_sans_lfs/Content/Game_ThePerfectDate/Meshes/Buildings/Buildings/Textures/Shops_16.uasset" 4175
"C:/Users/1869771/Documents/GitHub/Martel_Ju_TP2_sans_lfs/Content/Game_ThePerfectDate/Meshes/Buildings/Buildings/Materials/Shops_16.uasset" 4176
"C:/Users/1869771/Documents/GitHub/Martel_Ju_TP2_sans_lfs/Content/Game_ThePerfectDate/Meshes/Buildings/Buildings/Materials/building_01.uasset" 4177
"C:/Users/1869771/Documents/GitHub/Martel_Ju_TP2_sans_lfs/Content/Game_ThePerfectDate/Meshes/Buildings/Buildings/Textures/Shops_15.uasset" 4178
"C:/Users/1869771/Documents/GitHub/Martel_Ju_TP2_sans_lfs/Content/Game_ThePerfectDate/Meshes/Buildings/Buildings/Materials/Shops_15.uasset" 4179
"C:/Users/1869771/Documents/GitHub/Martel_Ju_TP2_sans_lfs/Content/Game_ThePerfectDate/Meshes/Buildings/Buildings/Textures/building_01.uasset" 4180
"C:/Users/1869771/Documents/GitHub/Martel_Ju_TP2_sans_lfs/Content/Game_ThePerfectDate/Meshes/Buildings/Buildings/Materials/building_08.uasset" 4181
"C:/Users/1869771/Documents/GitHub/Martel_Ju_TP2_sans_lfs/Content/Game_ThePerfectDate/Meshes/Buildings/Buildings/StaticMeshes/Building_04.uasset" 4182
"/Game/Game_ThePerfectDate/Materials/Vertex_Snapping/MI_Building_03" 4183
"/Game/Game_ThePerfectDate/Materials/Vertex_Snapping/MI_Brique_Modern_01" 4184
"/Game/Game_ThePerfectDate/Meshes/Buildings/Buildings/StaticMeshes/Building_06" 4185
"../../../../../../Users/1869771/Documents/GitHub/Martel_Ju_TP2_sans_lfs/Content/Game_ThePerfectDate/Meshes/Buildings/Buildings/Textures/BrickSmallBrown.uasset" 4186
"../../../../../../Users/1869771/Documents/GitHub/Martel_Ju_TP2_sans_lfs/Content/Game_ThePerfectDate/Meshes/Buildings/Buildings/Textures/Shops_28.uasset" 4187
"../../../../../../Users/1869771/Documents/GitHub/Martel_Ju_TP2_sans_lfs/Content/Game_ThePerfectDate/Meshes/Buildings/Buildings/Textures/Shops_29.uasset" 4188
"../../../../../../Users/1869771/Documents/GitHub/Martel_Ju_TP2_sans_lfs/Content/Game_ThePerfectDate/Meshes/Buildings/Buildings/Textures/Shops_30.uasset" 4189
"../../../../../../Users/1869771/Documents/GitHub/Martel_Ju_TP2_sans_lfs/Content/Game_ThePerfectDate/Meshes/Buildings/Buildings/Textures/Shops_31.uasset" 4190
"/Game/Game_ThePerfectDate/Meshes/Buildings/Buildings/StaticMeshes/Building_08" 4191
"../../../../../../Users/1869771/Documents/GitHub/Martel_Ju_TP2_sans_lfs/Content/Game_ThePerfectDate/Materials/Vertex_Snapping/MI_ConcreteBare.uasset" 4192
"../../../../../../Users/1869771/Documents/GitHub/Martel_Ju_TP2_sans_lfs/Content/Game_ThePerfectDate/Materials/Vertex_Snapping/MI_Roof_Tiles.uasset" 4193
"C:/Users/1869771/Documents/GitHub/Martel_Ju_TP2_sans_lfs/Content/Game_ThePerfectDate/Meshes/Buildings/Buildings/Textures/brick_modern_02.uasset" 4194
"C:/Users/1869771/Documents/GitHub/Martel_Ju_TP2_sans_lfs/Content/Game_ThePerfectDate/Meshes/Buildings/Buildings/Textures/Shops_13.uasset" 4195
"C:/Users/1869771/Documents/GitHub/Martel_Ju_TP2_sans_lfs/Content/Game_ThePerfectDate/Meshes/Buildings/Buildings/Materials/Shops_14.uasset" 4196
"C:/Users/1869771/Documents/GitHub/Martel_Ju_TP2_sans_lfs/Content/Game_ThePerfectDate/Meshes/Buildings/Buildings/Textures/Shops_11.uasset" 4197
"C:/Users/1869771/Documents/GitHub/Martel_Ju_TP2_sans_lfs/Content/Game_ThePerfectDate/Meshes/Buildings/Buildings/Textures/Shops_14.uasset" 4198
"C:/Users/1869771/Documents/GitHub/Martel_Ju_TP2_sans_lfs/Content/Game_ThePerfectDate/Meshes/Buildings/Buildings/Materials/Shops_13.uasset" 4199
"C:/Users/1869771/Documents/GitHub/Martel_Ju_TP2_sans_lfs/Content/Game_ThePerfectDate/Meshes/Buildings/Buildings/Textures/Shops_12.uasset" 4200
"C:/Users/1869771/Documents/GitHub/Martel_Ju_TP2_sans_lfs/Content/Game_ThePerfectDate/Meshes/Buildings/Buildings/Materials/Shops_12.uasset" 4201
"C:/Users/1869771/Documents/GitHub/Martel_Ju_TP2_sans_lfs/Content/Game_ThePerfectDate/Meshes/Buildings/Buildings/Materials/brick_modern_02.uasset" 4202
"/Game/Game_ThePerfectDate/Meshes/Buildings/Buildings/Materials/building_08" 4203
"C:/Users/1869771/Documents/GitHub/Martel_Ju_TP2_sans_lfs/Content/Game_ThePerfectDate/Meshes/Buildings/Buildings/Materials/Shops_10.uasset" 4204
"C:/Users/1869771/Documents/GitHub/Martel_Ju_TP2_sans_lfs/Content/Game_ThePerfectDate/Meshes/Buildings/Buildings/Textures/Shops_10.uasset" 4205
"C:/Users/1869771/Documents/GitHub/Martel_Ju_TP2_sans_lfs/Content/Game_ThePerfectDate/Meshes/Buildings/Buildings/Materials/Shops_11.uasset" 4206
"C:/Users/1869771/Documents/GitHub/Martel_Ju_TP2_sans_lfs/Content/Game_ThePerfectDate/Meshes/Buildings/Buildings/StaticMeshes/Building_02.uasset" 4207
"C:/Users/1869771/Documents/GitHub/Martel_Ju_TP2_sans_lfs/Content/Game_ThePerfectDate/Meshes/Buildings/Buildings/Materials/Shops_04.uasset" 4208
"C:/Users/1869771/Documents/GitHub/Martel_Ju_TP2_sans_lfs/Content/Game_ThePerfectDate/Meshes/Buildings/Buildings/Materials/Shops_05.uasset" 4209
"../../../../../../Users/1869771/Documents/GitHub/Martel_Ju_TP2_sans_lfs/Content/Game_ThePerfectDate/Meshes/Buildings/Buildings/Textures/building_08.uasset" 4210
"/Game/Game_ThePerfectDate/Meshes/Buildings/Buildings/StaticMeshes/Building_04" 4211
"../../../../../../Users/1869771/Documents/GitHub/Martel_Ju_TP2_sans_lfs/Content/Game_ThePerfectDate/Meshes/Buildings/Buildings/Materials/brick_modern_03.uasset" 4212
"../../../../../../Users/1869771/Documents/GitHub/Martel_Ju_TP2_sans_lfs/Content/Game_ThePerfectDate/Meshes/Buildings/Buildings/Textures/brick_modern_03.uasset" 4213
"/Game/Game_ThePerfectDate/Meshes/Buildings/Buildings/StaticMeshes/Building_05" 4214
"/Game/Game_ThePerfectDate/Meshes/Buildings/Buildings/Textures/brick_modern_02" 4215
"C:/Users/1869771/Documents/GitHub/Martel_Ju_TP2_sans_lfs/Content/Game_ThePerfectDate/Meshes/Asset_Mix_Pack/PSX_AssetsPack_1_UPDATED/PSX_AssetsPack_1/Textures/CardboardBox.uasset" 4216
"C:/Users/1869771/Documents/GitHub/Martel_Ju_TP2_sans_lfs/Content/Game_ThePerfectDate/Meshes/Asset_Mix_Pack/PSX_AssetsPack_1_UPDATED/PSX_AssetsPack_1/Models/CardboardBox/cardboardbox/Materials/Material_001.uasset" 4217
"C:/Users/1869771/Documents/GitHub/Martel_Ju_TP2_sans_lfs/Content/Game_ThePerfectDate/Meshes/Buildings/Buildings/Materials/Shops_03.uasset" 4218
"C:/Users/1869771/Documents/GitHub/Martel_Ju_TP2_sans_lfs/Content/Game_ThePerfectDate/Meshes/Asset_Mix_Pack/PSX_AssetsPack_1_UPDATED/PSX_AssetsPack_1/Models/Bench/bench/Materials/Metal.uasset" 4219
"C:/Users/1869771/Documents/GitHub/Martel_Ju_TP2_sans_lfs/Content/Game_ThePerfectDate/Meshes/Asset_Mix_Pack/PSX_AssetsPack_1_UPDATED/PSX_AssetsPack_1/Models/Bench/bench/Textures/Metal.uasset" 4220
"C:/Users/1869771/Documents/GitHub/Martel_Ju_TP2_sans_lfs/Content/Game_ThePerfectDate/Meshes/Asset_Mix_Pack/PSX_AssetsPack_1_UPDATED/PSX_AssetsPack_1/Models/Bench/bench/Materials/PlanksMaterial.uasset" 4221
"C:/Users/1869771/Documents/GitHub/Martel_Ju_TP2_sans_lfs/Content/Game_ThePerfectDate/Meshes/Asset_Mix_Pack/PSX_AssetsPack_1_UPDATED/PSX_AssetsPack_1/Models/Bench/bench/Textures/Woddd.uasset" 4222
"C:/Users/1869771/Documents/GitHub/Martel_Ju_TP2_sans_lfs/Content/Game_ThePerfectDate/Meshes/Asset_Mix_Pack/PSX_AssetsPack_1_UPDATED/PSX_AssetsPack_1/Models/CardboardBox/cardboardbox/StaticMeshes/cardboardbox.uasset" 4223
"C:/Users/1869771/Documents/GitHub/Martel_Ju_TP2_sans_lfs/Content/Game_ThePerfectDate/Meshes/Buildings/Buildings/StaticMeshes/Building_01.uasset" 4224
"C:/Users/1869771/Documents/GitHub/Martel_Ju_TP2_sans_lfs/Content/Game_ThePerfectDate/Meshes/Asset_Mix_Pack/PSX_AssetsPack2/Mailbox/mailbox/Textures/Postbox.uasset" 4225
"C:/Users/1869771/Documents/GitHub/Martel_Ju_TP2_sans_lfs/Content/Game_ThePerfectDate/Meshes/Asset_Mix_Pack/PSX_AssetsPack_1_UPDATED/PSX_AssetsPack_1/Models/Bench/bench/StaticMeshes/bench.uasset" 4226
"C:/Users/1869771/Documents/GitHub/Martel_Ju_TP2_sans_lfs/Content/Game_ThePerfectDate/Meshes/Asset_Mix_Pack/PSX_AssetsPack2/Mailbox/mailbox/StaticMeshes/mailbox.uasset" 4227
"C:/Users/1869771/Documents/GitHub/Martel_Ju_TP2_sans_lfs/Content/Game_ThePerfectDate/Meshes/Nature/Wood_03.uasset" 4228
"C:/Users/1869771/Documents/GitHub/Martel_Ju_TP2_sans_lfs/Content/Game_ThePerfectDate/Meshes/Buildings/Buildings/Materials/building_04.uasset" 4229
"/Game/Game_ThePerfectDate/Meshes/Buildings/Buildings/Materials/Shops_04" 4230
"C:/Users/1869771/Documents/GitHub/Martel_Ju_TP2_sans_lfs/Content/Game_ThePerfectDate/Materials/Vertex_Snapping/Nature/MI_Tronc.uasset" 4231
"C:/Users/1869771/Documents/GitHub/Martel_Ju_TP2_sans_lfs/Content/Game_ThePerfectDate/Meshes/Dep/Textures/outdoor_electronics.uasset" 4232
"C:/Users/1869771/Documents/GitHub/Martel_Ju_TP2_sans_lfs/Content/Game_ThePerfectDate/Materials/Vertex_Snapping/MI_Vent.uasset" 4233
"C:/Users/1869771/Documents/GitHub/Martel_Ju_TP2_sans_lfs/Content/Game_ThePerfectDate/Meshes/Asset_Mix_Pack/PSX_AssetsPack2/Mailbox/mailbox/Materials/PostboxMaterial.uasset" 4234
"../../../../../../Users/1869771/Documents/GitHub/Martel_Ju_TP2_sans_lfs/Content/Game_ThePerfectDate/Meshes/Buildings/Buildings/Textures/Shops_04.uasset" 4235
"/Game/Game_ThePerfectDate/Meshes/Buildings/Buildings/Materials/Shops_05" 4236
"../../../../../../Users/1869771/Documents/GitHub/Martel_Ju_TP2_sans_lfs/Content/Game_ThePerfectDate/Meshes/Buildings/Buildings/Textures/Shops_05.uasset" 4237
"/Game/Game_ThePerfectDate/Meshes/Buildings/Buildings/StaticMeshes/Building_02" 4238
"/Game/Game_ThePerfectDate/Meshes/Asset_Mix_Pack/PSX_AssetsPack_1_UPDATED/PSX_AssetsPack_1/Models/Bench/bench/Materials/Metal" 4239
"/Game/Game_ThePerfectDate/Meshes/Asset_Mix_Pack/PSX_AssetsPack_1_UPDATED/PSX_AssetsPack_1/Models/CardboardBox/cardboardbox/Materials/Material_001" 4240
"/Game/Game_ThePerfectDate/Meshes/Buildings/Buildings/Materials/Shops_03" 4241
"../../../../../../Users/1869771/Documents/GitHub/Martel_Ju_TP2_sans_lfs/Content/Game_ThePerfectDate/Meshes/Buildings/Buildings/Textures/Shops_03.uasset" 4242
"C:/Users/1869771/Documents/GitHub/Martel_Ju_TP2_sans_lfs/Content/Game_ThePerfectDate/Meshes/Furnitures/PSX/Textures/Tiles_02.uasset" 4243
"C:/Users/1869771/Documents/GitHub/Martel_Ju_TP2_sans_lfs/Content/Game_ThePerfectDate/Meshes/Furnitures/Trailer/Textures/trash_can_metal.uasset" 4244
"C:/Users/1869771/Documents/GitHub/Martel_Ju_TP2_sans_lfs/Content/Game_ThePerfectDate/Materials/Vertex_Snapping/MI_TrashBag1.uasset" 4245
"C:/Users/1869771/Documents/GitHub/Martel_Ju_TP2_sans_lfs/Content/Game_ThePerfectDate/Materials/Vertex_Snapping/MI_TrashBlue.uasset" 4246
"C:/Users/1869771/Documents/GitHub/Martel_Ju_TP2_sans_lfs/Content/Game_ThePerfectDate/Meshes/Dep/Textures/Trash_01.uasset" 4247
"C:/Users/1869771/Documents/GitHub/Martel_Ju_TP2_sans_lfs/Content/Game_ThePerfectDate/Materials/Vertex_Snapping/MI_Trash.uasset" 4248
"C:/Users/1869771/Documents/GitHub/Martel_Ju_TP2_sans_lfs/Content/Game_ThePerfectDate/Materials/Vertex_Snapping/MI_Trash2.uasset" 4249
"C:/Users/1869771/Documents/GitHub/Martel_Ju_TP2_sans_lfs/Content/Game_ThePerfectDate/Materials/Vertex_Snapping/MI_Tuile_Dep.uasset" 4250
"C:/Users/1869771/Documents/GitHub/Martel_Ju_TP2_sans_lfs/Content/Game_ThePerfectDate/Meshes/Dep/Textures/Cigars.uasset" 4251
"C:/Users/1869771/Documents/GitHub/Martel_Ju_TP2_sans_lfs/Content/Game_ThePerfectDate/Materials/Vertex_Snapping/MI_Tabac.uasset" 4252
"C:/Users/1869771/Documents/GitHub/Martel_Ju_TP2_sans_lfs/Content/Game_ThePerfectDate/Materials/Vertex_Snapping/MI_TrashMetal.uasset" 4253
"C:/Users/1869771/Documents/GitHub/Martel_Ju_TP2_sans_lfs/Content/Game_ThePerfectDate/Meshes/Furnitures/PSX2/Texture/Deposits.uasset" 4254
"C:/Users/1869771/Documents/GitHub/Martel_Ju_TP2_sans_lfs/Content/Game_ThePerfectDate/Meshes/Pizza/Scene/Pizzeria_Scene/Textures/Sidewalk_01.uasset" 4255
"/Game/Game_ThePerfectDate/Meshes/Nature/Wood_03" 4256
"C:/Users/1869771/Documents/GitHub/Martel_Ju_TP2_sans_lfs/Content/Game_ThePerfectDate/Meshes/Dep/Textures/6twelve.uasset" 4257
"C:/Users/1869771/Documents/GitHub/Martel_Ju_TP2_sans_lfs/Content/Game_ThePerfectDate/Materials/Vertex_Snapping/MI_Shop_05.uasset" 4258
"C:/Users/1869771/Documents/GitHub/Martel_Ju_TP2_sans_lfs/Content/Game_ThePerfectDate/Materials/Vertex_Snapping/MI_TelephonePublique.uasset" 4259
"C:/Users/1869771/Documents/GitHub/Martel_Ju_TP2_sans_lfs/Content/Game_ThePerfectDate/Materials/Vertex_Snapping/MI_Soda.uasset" 4260
"C:/Users/1869771/Documents/GitHub/Martel_Ju_TP2_sans_lfs/Content/Game_ThePerfectDate/Materials/Vertex_Snapping/MI_Sign_Dep.uasset" 4261
"C:/Users/1869771/Documents/GitHub/Martel_Ju_TP2_sans_lfs/Content/Game_ThePerfectDate/Materials/Vertex_Snapping/MI_Sidewalk.uasset" 4262
"/Game/Game_ThePerfectDate/Materials/Vertex_Snapping/MI_Vent" 4263
"/Game/Game_ThePerfectDate/Materials/Vertex_Snapping/Nature/MI_Tronc" 4264
"/Game/Game_ThePerfectDate/Meshes/Asset_Mix_Pack/PSX_AssetsPack2/Mailbox/mailbox/StaticMeshes/mailbox" 4265
"/Game/Game_ThePerfectDate/Meshes/Asset_Mix_Pack/PSX_AssetsPack_1_UPDATED/PSX_AssetsPack_1/Models/Bench/bench/StaticMeshes/bench" 4266
"/Game/Game_ThePerfectDate/Meshes/Dep/Textures/Trash_01" 4267
"/Game/Game_ThePerfectDate/Materials/Vertex_Snapping/MI_TrashBag1" 4268
"/Game/Game_ThePerfectDate/Meshes/Asset_Mix_Pack/PSX_AssetsPack_1_UPDATED/PSX_AssetsPack_1/Models/CardboardBox/cardboardbox/StaticMeshes/cardboardbox" 4269
"/Game/Game_ThePerfectDate/Materials/Vertex_Snapping/MI_TrashBlue" 4270
"/Game/Game_ThePerfectDate/Meshes/Buildings/Buildings/StaticMeshes/Building_01" 4271
"../../../../../../Users/1869771/Documents/GitHub/Martel_Ju_TP2_sans_lfs/Content/Game_ThePerfectDate/Meshes/Buildings/Buildings/Textures/building_04.uasset" 4272
"/Game/Game_ThePerfectDate/Meshes/Furnitures/Trailer/Textures/trash_can_metal" 4273
"/Game/Game_ThePerfectDate/Meshes/Furnitures/PSX/Textures/Tiles_02" 4274
"C:/Users/1869771/Documents/GitHub/Martel_Ju_TP2_sans_lfs/Content/Game_ThePerfectDate/Materials/Vertex_Snapping/MI_Shop_04.uasset" 4275
"C:/Users/1869771/Documents/GitHub/Martel_Ju_TP2_sans_lfs/Content/Game_ThePerfectDate/Materials/Vertex_Snapping/MI_Shop_31.uasset" 4276
"C:/Users/1869771/Documents/GitHub/Martel_Ju_TP2_sans_lfs/Content/Game_ThePerfectDate/Materials/Vertex_Snapping/MI_Shop_29.uasset" 4277
"C:/Users/1869771/Documents/GitHub/Martel_Ju_TP2_sans_lfs/Content/Game_ThePerfectDate/Materials/Vertex_Snapping/MI_Shop_03.uasset" 4278
"C:/Users/1869771/Documents/GitHub/Martel_Ju_TP2_sans_lfs/Content/Game_ThePerfectDate/Materials/Vertex_Snapping/MI_Seats.uasset" 4279
"C:/Users/1869771/Documents/GitHub/Martel_Ju_TP2_sans_lfs/Content/Game_ThePerfectDate/Meshes/Bus/Bus_stop/Texture/Seating_01.uasset" 4280
"C:/Users/1869771/Documents/GitHub/Martel_Ju_TP2_sans_lfs/Content/Game_ThePerfectDate/Meshes/Bus/Bus_stop/Texture/Seating.uasset" 4281
"C:/Users/1869771/Documents/GitHub/Martel_Ju_TP2_sans_lfs/Content/Game_ThePerfectDate/Materials/Vertex_Snapping/MI_Shop_30.uasset" 4282
"C:/Users/1869771/Documents/GitHub/Martel_Ju_TP2_sans_lfs/Content/Game_ThePerfectDate/Materials/Vertex_Snapping/MI_Seat.uasset" 4283
"C:/Users/1869771/Documents/GitHub/Martel_Ju_TP2_sans_lfs/Content/Game_ThePerfectDate/Materials/Vertex_Snapping/MI_Route.uasset" 4284
"C:/Users/1869771/Documents/GitHub/Martel_Ju_TP2_sans_lfs/Content/Game_ThePerfectDate/Materials/Vertex_Snapping/MI_Shop_28.uasset" 4285
"C:/Users/1869771/Documents/GitHub/Martel_Ju_TP2_sans_lfs/Content/Game_ThePerfectDate/Meshes/Bus/Metro_PSX/Textures/Posters.uasset" 4286
"C:/Users/1869771/Documents/GitHub/Martel_Ju_TP2_sans_lfs/Content/Game_ThePerfectDate/Materials/Vertex_Snapping/MI_Poster.uasset" 4287
"C:/Users/1869771/Documents/GitHub/Martel_Ju_TP2_sans_lfs/Content/Game_ThePerfectDate/Meshes/Pizza/Scene/Pizzeria_Scene/Textures/Road.uasset" 4288
"C:/Users/1869771/Documents/GitHub/Martel_Ju_TP2_sans_lfs/Content/Game_ThePerfectDate/Materials/Vertex_Snapping/MI_Porte_Dep.uasset" 4289
"C:/Users/1869771/Documents/GitHub/Martel_Ju_TP2_sans_lfs/Content/Game_ThePerfectDate/Meshes/Dep/Textures/Door.uasset" 4290
"/Game/Game_ThePerfectDate/Materials/Vertex_Snapping/MI_Sidewalk" 4291
"C:/Users/1869771/Documents/GitHub/Martel_Ju_TP2_sans_lfs/Content/Game_ThePerfectDate/Meshes/Dep/Textures/Office.uasset" 4292
"C:/Users/1869771/Documents/GitHub/Martel_Ju_TP2_sans_lfs/Content/Game_ThePerfectDate/Materials/Vertex_Snapping/MI_Plafond_Dep.uasset" 4293
"/Game/Game_ThePerfectDate/Materials/Vertex_Snapping/MI_Sign_Dep" 4294
"/Game/Game_ThePerfectDate/Materials/Vertex_Snapping/MI_Soda" 4295
"/Game/Game_ThePerfectDate/Materials/Vertex_Snapping/MI_Shop_05" 4296
"/Game/Game_ThePerfectDate/Materials/Vertex_Snapping/MI_Tabac" 4297
"/Game/Game_ThePerfectDate/Materials/Vertex_Snapping/MI_TelephonePublique" 4298
"/Game/Game_ThePerfectDate/Materials/Vertex_Snapping/MI_Trash" 4299
"/Game/Game_ThePerfectDate/Meshes/Bus/Bus_stop/Texture/Seating_01" 4300
"/Game/Game_ThePerfectDate/Materials/Vertex_Snapping/MI_Trash2" 4301
"/Game/Game_ThePerfectDate/Materials/Vertex_Snapping/MI_Shop_29" 4302
"/Game/Game_ThePerfectDate/Materials/Vertex_Snapping/MI_Shop_30" 4303
"/Game/Game_ThePerfectDate/Materials/Vertex_Snapping/MI_Shop_31" 4304
"/Game/Game_ThePerfectDate/Materials/Vertex_Snapping/MI_Shop_03" 4305
"/Game/Game_ThePerfectDate/Materials/Vertex_Snapping/MI_TrashMetal" 4306
"/Game/Game_ThePerfectDate/Materials/Vertex_Snapping/MI_Tuile_Dep" 4307
"/Game/Game_ThePerfectDate/Materials/Vertex_Snapping/MI_Shop_04" 4308
"C:/Users/1869771/Documents/GitHub/Martel_Ju_TP2_sans_lfs/Content/Game_ThePerfectDate/Meshes/Dep/Textures/Plaste.uasset" 4309
"C:/Users/1869771/Documents/GitHub/Martel_Ju_TP2_sans_lfs/Content/Game_ThePerfectDate/Materials/Vertex_Snapping/MI_Metal_Light_Dep.uasset" 4310
"C:/Users/1869771/Documents/GitHub/Martel_Ju_TP2_sans_lfs/Content/Game_ThePerfectDate/Materials/Vertex_Snapping/MI_Mur_Brique.uasset" 4311
"C:/Users/1869771/Documents/GitHub/Martel_Ju_TP2_sans_lfs/Content/Game_ThePerfectDate/Materials/Vertex_Snapping/MI_MadameDanse01.uasset" 4312
"C:/Users/1869771/Documents/GitHub/Martel_Ju_TP2_sans_lfs/Content/Game_ThePerfectDate/Meshes/Furnitures/PSX/Textures/Metal_03.uasset" 4313
"C:/Users/1869771/Documents/GitHub/Martel_Ju_TP2_sans_lfs/Content/Game_ThePerfectDate/Materials/Vertex_Snapping/MI_Mur_Dep.uasset" 4314
"C:/Users/1869771/Documents/GitHub/Martel_Ju_TP2_sans_lfs/Content/Game_ThePerfectDate/Materials/Vertex_Snapping/MI_Material_014.uasset" 4315
"C:/Users/1869771/Documents/GitHub/Martel_Ju_TP2_sans_lfs/Content/Game_ThePerfectDate/Meshes/Personnages/NPC/Characters_PSX/Character_06/Character_06.uasset" 4316
"C:/Users/1869771/Documents/GitHub/Martel_Ju_TP2_sans_lfs/Content/Game_ThePerfectDate/Meshes/Dep/Textures/Lights_Emissor.uasset" 4317
"C:/Users/1869771/Documents/GitHub/Martel_Ju_TP2_sans_lfs/Content/Game_ThePerfectDate/Meshes/Dep/Textures/Lottery.uasset" 4318
"C:/Users/1869771/Documents/GitHub/Martel_Ju_TP2_sans_lfs/Content/Game_ThePerfectDate/Materials/Vertex_Snapping/MI_Light_Dep.uasset" 4319
"C:/Users/1869771/Documents/GitHub/Martel_Ju_TP2_sans_lfs/Content/Game_ThePerfectDate/Materials/Vertex_Snapping/MI_Light.uasset" 4320
"/Game/Game_ThePerfectDate/Meshes/Dep/Textures/Door" 4321
"C:/Users/1869771/Documents/GitHub/Martel_Ju_TP2_sans_lfs/Content/Game_ThePerfectDate/Materials/Vertex_Snapping/MI_Lotterie.uasset" 4322
"C:/Users/1869771/Documents/GitHub/Martel_Ju_TP2_sans_lfs/Content/Game_ThePerfectDate/Materials/Vertex_Snapping/MI_Material.uasset" 4323
"C:/Users/1869771/Documents/GitHub/Martel_Ju_TP2_sans_lfs/Content/Game_ThePerfectDate/Meshes/Bus/Bus_stop/Texture/Lamppost.uasset" 4324
"C:/Users/1869771/Documents/GitHub/Martel_Ju_TP2_sans_lfs/Content/Game_ThePerfectDate/Meshes/Furnitures/Trailer/Textures/Grass.uasset" 4325
"C:/Users/1869771/Documents/GitHub/Martel_Ju_TP2_sans_lfs/Content/Game_ThePerfectDate/Materials/Vertex_Snapping/MI_Lamppost.uasset" 4326
"C:/Users/1869771/Documents/GitHub/Martel_Ju_TP2_sans_lfs/Content/Game_ThePerfectDate/Materials/Vertex_Snapping/MI_Ice.uasset" 4327
"C:/Users/1869771/Documents/GitHub/Martel_Ju_TP2_sans_lfs/Content/Game_ThePerfectDate/Materials/Vertex_Snapping/MI_Grass.uasset" 4328
"C:/Users/1869771/Documents/GitHub/Martel_Ju_TP2_sans_lfs/Content/Game_ThePerfectDate/Meshes/Furnitures/PSX2/Texture/Metal_14.uasset" 4329
"/Game/Game_ThePerfectDate/Materials/Vertex_Snapping/MI_Poster" 4330
"/Game/Game_ThePerfectDate/Materials/Vertex_Snapping/MI_Route" 4331
"/Game/Game_ThePerfectDate/Materials/Vertex_Snapping/MI_Seat" 4332
"/Game/Game_ThePerfectDate/Materials/Vertex_Snapping/MI_Seats" 4333
"/Game/Game_ThePerfectDate/Materials/Vertex_Snapping/MI_Shop_28" 4334
"/Game/Game_ThePerfectDate/Materials/Vertex_Snapping/MI_Mur_Brique" 4335
"/Game/Game_ThePerfectDate/Meshes/Dep/Textures/Plaste" 4336
"/Game/Game_ThePerfectDate/Materials/Vertex_Snapping/MI_Porte_Dep" 4337
"/Game/Game_ThePerfectDate/Meshes/Dep/Textures/Office" 4338
"/Game/Game_ThePerfectDate/Materials/Vertex_Snapping/MI_Plafond_Dep" 4339
"C:/Users/1869771/Documents/GitHub/Martel_Ju_TP2_sans_lfs/Content/Game_ThePerfectDate/Meshes/Dep/Textures/Store_fridge.uasset" 4340
"C:/Users/1869771/Documents/GitHub/Martel_Ju_TP2_sans_lfs/Content/Game_ThePerfectDate/Materials/Vertex_Snapping/MI_FoodFin.uasset" 4341
"C:/Users/1869771/Documents/GitHub/Martel_Ju_TP2_sans_lfs/Content/Game_ThePerfectDate/Meshes/Dep/Textures/Food_shelf_04.uasset" 4342
"C:/Users/1869771/Documents/GitHub/Martel_Ju_TP2_sans_lfs/Content/Game_ThePerfectDate/Materials/Vertex_Snapping/MI_Food4.uasset" 4343
"C:/Users/1869771/Documents/GitHub/Martel_Ju_TP2_sans_lfs/Content/Game_ThePerfectDate/Meshes/Dep/Textures/Food_shelf_02.uasset" 4344
"C:/Users/1869771/Documents/GitHub/Martel_Ju_TP2_sans_lfs/Content/Game_ThePerfectDate/Materials/Vertex_Snapping/MI_Food2.uasset" 4345
"C:/Users/1869771/Documents/GitHub/Martel_Ju_TP2_sans_lfs/Content/Game_ThePerfectDate/Meshes/Dep/Textures/Food_shelf.uasset" 4346
"C:/Users/1869771/Documents/GitHub/Martel_Ju_TP2_sans_lfs/Content/Game_ThePerfectDate/Materials/Vertex_Snapping/MI_Fridge2.uasset" 4347
"C:/Users/1869771/Documents/GitHub/Martel_Ju_TP2_sans_lfs/Content/Game_ThePerfectDate/Materials/Vertex_Snapping/MI_Fridge.uasset" 4348
"C:/Users/1869771/Documents/GitHub/Martel_Ju_TP2_sans_lfs/Content/Game_ThePerfectDate/Materials/Vertex_Snapping/MI_Food.uasset" 4349
"/Game/Game_ThePerfectDate/Materials/Vertex_Snapping/MI_Grass" 4350
"C:/Users/1869771/Documents/GitHub/Martel_Ju_TP2_sans_lfs/Content/Game_ThePerfectDate/Meshes/Bus/Metro_PSX/Textures/Vending_machine.uasset" 4351
"C:/Users/1869771/Documents/GitHub/Martel_Ju_TP2_sans_lfs/Content/Game_ThePerfectDate/Meshes/Furnitures/Trailer/Textures/Metal_Fence.uasset" 4352
"C:/Users/1869771/Documents/GitHub/Martel_Ju_TP2_sans_lfs/Content/Game_ThePerfectDate/Meshes/Dep/Textures/Refrigerators.uasset" 4353
"C:/Users/1869771/Documents/GitHub/Martel_Ju_TP2_sans_lfs/Content/Game_ThePerfectDate/Materials/Vertex_Snapping/MI_Fence.uasset" 4354
"/Game/Game_ThePerfectDate/Materials/Vertex_Snapping/MI_Ice" 4355
"/Game/Game_ThePerfectDate/Materials/Vertex_Snapping/MI_Lamppost" 4356
"/Game/Game_ThePerfectDate/Materials/Vertex_Snapping/MI_Light" 4357
"/Game/Game_ThePerfectDate/Materials/Vertex_Snapping/MI_Light_Dep" 4358
"/Game/Game_ThePerfectDate/Materials/Vertex_Snapping/MI_Lotterie" 4359
"/Game/Game_ThePerfectDate/Materials/Vertex_Snapping/MI_MadameDanse01" 4360
"/Game/Game_ThePerfectDate/Materials/Vertex_Snapping/MI_Material" 4361
"/Game/Game_ThePerfectDate/Materials/Vertex_Snapping/MI_Material_014" 4362
"/Game/Game_ThePerfectDate/Materials/Vertex_Snapping/MI_Metal_Light_Dep" 4363
"/Game/Game_ThePerfectDate/Materials/Vertex_Snapping/MI_FoodFin" 4364
"/Game/Game_ThePerfectDate/Materials/Vertex_Snapping/MI_Mur_Dep" 4365
"/Game/Game_ThePerfectDate/Meshes/Dep/Textures/Store_fridge" 4366
"C:/Users/1869771/Documents/GitHub/Martel_Ju_TP2_sans_lfs/Content/Game_ThePerfectDate/Materials/Vertex_Snapping/MI_Distributrice.uasset" 4367
"C:/Users/1869771/Documents/GitHub/Martel_Ju_TP2_sans_lfs/Content/Game_ThePerfectDate/Meshes/Dep/Textures/Sign.uasset" 4368
"C:/Users/1869771/Documents/GitHub/Martel_Ju_TP2_sans_lfs/Content/Game_ThePerfectDate/Materials/Vertex_Snapping/MI_Dep_wood.uasset" 4369
"C:/Users/1869771/Documents/GitHub/Martel_Ju_TP2_sans_lfs/Content/Game_ThePerfectDate/Meshes/Dep/Textures/Control.uasset" 4370
"C:/Users/1869771/Documents/GitHub/Martel_Ju_TP2_sans_lfs/Content/Game_ThePerfectDate/Meshes/Dep/Textures/Plastic.uasset" 4371
"C:/Users/1869771/Documents/GitHub/Martel_Ju_TP2_sans_lfs/Content/Game_ThePerfectDate/Materials/Vertex_Snapping/MI_Dep_Wood2.uasset" 4372
"C:/Users/1869771/Documents/GitHub/Martel_Ju_TP2_sans_lfs/Content/Game_ThePerfectDate/Materials/Vertex_Snapping/MI_Controls_Dep.uasset" 4373
"C:/Users/1869771/Documents/GitHub/Martel_Ju_TP2_sans_lfs/Content/Game_ThePerfectDate/Materials/Vertex_Snapping/MI_Congelateur.uasset" 4374
"C:/Users/1869771/Documents/GitHub/Martel_Ju_TP2_sans_lfs/Content/Game_ThePerfectDate/Materials/Vertex_Snapping/MI_Congelateur2.uasset" 4375
"C:/Users/1869771/Documents/GitHub/Martel_Ju_TP2_sans_lfs/Content/Game_ThePerfectDate/Materials/Vertex_Snapping/MI_Comptoir_Dep.uasset" 4376
"C:/Users/1869771/Documents/GitHub/Martel_Ju_TP2_sans_lfs/Content/Game_ThePerfectDate/Materials/Vertex_Snapping/MI_Coke.uasset" 4377
"C:/Users/1869771/Documents/GitHub/Martel_Ju_TP2_sans_lfs/Content/Game_ThePerfectDate/Meshes/Dep/Textures/Plastic_07.uasset" 4378
"C:/Users/1869771/Documents/GitHub/Martel_Ju_TP2_sans_lfs/Content/Game_ThePerfectDate/Meshes/Dep/Textures/Plastic_08.uasset" 4379
"C:/Users/1869771/Documents/GitHub/Martel_Ju_TP2_sans_lfs/Content/Game_ThePerfectDate/Meshes/Furnitures/PSX2/Texture/Cash_register.uasset" 4380
"C:/Users/1869771/Documents/GitHub/Martel_Ju_TP2_sans_lfs/Content/Game_ThePerfectDate/Materials/Vertex_Snapping/MI_Coke2.uasset" 4381
"C:/Users/1869771/Documents/GitHub/Martel_Ju_TP2_sans_lfs/Content/Game_ThePerfectDate/Materials/Vertex_Snapping/MI_Cash.uasset" 4382
"C:/Users/1869771/Documents/GitHub/Martel_Ju_TP2_sans_lfs/Content/Game_ThePerfectDate/Meshes/Bus/Metro_PSX/Textures/metro_map.uasset" 4383
"/Game/Game_ThePerfectDate/Meshes/Bus/Metro_PSX/Textures/Vending_machine" 4384
"C:/Users/1869771/Documents/GitHub/Martel_Ju_TP2_sans_lfs/Content/Game_ThePerfectDate/Meshes/Dep/Textures/Candys.uasset" 4385
"C:/Users/1869771/Documents/GitHub/Martel_Ju_TP2_sans_lfs/Content/Game_ThePerfectDate/Materials/Vertex_Snapping/MI_Carte.uasset" 4386
"C:/Users/1869771/Documents/GitHub/Martel_Ju_TP2_sans_lfs/Content/Game_ThePerfectDate/Materials/Vertex_Snapping/MI_Dep.uasset" 4387
"/Game/Game_ThePerfectDate/Materials/Vertex_Snapping/MI_Fence" 4388
"/Game/Game_ThePerfectDate/Materials/Vertex_Snapping/MI_Food" 4389
"/Game/Game_ThePerfectDate/Materials/Vertex_Snapping/MI_Food2" 4390
"../../../../../../Users/1869771/Documents/GitHub/Martel_Ju_TP2_sans_lfs/Content/Game_ThePerfectDate/Materials/Vertex_Snapping/M_Master_Petit.uasset" 4391
"../../../../../../Users/1869771/Documents/GitHub/Martel_Ju_TP2_sans_lfs/Content/Game_ThePerfectDate/Materials/Vertex_Snapping/MF_Vertex_Snap_Petit.uasset" 4392
"../../../../../../Users/1869771/Documents/GitHub/Martel_Ju_TP2_sans_lfs/Content/Game_ThePerfectDate/Materials/Vertex_Snapping/MPC_GlobalParamsPetit.uasset" 4393
"/Game/Game_ThePerfectDate/Meshes/Dep/Textures/Plastic" 4394
"/Game/Game_ThePerfectDate/Meshes/Dep/Textures/Control" 4395
"/Game/Game_ThePerfectDate/Materials/Vertex_Snapping/MI_Food4" 4396
"/Game/Game_ThePerfectDate/Meshes/Dep/Textures/Sign" 4397
"/Game/Game_ThePerfectDate/Materials/Vertex_Snapping/MI_Dep_wood" 4398
"/Game/Game_ThePerfectDate/Materials/Vertex_Snapping/MI_Dep_Wood2" 4399
"/Game/Game_ThePerfectDate/Materials/Vertex_Snapping/MI_Fridge" 4400
"/Game/Game_ThePerfectDate/Materials/Vertex_Snapping/MI_Distributrice" 4401
"/Game/Game_ThePerfectDate/Materials/Vertex_Snapping/MI_Fridge2" 4402
"C:/Users/1869771/Documents/GitHub/Martel_Ju_TP2_sans_lfs/Content/Game_ThePerfectDate/Materials/Vertex_Snapping/MI_Candy.uasset" 4403
"C:/Users/1869771/Documents/GitHub/Martel_Ju_TP2_sans_lfs/Content/Game_ThePerfectDate/Meshes/Furnitures/Trailer/Textures/Coffe.uasset" 4404
"C:/Users/1869771/Documents/GitHub/Martel_Ju_TP2_sans_lfs/Content/Game_ThePerfectDate/Materials/Vertex_Snapping/MI_Caisse.uasset" 4405
"C:/Users/1869771/Documents/GitHub/Martel_Ju_TP2_sans_lfs/Content/Game_ThePerfectDate/Meshes/Furnitures/PSX/Textures/Wood_02.uasset" 4406
"C:/Users/1869771/Documents/GitHub/Martel_Ju_TP2_sans_lfs/Content/Game_ThePerfectDate/Materials/Vertex_Snapping/MI_Cafe.uasset" 4407
"C:/Users/1869771/Documents/GitHub/Martel_Ju_TP2_sans_lfs/Content/Game_ThePerfectDate/Meshes/Bus/Bus_stop/Texture/Bus_stop.uasset" 4408
"C:/Users/1869771/Documents/GitHub/Martel_Ju_TP2_sans_lfs/Content/Game_ThePerfectDate/Meshes/Dep/Textures/Mostrador.uasset" 4409
"C:/Users/1869771/Documents/GitHub/Martel_Ju_TP2_sans_lfs/Content/Game_ThePerfectDate/Materials/Vertex_Snapping/MI_Cadre_Porte_Dep.uasset" 4410
"C:/Users/1869771/Documents/GitHub/Martel_Ju_TP2_sans_lfs/Content/Game_ThePerfectDate/Materials/Vertex_Snapping/MI_Bus_Stop.uasset" 4411
"C:/Users/1869771/Documents/GitHub/Martel_Ju_TP2_sans_lfs/Content/Game_ThePerfectDate/Materials/Vertex_Snapping/MI_Building_07.uasset" 4412
"C:/Users/1869771/Documents/GitHub/Martel_Ju_TP2_sans_lfs/Content/Game_ThePerfectDate/Materials/Vertex_Snapping/MI_Building_04.uasset" 4413
"C:/Users/1869771/Documents/GitHub/Martel_Ju_TP2_sans_lfs/Content/Game_ThePerfectDate/Meshes/Dep/Textures/Bricks.uasset" 4414
"C:/Users/1869771/Documents/GitHub/Martel_Ju_TP2_sans_lfs/Content/Game_ThePerfectDate/Meshes/Bus/Bus_stop/Texture/Bus_stop_sign.uasset" 4415
"C:/Users/1869771/Documents/GitHub/Martel_Ju_TP2_sans_lfs/Content/Game_ThePerfectDate/Materials/Vertex_Snapping/MI_Brique_Dep.uasset" 4416
"C:/Users/1869771/Documents/GitHub/Martel_Ju_TP2_sans_lfs/Content/Game_ThePerfectDate/Materials/Vertex_Snapping/MI_Brique_Batiment02.uasset" 4417
"C:/Users/1869771/Documents/GitHub/Martel_Ju_TP2_sans_lfs/Content/Game_ThePerfectDate/Materials/Vertex_Snapping/MI_Brique_Batiment01.uasset" 4418
"C:/Users/1869771/Documents/GitHub/Martel_Ju_TP2_sans_lfs/Content/Game_ThePerfectDate/Materials/Vertex_Snapping/MI_Building_08.uasset" 4419
"/Game/Game_ThePerfectDate/Meshes/Dep/Textures/Candys" 4420
"C:/Users/1869771/Documents/GitHub/Martel_Ju_TP2_sans_lfs/Content/Game_ThePerfectDate/Materials/Vertex_Snapping/MI_Bus_Stop_Sign.uasset" 4421
"/Game/Game_ThePerfectDate/Meshes/Bus/Metro_PSX/Textures/metro_map" 4422
"/Game/Game_ThePerfectDate/Materials/Vertex_Snapping/MI_Carte" 4423
"/Game/Game_ThePerfectDate/Materials/Vertex_Snapping/MI_Coke" 4424
"/Game/Game_ThePerfectDate/Materials/Vertex_Snapping/MI_Cash" 4425
"/Game/Game_ThePerfectDate/Materials/Vertex_Snapping/MI_Coke2" 4426
"/Game/Game_ThePerfectDate/Materials/Vertex_Snapping/MI_Comptoir_Dep" 4427
"/Game/Game_ThePerfectDate/Materials/Vertex_Snapping/MI_Congelateur" 4428
"/Game/Game_ThePerfectDate/Materials/Vertex_Snapping/MI_Congelateur2" 4429
"/Game/Game_ThePerfectDate/Materials/Vertex_Snapping/MI_Controls_Dep" 4430
"/Game/Game_ThePerfectDate/Materials/Vertex_Snapping/MI_Dep" 4431
"/Game/Game_ThePerfectDate/Meshes/Bus/Bus_stop/Texture/Bus_stop" 4432
"/Game/Game_ThePerfectDate/Meshes/Furnitures/PSX/Textures/Wood_02" 4433
"/Game/Game_ThePerfectDate/Materials/Vertex_Snapping/MI_Cafe" 4434
"/Game/Game_ThePerfectDate/Materials/Vertex_Snapping/MI_Caisse" 4435
"/Game/Game_ThePerfectDate/Materials/Vertex_Snapping/MI_Candy" 4436
"C:/Users/1869771/Documents/GitHub/Martel_Ju_TP2_sans_lfs/Content/Game_ThePerfectDate/Materials/Vertex_Snapping/MI_Brick_Modern_03.uasset" 4437
"C:/Users/1869771/Documents/GitHub/Martel_Ju_TP2_sans_lfs/Content/Game_ThePerfectDate/Meshes/Dep/Textures/Food_shelf_01.uasset" 4438
"C:/Users/1869771/Documents/GitHub/Martel_Ju_TP2_sans_lfs/Content/Game_ThePerfectDate/Materials/Vertex_Snapping/MI_Boissons.uasset" 4439
"C:/Users/1869771/Documents/GitHub/Martel_Ju_TP2_sans_lfs/Content/Game_ThePerfectDate/Materials/Vertex_Snapping/MI_Batiment02.uasset" 4440
"C:/Users/1869771/Documents/GitHub/Martel_Ju_TP2_sans_lfs/Content/Game_ThePerfectDate/Materials/Vertex_Snapping/MI_BrickSmallBrown.uasset" 4441
"C:/Users/1869771/Documents/GitHub/Martel_Ju_TP2_sans_lfs/Content/Game_ThePerfectDate/Materials/Vertex_Snapping/MI_Antenne.uasset" 4442
"C:/Users/1869771/Documents/GitHub/Martel_Ju_TP2_sans_lfs/Content/Game_ThePerfectDate/Materials/Vertex_Snapping/MI_Batiment03.uasset" 4443
"C:/Users/1869771/Documents/GitHub/Martel_Ju_TP2_sans_lfs/Content/Game_ThePerfectDate/Materials/Vertex_Snapping/MI_Brique_Batiment.uasset" 4444
"C:/Users/1869771/Documents/GitHub/Martel_Ju_TP2_sans_lfs/Content/Game_ThePerfectDate/Meshes/Dep/Textures/Alcohol.uasset" 4445
"C:/Users/1869771/Documents/GitHub/Martel_Ju_TP2_sans_lfs/Content/Game_ThePerfectDate/Materials/Vertex_Snapping/Juno/CRT_Veste.uasset" 4446
"C:/Users/1869771/Documents/GitHub/Martel_Ju_TP2_sans_lfs/Content/Game_ThePerfectDate/Materials/Vertex_Snapping/Juno/MI_Veste.uasset" 4447
"C:/Users/1869771/Documents/GitHub/Martel_Ju_TP2_sans_lfs/Content/Game_ThePerfectDate/Materials/Vertex_Snapping/Cars/MI_Car_Police.uasset" 4448
"C:/Users/1869771/Documents/GitHub/Martel_Ju_TP2_sans_lfs/Content/Game_ThePerfectDate/Materials/Vertex_Snapping/MI_Batiment01.uasset" 4449
"C:/Users/1869771/Documents/GitHub/Martel_Ju_TP2_sans_lfs/Content/Game_ThePerfectDate/Materials/Vertex_Snapping/Cars/MI_Car03.uasset" 4450
"C:/Users/1869771/Documents/GitHub/Martel_Ju_TP2_sans_lfs/Content/Game_ThePerfectDate/Materials/Vertex_Snapping/Cars/MI_Car02.uasset" 4451
"C:/Users/1869771/Documents/GitHub/Martel_Ju_TP2_sans_lfs/Content/Game_ThePerfectDate/Materials/Vertex_Snapping/Cars/MI_Car04.uasset" 4452
"C:/Users/1869771/Documents/GitHub/Martel_Ju_TP2_sans_lfs/Content/Game_ThePerfectDate/Materials/Vertex_Snapping/Cars/MI_Car01.uasset" 4453
"C:/Users/1869771/Documents/GitHub/Martel_Ju_TP2_sans_lfs/Content/Game_ThePerfectDate/Materials/Vertex_Snapping/MI_Alcools.uasset" 4454
"C:/Users/1869771/Documents/GitHub/Martel_Ju_TP2_sans_lfs/Content/Game_ThePerfectDate/Bluprints/Interfaces/WBP_Fade_Out.uasset" 4455
"C:/Users/1869771/Documents/GitHub/Martel_Ju_TP2_sans_lfs/Content/Game_ThePerfectDate/Meshes/Dep/Models/Door_011.uasset" 4456
"C:/Users/1869771/Documents/GitHub/Martel_Ju_TP2_sans_lfs/Content/Game_ThePerfectDate/Images/Skybox/rogland_clear_night_8k.uasset" 4457
"/Game/Game_ThePerfectDate/Materials/Vertex_Snapping/MI_Brique_Batiment01" 4458
"/Game/Game_ThePerfectDate/Materials/Vertex_Snapping/MI_Brique_Batiment02" 4459
"/Game/Game_ThePerfectDate/Materials/Vertex_Snapping/MI_Brique_Dep" 4460
"/Game/Game_ThePerfectDate/Materials/Vertex_Snapping/MI_Building_04" 4461
"/Game/Game_ThePerfectDate/Materials/Vertex_Snapping/MI_Building_07" 4462
"/Game/Game_ThePerfectDate/Materials/Vertex_Snapping/MI_Batiment02" 4463
"/Game/Game_ThePerfectDate/Materials/Vertex_Snapping/MI_Building_08" 4464
"/Game/Game_ThePerfectDate/Materials/Vertex_Snapping/MI_Bus_Stop" 4465
"/Game/Game_ThePerfectDate/Materials/Vertex_Snapping/MI_Boissons" 4466
"/Game/Game_ThePerfectDate/Materials/Vertex_Snapping/MI_Bus_Stop_Sign" 4467
"/Game/Game_ThePerfectDate/Materials/Vertex_Snapping/MI_Cadre_Porte_Dep" 4468
"/Game/Game_ThePerfectDate/Materials/Vertex_Snapping/MI_Brick_Modern_03" 4469
"/Game/Game_ThePerfectDate/Materials/Vertex_Snapping/MI_BrickSmallBrown" 4470
"/Game/Game_ThePerfectDate/Materials/Vertex_Snapping/MI_Brique_Batiment" 4471
"C:/Users/1869771/Documents/GitHub/Martel_Ju_TP2_sans_lfs/Content/Game_ThePerfectDate/SFX/Divers/storebell.uasset" 4472
"C:/Users/1869771/Documents/GitHub/Martel_Ju_TP2_sans_lfs/Content/Game_ThePerfectDate/Materials/Vertex_Snapping/MI_Porte_Dep_Rouge.uasset" 4473
"C:/Users/1869771/Documents/GitHub/Martel_Ju_TP2_sans_lfs/Content/Game_ThePerfectDate/Materials/Vertex_Snapping/MI_Bordure_Dep.uasset" 4474
"C:/Users/1869771/Documents/GitHub/Martel_Ju_TP2_sans_lfs/Content/Game_ThePerfectDate/Meshes/Furnitures/PSX/Textures/Metal_04.uasset" 4475
"C:/Users/1869771/Documents/GitHub/Martel_Ju_TP2_sans_lfs/Content/Game_ThePerfectDate/Meshes/Bus/Bus_stop/Texture/Bus.uasset" 4476
"C:/Users/1869771/Documents/GitHub/Martel_Ju_TP2_sans_lfs/Content/Game_ThePerfectDate/Materials/Vertex_Snapping/MI_Bus.uasset" 4477
"C:/Users/1869771/Documents/GitHub/Martel_Ju_TP2_sans_lfs/Content/Game_ThePerfectDate/Meshes/Bus/Bus_stop/Models/Props/Glass.uasset" 4478
"C:/Users/1869771/Documents/GitHub/Martel_Ju_TP2_sans_lfs/Content/Game_ThePerfectDate/Bluprints/BP_Portes_Dep.uasset" 4479
"C:/Users/1869771/Documents/GitHub/Martel_Ju_TP2_sans_lfs/Content/Game_ThePerfectDate/Meshes/Furnitures/PSX/Textures/Metal_08.uasset" 4480
"C:/Users/1869771/Documents/GitHub/Martel_Ju_TP2_sans_lfs/Content/Game_ThePerfectDate/Materials/Vertex_Snapping/MI_Money.uasset" 4481
"C:/Users/1869771/Documents/GitHub/Martel_Ju_TP2_sans_lfs/Content/Game_ThePerfectDate/Meshes/Money/low_poly_stack_of_money/Textures/low_poly_stack_of_money_texture_1.uasset" 4482
"C:/Users/1869771/Documents/GitHub/Martel_Ju_TP2_sans_lfs/Content/Game_ThePerfectDate/Meshes/Money/low_poly_stack_of_money/Textures/low_poly_stack_of_money_texture_0.uasset" 4483
"C:/Users/1869771/Documents/GitHub/Martel_Ju_TP2_sans_lfs/Content/Game_ThePerfectDate/Bluprints/BP_Porte_Bus.uasset" 4484
"C:/Users/1869771/Documents/GitHub/Martel_Ju_TP2_sans_lfs/Content/Game_ThePerfectDate/Materials/Widget3DPassThrough_Masked1.uasset" 4485
"C:/Users/1869771/Documents/GitHub/Martel_Ju_TP2_sans_lfs/Content/Game_ThePerfectDate/Meshes/Bus/Bus_stop/Models/Props/Cube_039.uasset" 4486
"C:/Users/1869771/Documents/GitHub/Martel_Ju_TP2_sans_lfs/Content/Game_ThePerfectDate/Meshes/Money/low_poly_stack_of_money/Materials/Material.uasset" 4487
"C:/Users/1869771/Documents/GitHub/Martel_Ju_TP2_sans_lfs/Content/Game_ThePerfectDate/Meshes/Money/low_poly_stack_of_money/StaticMeshes/low_poly_stack_of_money.uasset" 4488
"/Game/Game_ThePerfectDate/Materials/Vertex_Snapping/Cars/MI_Car02" 4489
"/Game/Game_ThePerfectDate/Materials/Vertex_Snapping/Cars/MI_Car03" 4490
"/Game/Game_ThePerfectDate/Materials/Vertex_Snapping/Cars/MI_Car04" 4491
"/Game/Game_ThePerfectDate/Materials/Vertex_Snapping/Cars/MI_Car_Police" 4492
"/Game/Game_ThePerfectDate/Materials/Vertex_Snapping/Juno/MI_Veste" 4493
"/Game/Game_ThePerfectDate/Materials/Vertex_Snapping/MI_Alcools" 4494
"/Game/Game_ThePerfectDate/Materials/Vertex_Snapping/MI_Antenne" 4495
"/Game/Game_ThePerfectDate/Materials/Vertex_Snapping/MI_Batiment01" 4496
"/Game/Game_ThePerfectDate/Materials/Vertex_Snapping/MI_Batiment03" 4497
"/Game/Game_ThePerfectDate/Materials/Vertex_Snapping/MI_Bordure_Dep" 4498
"/Game/Game_ThePerfectDate/SFX/Divers/storebell" 4499
"/Game/Game_ThePerfectDate/Materials/Vertex_Snapping/Cars/MI_Car01" 4500
"/Game/Game_ThePerfectDate/Images/Skybox/rogland_clear_night_8k" 4501
"/Game/Game_ThePerfectDate/Bluprints/Interfaces/WBP_Fade_Out" 4502
"/Game/Game_ThePerfectDate/Meshes/Dep/Models/Door_011" 4503
"C:/Users/1869771/Documents/GitHub/Martel_Ju_TP2_sans_lfs/Content/Game_ThePerfectDate/Meshes/Bus/Metro_PSX/Models/Metro/Materials/metro_map.uasset" 4504
"C:/Users/1869771/Documents/GitHub/Martel_Ju_TP2_sans_lfs/Content/Game_ThePerfectDate/Meshes/Bus/Metro_PSX/Models/Metro/Textures/metro_map.uasset" 4505
"C:/Users/1869771/Documents/GitHub/Martel_Ju_TP2_sans_lfs/Content/Game_ThePerfectDate/Bluprints/BP_Pieces.uasset" 4506
"C:/Users/1869771/Documents/GitHub/Martel_Ju_TP2_sans_lfs/Content/Game_ThePerfectDate/Bluprints/Interfaces/WBP_Dep.uasset" 4507
"C:/Users/1869771/Documents/GitHub/Martel_Ju_TP2_sans_lfs/Content/Game_ThePerfectDate/Meshes/Personnages/NPC/Characters_PSX/Character/Character_PhysicsAsset.uasset" 4508
"C:/Users/1869771/Documents/GitHub/Martel_Ju_TP2_sans_lfs/Content/Game_ThePerfectDate/Materials/Vertex_Snapping/NPC/MI_Character1.uasset" 4509
"C:/Users/1869771/Documents/GitHub/Martel_Ju_TP2_sans_lfs/Content/Game_ThePerfectDate/Meshes/Personnages/NPC/Characters_PSX/Character/Character.uasset" 4510
"C:/Users/1869771/Documents/GitHub/Martel_Ju_TP2_sans_lfs/Content/Game_ThePerfectDate/Meshes/Personnages/NPC/Characters_PSX/Character/Character1.uasset" 4511
"C:/Users/1869771/Documents/GitHub/Martel_Ju_TP2_sans_lfs/Content/Game_ThePerfectDate/Meshes/Personnages/NPC/Characters_PSX/Character/Standard_Idle.uasset" 4512
"C:/Users/1869771/Documents/GitHub/Martel_Ju_TP2_sans_lfs/Content/Game_ThePerfectDate/SFX/Divers/thick_paper_twanging_under_tension_5.uasset" 4513
"C:/Users/1869771/Documents/GitHub/Martel_Ju_TP2_sans_lfs/Content/Game_ThePerfectDate/Meshes/Bus/Metro_PSX/Models/Metro/StaticMeshes/metro_map.uasset" 4514
"C:/Users/1869771/Documents/GitHub/Martel_Ju_TP2_sans_lfs/Content/Game_ThePerfectDate/SFX/VoiceVendeur/Farewell/farewell_4_ian.uasset" 4515
"C:/Users/1869771/Documents/GitHub/Martel_Ju_TP2_sans_lfs/Content/Game_ThePerfectDate/Meshes/Personnages/NPC/Characters_PSX/Character/Character_Skeleton.uasset" 4516
"C:/Users/1869771/Documents/GitHub/Martel_Ju_TP2_sans_lfs/Content/Game_ThePerfectDate/SFX/VoiceVendeur/Farewell/A_Farewell.uasset" 4517
"C:/Users/1869771/Documents/GitHub/Martel_Ju_TP2_sans_lfs/Content/Game_ThePerfectDate/Bluprints/BP_CarteMap.uasset" 4518
"C:/Users/1869771/Documents/GitHub/Martel_Ju_TP2_sans_lfs/Content/Game_ThePerfectDate/SFX/VoiceVendeur/Farewell/farewell_10_ian.uasset" 4519
"C:/Users/1869771/Documents/GitHub/Martel_Ju_TP2_sans_lfs/Content/Game_ThePerfectDate/SFX/VoiceVendeur/Farewell/farewell_2_ian.uasset" 4520
"/Game/Game_ThePerfectDate/Meshes/Money/low_poly_stack_of_money/StaticMeshes/low_poly_stack_of_money" 4521
"C:/Users/1869771/Documents/GitHub/Martel_Ju_TP2_sans_lfs/Content/Game_ThePerfectDate/SFX/VoiceVendeur/Greeting/greeting_1_ian.uasset" 4522
"/Game/Game_ThePerfectDate/Materials/Vertex_Snapping/MI_Money" 4523
"/Game/Game_ThePerfectDate/Bluprints/BP_Porte_Bus" 4524
"../../../../../../Users/1869771/Documents/GitHub/Martel_Ju_TP2_sans_lfs/Content/Game_ThePerfectDate/Materials/glass.uasset" 4525
"../../../../../../Users/1869771/Documents/GitHub/Martel_Ju_TP2_sans_lfs/Content/Game_ThePerfectDate/Bluprints/Interfaces/WBP_Inter.uasset" 4526
"../../Plugins/Interchange/Assets/Content/gltf/MaterialInstances/MI_Default_Blend_DS.uasset" 4527
"../../../../../../Users/1869771/Documents/GitHub/Martel_Ju_TP2_sans_lfs/Content/Game_ThePerfectDate/Images/keyboard_e_outline.uasset" 4528
"/Game/Game_ThePerfectDate/Meshes/Personnages/NPC/Characters_PSX/Character/Character_PhysicsAsset" 4529
"/Game/Game_ThePerfectDate/Bluprints/BP_Portes_Dep" 4530
"/Game/Game_ThePerfectDate/Bluprints/Interfaces/WBP_Dep" 4531
"../../../../../../Users/1869771/Documents/GitHub/Martel_Ju_TP2_sans_lfs/Content/Game_ThePerfectDate/Bluprints/GI_Argent.uasset" 4532
"../../../../../../Users/1869771/Documents/GitHub/Martel_Ju_TP2_sans_lfs/Content/Game_ThePerfectDate/Bluprints/Pawns_Characters/BP_Vendeur.uasset" 4533
"../../../../../../Users/1869771/Documents/GitHub/Martel_Ju_TP2_sans_lfs/Content/Game_ThePerfectDate/Bluprints/Pawns_Characters/Player/BP_JoueurJouable.uasset" 4534
"../../../../../../Users/1869771/Documents/GitHub/Martel_Ju_TP2_sans_lfs/Content/Game_ThePerfectDate/Font/Archivo/ArchivoBlack-Regular_Font.uasset" 4535
"../../../../../../Users/1869771/Documents/GitHub/Martel_Ju_TP2_sans_lfs/Content/Game_ThePerfectDate/Meshes/Personnages/NPC/Characters_PSX/Character/Standard_Idle.uasset" 4536
"../../../../../../Users/1869771/Documents/GitHub/Martel_Ju_TP2_sans_lfs/Content/Game_ThePerfectDate/Meshes/Personnages/NPC/Characters_PSX/Character/Character1.uasset" 4537
"../../../../../../Users/1869771/Documents/GitHub/Martel_Ju_TP2_sans_lfs/Content/Game_ThePerfectDate/SFX/Divers/cash-register-sound-fx.uasset" 4538
"../../../../../../Users/1869771/Documents/GitHub/Martel_Ju_TP2_sans_lfs/Content/Game_ThePerfectDate/SFX/VoiceVendeur/Farewell/A_Farewell.uasset" 4539
"../../../../../../Users/1869771/Documents/GitHub/Martel_Ju_TP2_sans_lfs/Content/Game_ThePerfectDate/SFX/VoiceVendeur/Greeting/A_Greeting.uasset" 4540
"../../../../../../Users/1869771/Documents/GitHub/Martel_Ju_TP2_sans_lfs/Content/Game_ThePerfectDate/SFX/VoiceVendeur/Nope/A_Nope.uasset" 4541
"../../../../../../Users/1869771/Documents/GitHub/Martel_Ju_TP2_sans_lfs/Content/Game_ThePerfectDate/SFX/VoiceVendeur/OK/A_Ok.uasset" 4542
"../../../../../../Users/1869771/Documents/GitHub/Martel_Ju_TP2_sans_lfs/Content/Game_ThePerfectDate/Meshes/Personnages/NPC/MadameJoueur/ABP_JoueurJouableMadame.uasset" 4543
"../../../../../../Users/1869771/Documents/GitHub/Martel_Ju_TP2_sans_lfs/Content/Game_ThePerfectDate/Meshes/Personnages/NPC/MadameJoueur/AM_Backflip.uasset" 4544
"../../../../../../Users/1869771/Documents/GitHub/Martel_Ju_TP2_sans_lfs/Content/Game_ThePerfectDate/Meshes/Personnages/NPC/MadameJoueur/AM_Dance.uasset" 4545
"../../../../../../Users/1869771/Documents/GitHub/Martel_Ju_TP2_sans_lfs/Content/Game_ThePerfectDate/Meshes/Personnages/NPC/MadameJoueur/AM_Fart.uasset" 4546
"../../../../../../Users/1869771/Documents/GitHub/Martel_Ju_TP2_sans_lfs/Content/Game_ThePerfectDate/Bluprints/BP_Radio.uasset" 4547
"../../../../../../Users/1869771/Documents/GitHub/Martel_Ju_TP2_sans_lfs/Content/Input/Touch/BPI_TouchInterface.uasset" 4548
"../../../../../../Users/1869771/Documents/GitHub/Martel_Ju_TP2_sans_lfs/Content/Input/Actions/IA_Courir.uasset" 4549
"../../../../../../Users/1869771/Documents/GitHub/Martel_Ju_TP2_sans_lfs/Content/Input/Actions/IA_Jump.uasset" 4550
"../../../../../../Users/1869771/Documents/GitHub/Martel_Ju_TP2_sans_lfs/Content/Input/Actions/IA_Look.uasset" 4551
"../../../../../../Users/1869771/Documents/GitHub/Martel_Ju_TP2_sans_lfs/Content/Input/Actions/IA_MouseLook.uasset" 4552
"../../../../../../Users/1869771/Documents/GitHub/Martel_Ju_TP2_sans_lfs/Content/Input/Actions/IA_Move.uasset" 4553
"../../../../../../Users/1869771/Documents/GitHub/Martel_Ju_TP2_sans_lfs/Content/Game_ThePerfectDate/Materials/Vertex_Snapping/MI_Madame_Joueur.uasset" 4554
"../../../../../../Users/1869771/Documents/GitHub/Martel_Ju_TP2_sans_lfs/Content/Game_ThePerfectDate/Bluprints/Interfaces/WBP_ArgentAfficher.uasset" 4555
"../../../../../../Users/1869771/Documents/GitHub/Martel_Ju_TP2_sans_lfs/Content/Game_ThePerfectDate/Bluprints/Interfaces/WBP_Fade.uasset" 4556
"../../../../../../Users/1869771/Documents/GitHub/Martel_Ju_TP2_sans_lfs/Content/Game_ThePerfectDate/Bluprints/Interfaces/WBP_Notifications.uasset" 4557
"../../../../../../Users/1869771/Documents/GitHub/Martel_Ju_TP2_sans_lfs/Content/Game_ThePerfectDate/Bluprints/Interfaces/WBP_Objet_Interaction.uasset" 4558
"../../../../../../Users/1869771/Documents/GitHub/Martel_Ju_TP2_sans_lfs/Content/Game_ThePerfectDate/Bluprints/Interfaces/WBP_Tab.uasset" 4559
"../../../../../../Users/1869771/Documents/GitHub/Martel_Ju_TP2_sans_lfs/Content/Game_ThePerfectDate/Bluprints/Menu/WBP_Pause.uasset" 4560
"../../../../../../Users/1869771/Documents/GitHub/Martel_Ju_TP2_sans_lfs/Content/Game_ThePerfectDate/Meshes/Personnages/NPC/MadameJoueur/Character_31_Female1.uasset" 4561
"../../../../../../Users/1869771/Documents/GitHub/Martel_Ju_TP2_sans_lfs/Content/Game_ThePerfectDate/SFX/Divers/mouse_click_double_2.uasset" 4562
"../../../../../../Users/1869771/Documents/GitHub/Martel_Ju_TP2_sans_lfs/Content/Game_ThePerfectDate/SFX/MusiquesRadio/tape_recorder_button_7.uasset" 4563
"../../../../../../Users/1869771/Documents/GitHub/Martel_Ju_TP2_sans_lfs/Content/Game_ThePerfectDate/Font/Archivo/ArchivoBlack-Regular.uasset" 4564
"../../../../../../Users/1869771/Documents/GitHub/Martel_Ju_TP2_sans_lfs/Content/Game_ThePerfectDate/Meshes/Personnages/NPC/Characters_PSX/Character/Character_Skeleton.uasset" 4565
"../../../../../../Users/1869771/Documents/GitHub/Martel_Ju_TP2_sans_lfs/Content/Game_ThePerfectDate/SFX/VoiceVendeur/Farewell/farewell_10_ian.uasset" 4566
"../../../../../../Users/1869771/Documents/GitHub/Martel_Ju_TP2_sans_lfs/Content/Game_ThePerfectDate/SFX/VoiceVendeur/Farewell/farewell_2_ian.uasset" 4567
"../../../../../../Users/1869771/Documents/GitHub/Martel_Ju_TP2_sans_lfs/Content/Game_ThePerfectDate/SFX/VoiceVendeur/Farewell/farewell_4_ian.uasset" 4568
"../../../../../../Users/1869771/Documents/GitHub/Martel_Ju_TP2_sans_lfs/Content/Game_ThePerfectDate/SFX/VoiceVendeur/Greeting/greeting_1_ian.uasset" 4569
"../../../../../../Users/1869771/Documents/GitHub/Martel_Ju_TP2_sans_lfs/Content/Game_ThePerfectDate/SFX/VoiceVendeur/Greeting/greeting_6_ian.uasset" 4570
"../../../../../../Users/1869771/Documents/GitHub/Martel_Ju_TP2_sans_lfs/Content/Game_ThePerfectDate/SFX/VoiceVendeur/Greeting/greeting_8_ian.uasset" 4571
"../../../../../../Users/1869771/Documents/GitHub/Martel_Ju_TP2_sans_lfs/Content/Game_ThePerfectDate/SFX/VoiceVendeur/Greeting/greeting_9_ian.uasset" 4572
"../../../../../../Users/1869771/Documents/GitHub/Martel_Ju_TP2_sans_lfs/Content/Game_ThePerfectDate/SFX/VoiceVendeur/Nope/refusal_3_ian.uasset" 4573
"../../../../../../Users/1869771/Documents/GitHub/Martel_Ju_TP2_sans_lfs/Content/Game_ThePerfectDate/SFX/VoiceVendeur/Nope/refusal_5_ian.uasset" 4574
"../../../../../../Users/1869771/Documents/GitHub/Martel_Ju_TP2_sans_lfs/Content/Game_ThePerfectDate/SFX/VoiceVendeur/Nope/refusal_9_ian.uasset" 4575
"../../../../../../Users/1869771/Documents/GitHub/Martel_Ju_TP2_sans_lfs/Content/Game_ThePerfectDate/SFX/VoiceVendeur/OK/confirmation_4_ian.uasset" 4576
"../../../../../../Users/1869771/Documents/GitHub/Martel_Ju_TP2_sans_lfs/Content/Game_ThePerfectDate/SFX/VoiceVendeur/OK/confirmation_9_ian.uasset" 4577
"../../../../../../Users/1869771/Documents/GitHub/Martel_Ju_TP2_sans_lfs/Content/Game_ThePerfectDate/Meshes/Personnages/NPC/MadameJoueur/BS_Fight.uasset" 4578
"../../../../../../Users/1869771/Documents/GitHub/Martel_Ju_TP2_sans_lfs/Content/Game_ThePerfectDate/Meshes/Personnages/NPC/MadameJoueur/BS_MadameJoueur.uasset" 4579
"../../../Engine/Content/EditorBlueprintResources/StandardMacros.uasset" 4580
"../../../../../../Users/1869771/Documents/GitHub/Martel_Ju_TP2_sans_lfs/Content/Game_ThePerfectDate/Meshes/Personnages/NPC/MadameJoueur/Character_31_Female_Skeleton.uasset" 4581
"../../../../../../Users/1869771/Documents/GitHub/Martel_Ju_TP2_sans_lfs/Content/Game_ThePerfectDate/Meshes/Personnages/NPC/MadameJoueur/Backflip.uasset" 4582
"../../../../../../Users/1869771/Documents/GitHub/Martel_Ju_TP2_sans_lfs/Content/Game_ThePerfectDate/Meshes/Personnages/NPC/MadameJoueur/Snake_Hip_Hop_Dance.uasset" 4583
"../../../../../../Users/1869771/Documents/GitHub/Martel_Ju_TP2_sans_lfs/Content/Game_ThePerfectDate/Meshes/Personnages/NPC/MadameJoueur/Female_Standing_Pose.uasset" 4584
"../../../../../../Users/1869771/Documents/GitHub/Martel_Ju_TP2_sans_lfs/Content/Game_ThePerfectDate/SFX/Divers/fart-with-reverb.uasset" 4585
"../../../../../../Users/1869771/Documents/GitHub/Martel_Ju_TP2_sans_lfs/Content/Game_ThePerfectDate/Meshes/Furnitures/Trailer/Textures/Radio_Mat.uasset" 4586
"../../../../../../Users/1869771/Documents/GitHub/Martel_Ju_TP2_sans_lfs/Content/Game_ThePerfectDate/Bluprints/Interfaces/WBP_Radio.uasset" 4587
"../../../../../../Users/1869771/Documents/GitHub/Martel_Ju_TP2_sans_lfs/Content/Game_ThePerfectDate/Meshes/Furnitures/Trailer/Props/Radio1.uasset" 4588
"../../../../../../Users/1869771/Documents/GitHub/Martel_Ju_TP2_sans_lfs/Content/Game_ThePerfectDate/SFX/MusiquesRadio/A_Radio.uasset" 4589
"../../../../../../Users/1869771/Documents/GitHub/Martel_Ju_TP2_sans_lfs/Content/Game_ThePerfectDate/SFX/MusiquesRadio/tape_recorder_button_5.uasset" 4590
"../../../../../../Users/1869771/Documents/GitHub/Martel_Ju_TP2_sans_lfs/Content/Game_ThePerfectDate/SFX/MusiquesRadio/tape_recorder_eject_6.uasset" 4591
"../../../../../../Users/1869771/Documents/GitHub/Martel_Ju_TP2_sans_lfs/Content/Game_ThePerfectDate/Meshes/Personnages/NPC/MadameJoueur/Material/Character_31_Female.uasset" 4592
"../../../../../../Users/1869771/Documents/GitHub/Martel_Ju_TP2_sans_lfs/Content/Game_ThePerfectDate/Bluprints/Menu/WBP_Controls.uasset" 4593
"../../../../../../Users/1869771/Documents/GitHub/Martel_Ju_TP2_sans_lfs/Content/Game_ThePerfectDate/SFX/UI/Sound_Clicked_SFX.uasset" 4594
"../../../../../../Users/1869771/Documents/GitHub/Martel_Ju_TP2_sans_lfs/Content/Game_ThePerfectDate/Meshes/Personnages/NPC/MadameJoueur/Character_31_Female_PhysicsAsset.uasset" 4595
"../../../../../../Users/1869771/Documents/GitHub/Martel_Ju_TP2_sans_lfs/Content/Game_ThePerfectDate/Meshes/Personnages/NPC/Characters_PSX/Character/Character.uasset" 4596
"../../../../../../Users/1869771/Documents/GitHub/Martel_Ju_TP2_sans_lfs/Content/Game_ThePerfectDate/Meshes/Personnages/NPC/MadameJoueur/Fighting_Idle.uasset" 4597
"../../../../../../Users/1869771/Documents/GitHub/Martel_Ju_TP2_sans_lfs/Content/Game_ThePerfectDate/Meshes/Personnages/NPC/MadameJoueur/Walking.uasset" 4598
"../../../../../../Users/1869771/Documents/GitHub/Martel_Ju_TP2_sans_lfs/Content/Game_ThePerfectDate/Meshes/Personnages/NPC/MadameJoueur/Catwalk_Walking.uasset" 4599
"../../../../../../Users/1869771/Documents/GitHub/Martel_Ju_TP2_sans_lfs/Content/Game_ThePerfectDate/Meshes/Personnages/NPC/MadameJoueur/Idle.uasset" 4600
"../../../../../../Users/1869771/Documents/GitHub/Martel_Ju_TP2_sans_lfs/Content/Game_ThePerfectDate/Meshes/Personnages/NPC/MadameJoueur/Run.uasset" 4601
"../../../../../../Users/1869771/Documents/GitHub/Martel_Ju_TP2_sans_lfs/Content/Game_ThePerfectDate/Meshes/Furnitures/Trailer/Textures/Radio.uasset" 4602
"../../../../../../Users/1869771/Documents/GitHub/Martel_Ju_TP2_sans_lfs/Content/Game_ThePerfectDate/Images/Inputs/keyboard_n_outline.uasset" 4603
"../../../../../../Users/1869771/Documents/GitHub/Martel_Ju_TP2_sans_lfs/Content/Game_ThePerfectDate/Meshes/Furnitures/Trailer/Materials/Radio.uasset" 4604
"../../../../../../Users/1869771/Documents/GitHub/Martel_Ju_TP2_sans_lfs/Content/Game_ThePerfectDate/SFX/MusiquesRadio/Fuzz_Buzz_-_Jeremy_Korpas.uasset" 4605
"../../../../../../Users/1869771/Documents/GitHub/Martel_Ju_TP2_sans_lfs/Content/Game_ThePerfectDate/SFX/MusiquesRadio/Jarabe_de_Tequila_-_Inaban___Nabani.uasset" 4606
"../../../../../../Users/1869771/Documents/GitHub/Martel_Ju_TP2_sans_lfs/Content/Game_ThePerfectDate/SFX/MusiquesRadio/Little_Umbrellas_-_TrackTribe.uasset" 4607
"../../../../../../Users/1869771/Documents/GitHub/Martel_Ju_TP2_sans_lfs/Content/Game_ThePerfectDate/SFX/MusiquesRadio/Manic__No_Depression__-_Jeremy_Korpas.uasset" 4608
"../../../../../../Users/1869771/Documents/GitHub/Martel_Ju_TP2_sans_lfs/Content/Game_ThePerfectDate/SFX/MusiquesRadio/Van_Life_Rager_-_Everet_Almond.uasset" 4609
"../../../../../../Users/1869771/Documents/GitHub/Martel_Ju_TP2_sans_lfs/Content/Movies/M_Menu.uasset" 4610
"../../../../../../Users/1869771/Documents/GitHub/Martel_Ju_TP2_sans_lfs/Content/Game_ThePerfectDate/Bluprints/Menu/WBP_Menu.uasset" 4611
"../../../../../../Users/1869771/Documents/GitHub/Martel_Ju_TP2_sans_lfs/Content/Game_ThePerfectDate/Images/Inputs/keyboard_1.uasset" 4612
"../../../../../../Users/1869771/Documents/GitHub/Martel_Ju_TP2_sans_lfs/Content/Game_ThePerfectDate/Images/Inputs/keyboard_2.uasset" 4613
"../../../../../../Users/1869771/Documents/GitHub/Martel_Ju_TP2_sans_lfs/Content/Game_ThePerfectDate/Images/Inputs/keyboard_3.uasset" 4614
"../../../../../../Users/1869771/Documents/GitHub/Martel_Ju_TP2_sans_lfs/Content/Game_ThePerfectDate/Images/Inputs/keyboard_a.uasset" 4615
"../../../../../../Users/1869771/Documents/GitHub/Martel_Ju_TP2_sans_lfs/Content/Game_ThePerfectDate/Images/Inputs/keyboard_d.uasset" 4616
"../../../../../../Users/1869771/Documents/GitHub/Martel_Ju_TP2_sans_lfs/Content/Game_ThePerfectDate/Images/Inputs/keyboard_p.uasset" 4617
"../../../../../../Users/1869771/Documents/GitHub/Martel_Ju_TP2_sans_lfs/Content/Game_ThePerfectDate/Images/Inputs/keyboard_r.uasset" 4618
"../../../../../../Users/1869771/Documents/GitHub/Martel_Ju_TP2_sans_lfs/Content/Game_ThePerfectDate/Images/Inputs/keyboard_s.uasset" 4619
"../../../../../../Users/1869771/Documents/GitHub/Martel_Ju_TP2_sans_lfs/Content/Game_ThePerfectDate/Images/Inputs/keyboard_shift.uasset" 4620
"../../../../../../Users/1869771/Documents/GitHub/Martel_Ju_TP2_sans_lfs/Content/Game_ThePerfectDate/Images/Inputs/keyboard_w.uasset" 4621
"../../../../../../Users/1869771/Documents/GitHub/Martel_Ju_TP2_sans_lfs/Content/Movies/MenuLoop_EDITED_Video.uasset" 4622
"../../../../../../Users/1869771/Documents/GitHub/Martel_Ju_TP2_sans_lfs/Content/Game_ThePerfectDate/Sequences/Movies/LM_LoopMenu.uasset" 4623
"../../../../../../Users/1869771/Documents/GitHub/Martel_Ju_TP2_sans_lfs/Content/Game_ThePerfectDate/Bluprints/Menu/WBP_Credits.uasset" 4624
"../../../../../../Users/1869771/Documents/GitHub/Martel_Ju_TP2_sans_lfs/Content/Game_ThePerfectDate/SFX/Divers/notification_phone.uasset" 4625
"../../../../../../Users/1869771/Documents/GitHub/Martel_Ju_TP2_sans_lfs/Content/Movies/MenuLoop_EDITED.uasset" 4626
"/Game/Game_ThePerfectDate/Meshes/Bus/Metro_PSX/Models/Metro/Materials/metro_map" 4627
"/Game/Game_ThePerfectDate/Bluprints/BP_Pieces" 4628
"C:/Users/1869771/Documents/GitHub/Martel_Ju_TP2_sans_lfs/Content/Game_ThePerfectDate/SFX/VoiceVieux/Greeting/greeting_7_sean.uasset" 4629
"C:/Users/1869771/Documents/GitHub/Martel_Ju_TP2_sans_lfs/Content/Game_ThePerfectDate/Meshes/Personnages/NPC/Characters_PSX/Character_03/Old_Man_Walk.uasset" 4630
"C:/Users/1869771/Documents/GitHub/Martel_Ju_TP2_sans_lfs/Content/Game_ThePerfectDate/Bluprints/Interfaces/WBP_Machine_Ticket.uasset" 4631
"C:/Users/1869771/Documents/GitHub/Martel_Ju_TP2_sans_lfs/Content/Game_ThePerfectDate/SFX/VoiceVieux/Greeting/A_Greeting_Vieux.uasset" 4632
"C:/Users/1869771/Documents/GitHub/Martel_Ju_TP2_sans_lfs/Content/Game_ThePerfectDate/SFX/VoiceVieux/Greeting/greeting_8_sean.uasset" 4633
"C:/Users/1869771/Documents/GitHub/Martel_Ju_TP2_sans_lfs/Content/Game_ThePerfectDate/SFX/VoiceVieux/Greeting/greeting_4_sean.uasset" 4634
"C:/Users/1869771/Documents/GitHub/Martel_Ju_TP2_sans_lfs/Content/Game_ThePerfectDate/SFX/VoiceVieux/miscellaneous_18_sean.uasset" 4635
"C:/Users/1869771/Documents/GitHub/Martel_Ju_TP2_sans_lfs/Content/Game_ThePerfectDate/Materials/Vertex_Snapping/MI_Ticket.uasset" 4636
"C:/Users/1869771/Documents/GitHub/Martel_Ju_TP2_sans_lfs/Content/Game_ThePerfectDate/Meshes/Bus/Metro_PSX/Models/Metro/Materials/ticket_machine.uasset" 4637
"C:/Users/1869771/Documents/GitHub/Martel_Ju_TP2_sans_lfs/Content/Game_ThePerfectDate/Meshes/Bus/Metro_PSX/Models/Metro/Textures/ticket_machine.uasset" 4638
"C:/Users/1869771/Documents/GitHub/Martel_Ju_TP2_sans_lfs/Content/Game_ThePerfectDate/Bluprints/BP_Machine_Ticket.uasset" 4639
"C:/Users/1869771/Documents/GitHub/Martel_Ju_TP2_sans_lfs/Content/Game_ThePerfectDate/SFX/VoiceVieux/farewell_7_sean.uasset" 4640
"C:/Users/1869771/Documents/GitHub/Martel_Ju_TP2_sans_lfs/Content/Game_ThePerfectDate/Meshes/Bus/Metro_PSX/Textures/ticket_machine.uasset" 4641
"C:/Users/1869771/Documents/GitHub/Martel_Ju_TP2_sans_lfs/Content/Game_ThePerfectDate/Meshes/Dep/Textures/Character_03.uasset" 4642
"C:/Users/1869771/Documents/GitHub/Martel_Ju_TP2_sans_lfs/Content/Game_ThePerfectDate/Meshes/Bus/Metro_PSX/Models/Metro/StaticMeshes/ticket_machine.uasset" 4643
"C:/Users/1869771/Documents/GitHub/Martel_Ju_TP2_sans_lfs/Content/Game_ThePerfectDate/Materials/Vertex_Snapping/NPC/MI_Vieux_Monsieur.uasset" 4644
"C:/Users/1869771/Documents/GitHub/Martel_Ju_TP2_sans_lfs/Content/Game_ThePerfectDate/Meshes/Personnages/NPC/Characters_PSX/Character_03/Character_031.uasset" 4645
"C:/Users/1869771/Documents/GitHub/Martel_Ju_TP2_sans_lfs/Content/Game_ThePerfectDate/Images/Icon-mode-bus-default_svg.uasset" 4646
"C:/Users/1869771/Documents/GitHub/Martel_Ju_TP2_sans_lfs/Content/Game_ThePerfectDate/Meshes/Personnages/NPC/Characters_PSX/Character_03/Character_03_PhysicsAsset.uasset" 4647
"/Game/Game_ThePerfectDate/Bluprints/BP_CarteMap" 4648
"C:/Users/1869771/Documents/GitHub/Martel_Ju_TP2_sans_lfs/Content/Game_ThePerfectDate/Font/SueEllenFrancisco-Regular.uasset" 4649
"C:/Users/1869771/Documents/GitHub/Martel_Ju_TP2_sans_lfs/Content/Game_ThePerfectDate/Dialogue/WBP_Dialogue_Vieux.uasset" 4650
"C:/Users/1869771/Documents/GitHub/Martel_Ju_TP2_sans_lfs/Content/Game_ThePerfectDate/Meshes/Personnages/NPC/Characters_PSX/Character_03/Character_03_Skeleton.uasset" 4651
"C:/Users/1869771/Documents/GitHub/Martel_Ju_TP2_sans_lfs/Content/Game_ThePerfectDate/Meshes/Personnages/NPC/Characters_PSX/Character_03/Old_Man_Idle.uasset" 4652
"C:/Users/1869771/Documents/GitHub/Martel_Ju_TP2_sans_lfs/Content/Game_ThePerfectDate/Font/SueEllenFrancisco-Regular_Font.uasset" 4653
"C:/Users/1869771/Documents/GitHub/Martel_Ju_TP2_sans_lfs/Content/Game_ThePerfectDate/Meshes/Furnitures/PSX2/Models/Cube_131.uasset" 4654
"C:/Users/1869771/Documents/GitHub/Martel_Ju_TP2_sans_lfs/Content/Game_ThePerfectDate/Meshes/Furnitures/PSX2/Materials/Metal_14.uasset" 4655
"C:/Users/1869771/Documents/GitHub/Martel_Ju_TP2_sans_lfs/Content/Game_ThePerfectDate/Meshes/Furnitures/PSX2/Materials/Metal_15.uasset" 4656
"C:/Users/1869771/Documents/GitHub/Martel_Ju_TP2_sans_lfs/Content/Game_ThePerfectDate/Meshes/Personnages/NPC/Characters_PSX/Character_03/BP_OldMan.uasset" 4657
"C:/Users/1869771/Documents/GitHub/Martel_Ju_TP2_sans_lfs/Content/Game_ThePerfectDate/Meshes/Furnitures/PSX2/Models/Cube_128.uasset" 4658
"C:/Users/1869771/Documents/GitHub/Martel_Ju_TP2_sans_lfs/Content/Game_ThePerfectDate/Meshes/Furnitures/PSX2/Materials/Cash_register.uasset" 4659
"C:/Users/1869771/Documents/GitHub/Martel_Ju_TP2_sans_lfs/Content/Game_ThePerfectDate/Dialogue/WBP_Dialogue_VieuxCarte.uasset" 4660
"/Game/Game_ThePerfectDate/Meshes/Bus/Metro_PSX/Textures/ticket_machine" 4661
"C:/Users/1869771/Documents/GitHub/Martel_Ju_TP2_sans_lfs/Content/Game_ThePerfectDate/Bluprints/Pawns_Characters/BP_Vieux.uasset" 4662
"/Game/Game_ThePerfectDate/Materials/Vertex_Snapping/NPC/MI_Vieux_Monsieur" 4663
"/Game/Game_ThePerfectDate/Images/Icon-mode-bus-default_svg" 4664
"/Game/Game_ThePerfectDate/Meshes/Personnages/NPC/Characters_PSX/Character_03/Character_03_PhysicsAsset" 4665
"/Game/Game_ThePerfectDate/Meshes/Bus/Metro_PSX/Models/Metro/StaticMeshes/ticket_machine" 4666
"/Game/Game_ThePerfectDate/Materials/Vertex_Snapping/MI_Ticket" 4667
"/Game/Game_ThePerfectDate/SFX/VoiceVieux/miscellaneous_18_sean" 4668
"/Game/Game_ThePerfectDate/SFX/VoiceVieux/farewell_7_sean" 4669
"/Game/Game_ThePerfectDate/SFX/VoiceVieux/Greeting/A_Greeting_Vieux" 4670
"/Game/Game_ThePerfectDate/Meshes/Personnages/NPC/Characters_PSX/Character_03/Old_Man_Walk" 4671
"/Game/Game_ThePerfectDate/Font/SueEllenFrancisco-Regular" 4672
"/Game/Game_ThePerfectDate/Meshes/Personnages/NPC/Characters_PSX/Character_03/Old_Man_Idle" 4673
"C:/Users/1869771/Documents/GitHub/Martel_Ju_TP2_sans_lfs/Content/Game_ThePerfectDate/Materials/Vertex_Snapping/Niveau1/MI_Radio.uasset" 4674
"C:/Users/1869771/Documents/GitHub/Martel_Ju_TP2_sans_lfs/Content/Game_ThePerfectDate/Materials/Vertex_Snapping/Niveau1/MI_Metal_Petit.uasset" 4675
"C:/Users/1869771/Documents/GitHub/Martel_Ju_TP2_sans_lfs/Content/Game_ThePerfectDate/Meshes/Furnitures/PSX/Textures/Metal_jpg_001.uasset" 4676
"C:/Users/1869771/Documents/GitHub/Martel_Ju_TP2_sans_lfs/Content/Game_ThePerfectDate/Bluprints/Interfaces/WBP_Fin.uasset" 4677
"C:/Users/1869771/Documents/GitHub/Martel_Ju_TP2_sans_lfs/Content/Game_ThePerfectDate/SFX/MusiquesRadio/Mourning_Dove_-_Zachariah_Hickman.uasset" 4678
"C:/Users/1869771/Documents/GitHub/Martel_Ju_TP2_sans_lfs/Content/Game_ThePerfectDate/Sequences/Blueprints/BP_CameraShake.uasset" 4679
"C:/Users/1869771/Documents/GitHub/Martel_Ju_TP2_sans_lfs/Content/Game_ThePerfectDate/Meshes/Personnages/NPC/Characters_PSX/Monsieur02/SittingMale.uasset" 4680
"C:/Users/1869771/Documents/GitHub/Martel_Ju_TP2_sans_lfs/Content/Game_ThePerfectDate/Meshes/Personnages/NPC/MadameJoueur/SittingFemale.uasset" 4681
"C:/Users/1869771/Documents/GitHub/Martel_Ju_TP2_sans_lfs/Content/Game_ThePerfectDate/Sequences/SEQ_Fin.uasset" 4682
"../../../Engine/Content/Functions/Engine_MaterialFunctions01/Units/Km-to-Cm.uasset" 4683
"../../../Engine/Content/EngineSky/VolumetricClouds/VT_Lightning.uasset" 4684
"../../../Engine/Content/Functions/Engine_MaterialFunctions02/Utility/MakeFloat4.uasset" 4685
"../../../Engine/Content/EngineSky/VolumetricClouds/m_SimpleVolumetricCloud.uasset" 4686
"../../../Engine/Content/Functions/Engine_MaterialFunctions02/Utility/BreakOutFloat4Components.uasset" 4687
"../../../Engine/Content/EngineSky/VolumetricClouds/T_CloudMask.uasset" 4688
"/Game/Game_ThePerfectDate/Meshes/Personnages/NPC/Characters_PSX/Character_03/Character_031" 4689
"../../../Engine/Content/EngineSky/VolumetricClouds/T_CloudPattern.uasset" 4690
"../../../Engine/Content/EngineSky/VolumetricClouds/VT_PerlinWorley_Balanced.uasset" 4691
"../../../Engine/Content/EngineSky/VolumetricClouds/T_Profile_08.uasset" 4692
"C:/Users/1869771/Documents/GitHub/Martel_Ju_TP2_sans_lfs/Content/Game_ThePerfectDate/Materials/Vertex_Snapping/Niveau1/MI_Metal.uasset" 4693
"/Game/Game_ThePerfectDate/Bluprints/Interfaces/WBP_Machine_Ticket" 4694
"/Game/Game_ThePerfectDate/Meshes/Furnitures/PSX/Textures/Metal_jpg_001" 4695
"/Game/Game_ThePerfectDate/Materials/Vertex_Snapping/Niveau1/MI_Metal_Petit" 4696
"/Game/Game_ThePerfectDate/Meshes/Furnitures/PSX2/Models/Cube_128" 4697
"/Game/Game_ThePerfectDate/Meshes/Furnitures/PSX2/Models/Cube_131" 4698
"/Game/Game_ThePerfectDate/Materials/Vertex_Snapping/Niveau1/MI_Radio" 4699
"C:/Users/1869771/Documents/GitHub/Martel_Ju_TP2_sans_lfs/Content/Game_ThePerfectDate/Meshes/Pizza/Scene/Pizzeria_Scene/Textures/Money.uasset" 4700
"../../../Engine/Content/MapTemplates/Sky/SunsetAmbientCubemap.uasset" 4701
"C:/Users/1869771/Documents/GitHub/Martel_Ju_TP2_sans_lfs/Content/Blueprints/BP_Cents.uasset" 4702
"../../../Engine/Content/MobileResources/HUD/VirtualJoystick_Background.uasset" 4703
"../../../Engine/Content/EngineSky/VolumetricClouds/m_SimpleVolumetricCloud_Inst.uasset" 4704
"C:/Users/1869771/Documents/GitHub/Martel_Ju_TP2_sans_lfs/Content/Input/Touch/UI_Thumbstick.uasset" 4705
"C:/Users/1869771/Documents/GitHub/Martel_Ju_TP2_sans_lfs/Content/Game_ThePerfectDate/Meshes/Pizza/Scene/Pizzeria_Scene/StaticMeshes/Money_003.uasset" 4706
"../../../Engine/Content/MobileResources/HUD/VirtualJoystick_Thumb.uasset" 4707
"C:/Users/1869771/Documents/GitHub/Martel_Ju_TP2_sans_lfs/Content/Game_ThePerfectDate/Materials/Vertex_Snapping/MI_Money2.uasset" 4708
"C:/Users/1869771/Documents/GitHub/Martel_Ju_TP2_sans_lfs/Content/Input/Touch/UI_TouchSimple.uasset" 4709
"C:/Users/1869771/Documents/GitHub/Martel_Ju_TP2_sans_lfs/Content/Game_ThePerfectDate/Meshes/Pizza/Scene/Pizzeria_Scene/Materials/Money.uasset" 4710
"C:/Users/1869771/Documents/GitHub/Martel_Ju_TP2_sans_lfs/Content/Input/IMC_Default.uasset" 4711
"C:/Users/1869771/Documents/GitHub/Martel_Ju_TP2_sans_lfs/Content/ThirdPerson/Blueprints/BP_ThirdPersonPlayerController.uasset" 4712
"C:/Users/1869771/Documents/GitHub/Martel_Ju_TP2_sans_lfs/Content/ThirdPerson/Blueprints/BP_ThirdPersonGameMode.uasset" 4713
"C:/Users/1869771/Documents/GitHub/Martel_Ju_TP2_sans_lfs/Content/Input/IMC_MouseLook.uasset" 4714
"../../../Engine/Content/EngineSky/M_SimpleSkyDome.uasset" 4715
"/Engine/Functions/Engine_MaterialFunctions02/Utility/MakeFloat4" 4716
"/Engine/EngineSky/VolumetricClouds/VT_Lightning" 4717
"/Engine/Functions/Engine_MaterialFunctions01/Units/Km-to-Cm" 4718
"/Game/Game_ThePerfectDate/Sequences/SEQ_Fin" 4719
"/Engine/EngineSky/VolumetricClouds/VT_PerlinWorley_Balanced" 4720
"/Game/Game_ThePerfectDate/Materials/Vertex_Snapping/Niveau1/MI_Metal" 4721
"/Engine/EngineSky/VolumetricClouds/T_Profile_08" 4722
"/Engine/EngineSky/VolumetricClouds/T_CloudPattern" 4723
"/Engine/EngineSky/VolumetricClouds/T_CloudMask" 4724
"/Engine/EngineSky/VolumetricClouds/m_SimpleVolumetricCloud" 4725
"/Game/Game_ThePerfectDate/Meshes/Pizza/Scene/Pizzeria_Scene/Textures/Money" 4726
"/Engine/MapTemplates/Sky/SunsetAmbientCubemap" 4727
"/Engine/EngineSky/VolumetricClouds/m_SimpleVolumetricCloud_Inst" 4728
"/Game/Game_ThePerfectDate/Meshes/Pizza/Scene/Pizzeria_Scene/Materials/Money" 4729
"/Game/Blueprints/BP_Cents" 4730
"/Engine/MobileResources/HUD/VirtualJoystick_Background" 4731
"/Game/Input/Touch/UI_Thumbstick" 4732
"/Game/Input/Touch/UI_TouchSimple" 4733
"/Game/Input/IMC_Default" 4734
"/Game/Input/IMC_MouseLook" 4735
"/Game/ThirdPerson/Blueprints/BP_ThirdPersonPlayerController" 4736
"../../../Engine/Content/EngineSky/T_Sky_Clouds_M.uasset" 4737
"../../../Engine/Content/EngineSky/M_Sky_Panning_Clouds2.uasset" 4738
"../../../Engine/Content/EngineSky/T_Sky_Stars.uasset" 4739
"C:/Users/1869771/Documents/GitHub/Martel_Ju_TP2_sans_lfs/Content/Game_ThePerfectDate/Maps/LVL_Niveau2.umap" 4740
"C:/Users/1869771/Documents/GitHub/Martel_Ju_TP2_sans_lfs/Content/Game_ThePerfectDate/Meshes/Cigarettes/Materials/Material_051.uasset" 4741
"C:/Users/1869771/Documents/GitHub/Martel_Ju_TP2_sans_lfs/Content/Game_ThePerfectDate/UI/Cigarettes/BP_Cigarettes.uasset" 4742
"../../../Engine/Content/EngineSky/T_Sky_Blue.uasset" 4743
"C:/Users/1869771/Documents/GitHub/Martel_Ju_TP2_sans_lfs/Content/Game_ThePerfectDate/SFX/Door/door_open_5.uasset" 4744
"C:/Users/1869771/Documents/GitHub/Martel_Ju_TP2_sans_lfs/Content/Game_ThePerfectDate/UI/Cigarettes/Image_Cigarettes.uasset" 4745
"C:/Users/1869771/Documents/GitHub/Martel_Ju_TP2_sans_lfs/Content/Game_ThePerfectDate/SFX/Divers/Original_slide_to_unlock_Sound.uasset" 4746
"C:/Users/1869771/Documents/GitHub/Martel_Ju_TP2_sans_lfs/Content/Game_ThePerfectDate/SFX/Divers/iphone-send-text.uasset" 4747
"C:/Users/1869771/Documents/GitHub/Martel_Ju_TP2_sans_lfs/Content/Game_ThePerfectDate/SFX/Divers/clothing_movement_9.uasset" 4748
"C:/Users/1869771/Documents/GitHub/Martel_Ju_TP2_sans_lfs/Content/Game_ThePerfectDate/SFX/Divers/ambient-empty-room-noise-sound-effect-429845.uasset" 4749
"C:/Users/1869771/Documents/GitHub/Martel_Ju_TP2_sans_lfs/Content/Game_ThePerfectDate/Sequences/Asset/PSX_First_Person_Arms_Anim_arms_armature_Hands_below.uasset" 4750
"C:/Users/1869771/Documents/GitHub/Martel_Ju_TP2_sans_lfs/Content/Game_ThePerfectDate/Sequences/Asset/arms.uasset" 4751
"C:/Users/1869771/Documents/GitHub/Martel_Ju_TP2_sans_lfs/Content/Game_ThePerfectDate/Meshes/Cigarettes/PackCigaretteStandardOpen.uasset" 4752
"C:/Users/1869771/Documents/GitHub/Martel_Ju_TP2_sans_lfs/Content/Game_ThePerfectDate/Sequences/Asset/arms1.uasset" 4753
"C:/Users/1869771/Documents/GitHub/Martel_Ju_TP2_sans_lfs/Content/Game_ThePerfectDate/Sequences/Asset/PSX_First_Person_Arms.uasset" 4754
"C:/Users/1869771/Documents/GitHub/Martel_Ju_TP2_sans_lfs/Content/Game_ThePerfectDate/Sequences/Asset/PSX_First_Person_Arms_PhysicsAsset.uasset" 4755
"C:/Users/1869771/Documents/GitHub/Martel_Ju_TP2_sans_lfs/Content/Game_ThePerfectDate/Meshes/Vinyls/VinylCover_SM.uasset" 4756
"C:/Users/1869771/Documents/GitHub/Martel_Ju_TP2_sans_lfs/Content/Game_ThePerfectDate/Meshes/Vinyls/01_-_Default.uasset" 4757
"C:/Users/1869771/Documents/GitHub/Martel_Ju_TP2_sans_lfs/Content/Game_ThePerfectDate/Meshes/Furnitures/Trailer/Trailer/Watering_can_001.uasset" 4758
"C:/Users/1869771/Documents/GitHub/Martel_Ju_TP2_sans_lfs/Content/Game_ThePerfectDate/Meshes/Furnitures/Trailer/Trailer/Watering_can.uasset" 4759
"C:/Users/1869771/Documents/GitHub/Martel_Ju_TP2_sans_lfs/Content/Game_ThePerfectDate/Meshes/Furnitures/Trailer/Trailer/Shelf.uasset" 4760
"C:/Users/1869771/Documents/GitHub/Martel_Ju_TP2_sans_lfs/Content/Game_ThePerfectDate/Meshes/Furnitures/Trailer/Trailer/Shelf_002.uasset" 4761
"C:/Users/1869771/Documents/GitHub/Martel_Ju_TP2_sans_lfs/Content/Game_ThePerfectDate/Meshes/Furnitures/Trailer/Trailer/shower_handle_001.uasset" 4762
"C:/Users/1869771/Documents/GitHub/Martel_Ju_TP2_sans_lfs/Content/Game_ThePerfectDate/Meshes/Furnitures/Trailer/Trailer/Lamp_005.uasset" 4763
"C:/Users/1869771/Documents/GitHub/Martel_Ju_TP2_sans_lfs/Content/Game_ThePerfectDate/Meshes/Furnitures/Trailer/Trailer/Lamp.uasset" 4764
"C:/Users/1869771/Documents/GitHub/Martel_Ju_TP2_sans_lfs/Content/Game_ThePerfectDate/Meshes/Furnitures/Trailer/Trailer/cupboard_kitchen.uasset" 4765
"../../../Engine/Content/EngineSky/SM_SkySphere.uasset" 4766
"/Engine/EngineSky/T_Sky_Clouds_M" 4767
"/Engine/EngineSky/M_SimpleSkyDome" 4768
"/Game/ThirdPerson/Blueprints/BP_ThirdPersonGameMode" 4769
"/Engine/EngineSky/T_Sky_Blue" 4770
"C:/Users/1869771/Documents/GitHub/Martel_Ju_TP2_sans_lfs/Content/Game_ThePerfectDate/Meshes/Furnitures/Trailer/Trailer/TilesPlain.uasset" 4771
"C:/Users/1869771/Documents/GitHub/Martel_Ju_TP2_sans_lfs/Content/Game_ThePerfectDate/Meshes/Furnitures/Trailer/Trailer/washbasin.uasset" 4772
"/Game/Game_ThePerfectDate/Meshes/Furnitures/Trailer/Trailer/cupboard_kitchen" 4773
"C:/Users/1869771/Documents/GitHub/Martel_Ju_TP2_sans_lfs/Content/Game_ThePerfectDate/Meshes/Furnitures/Trailer/Trailer/kitchen_001.uasset" 4774
"/Game/Game_ThePerfectDate/Meshes/Furnitures/Trailer/Trailer/Lamp_005" 4775
"/Game/Game_ThePerfectDate/Meshes/Furnitures/Trailer/Trailer/Shelf_002" 4776
"/Game/Game_ThePerfectDate/Meshes/Furnitures/Trailer/Trailer/shower_handle_001" 4777
"/Game/Game_ThePerfectDate/Meshes/Furnitures/Trailer/Trailer/Watering_can_001" 4778
"/Game/Game_ThePerfectDate/Meshes/Vinyls/VinylCover_SM" 4779
"/Game/Game_ThePerfectDate/Sequences/Asset/PSX_First_Person_Arms" 4780
"../../../../../../Users/1869771/Documents/GitHub/Martel_Ju_TP2_sans_lfs/Content/Game_ThePerfectDate/Sequences/Asset/PSX_First_Person_Arms_Skeleton.uasset" 4781
"/Game/Game_ThePerfectDate/Sequences/Asset/PSX_First_Person_Arms_Anim_arms_armature_Hands_below" 4782
"/Game/Game_ThePerfectDate/SFX/Divers/ambient-empty-room-noise-sound-effect-429845" 4783
"/Game/Game_ThePerfectDate/SFX/Divers/clothing_movement_9" 4784
"/Game/Game_ThePerfectDate/SFX/Divers/iphone-send-text" 4785
"/Game/Game_ThePerfectDate/SFX/Divers/Original_slide_to_unlock_Sound" 4786
"/Game/Game_ThePerfectDate/SFX/Door/door_open_5" 4787
"/Game/Game_ThePerfectDate/UI/Cigarettes/BP_Cigarettes" 4788
"../../../../../../Users/1869771/Documents/GitHub/Martel_Ju_TP2_sans_lfs/Content/Game_ThePerfectDate/Meshes/Cigarettes/Textures/packFrontTextureLowPolyOpened_Mat.uasset" 4789
"../../../../../../Users/1869771/Documents/GitHub/Martel_Ju_TP2_sans_lfs/Content/Game_ThePerfectDate/Meshes/Cigarettes/Textures/packFrontTextureLowPolyOpened.uasset" 4790
"/Game/Game_ThePerfectDate/Maps/LVL_Niveau2" 4791
"../../../../../../Users/1869771/Documents/GitHub/Martel_Ju_TP2_sans_lfs/Content/Game_ThePerfectDate/Maps/LVL_Niveau2.umap" 4792
"/Game/Game_ThePerfectDate/Meshes/Furnitures/Trailer/Trailer/kitchen_001" 4793
"C:/Users/1869771/Documents/GitHub/Martel_Ju_TP2_sans_lfs/Content/Game_ThePerfectDate/Meshes/Furnitures/Trailer/Trailer/Frame_Door_06.uasset" 4794
"C:/Users/1869771/Documents/GitHub/Martel_Ju_TP2_sans_lfs/Content/Game_ThePerfectDate/Meshes/Furnitures/Trailer/Trailer/Covered_001.uasset" 4795
"C:/Users/1869771/Documents/GitHub/Martel_Ju_TP2_sans_lfs/Content/Game_ThePerfectDate/Meshes/Furnitures/Trailer/Trailer/Covered.uasset" 4796
"C:/Users/1869771/Documents/GitHub/Martel_Ju_TP2_sans_lfs/Content/Game_ThePerfectDate/Meshes/Furnitures/Trailer/Trailer/cutlery_holder_001.uasset" 4797
"C:/Users/1869771/Documents/GitHub/Martel_Ju_TP2_sans_lfs/Content/Game_ThePerfectDate/Meshes/Furnitures/Trailer/Trailer/Metal.uasset" 4798
"C:/Users/1869771/Documents/GitHub/Martel_Ju_TP2_sans_lfs/Content/Game_ThePerfectDate/Meshes/Furnitures/Trailer/Trailer/cor_015.uasset" 4799
"C:/Users/1869771/Documents/GitHub/Martel_Ju_TP2_sans_lfs/Content/Game_ThePerfectDate/Meshes/Furnitures/Trailer/Textures/TilesSmall.uasset" 4800
"C:/Users/1869771/Documents/GitHub/Martel_Ju_TP2_sans_lfs/Content/Game_ThePerfectDate/Meshes/Furnitures/Trailer/Textures/TilesSmall_Mat.uasset" 4801
"C:/Users/1869771/Documents/GitHub/Martel_Ju_TP2_sans_lfs/Content/Game_ThePerfectDate/Meshes/Furnitures/Trailer/Textures/Covered.uasset" 4802
"C:/Users/1869771/Documents/GitHub/Martel_Ju_TP2_sans_lfs/Content/Game_ThePerfectDate/Meshes/Furnitures/Trailer/Textures/Covered_Mat.uasset" 4803
"C:/Users/1869771/Documents/GitHub/Martel_Ju_TP2_sans_lfs/Content/Game_ThePerfectDate/Meshes/Furnitures/Trailer/Materials/washbasin.uasset" 4804
"C:/Users/1869771/Documents/GitHub/Martel_Ju_TP2_sans_lfs/Content/Game_ThePerfectDate/Meshes/Furnitures/Trailer/Props/washbasin_L.uasset" 4805
"C:/Users/1869771/Documents/GitHub/Martel_Ju_TP2_sans_lfs/Content/Game_ThePerfectDate/Meshes/Furnitures/Trailer/Trailer/MetalPlatesBare_01.uasset" 4806
"C:/Users/1869771/Documents/GitHub/Martel_Ju_TP2_sans_lfs/Content/Game_ThePerfectDate/Meshes/Furnitures/Trailer/Props/toilet_paper1.uasset" 4807
"C:/Users/1869771/Documents/GitHub/Martel_Ju_TP2_sans_lfs/Content/Game_ThePerfectDate/Meshes/Furnitures/Trailer/Materials/Toilet.uasset" 4808
"C:/Users/1869771/Documents/GitHub/Martel_Ju_TP2_sans_lfs/Content/Game_ThePerfectDate/Meshes/Furnitures/Trailer/Props/Toilet1.uasset" 4809
"C:/Users/1869771/Documents/GitHub/Martel_Ju_TP2_sans_lfs/Content/Game_ThePerfectDate/Meshes/Furnitures/Trailer/Materials/toilet_paper.uasset" 4810
"C:/Users/1869771/Documents/GitHub/Martel_Ju_TP2_sans_lfs/Content/Game_ThePerfectDate/Meshes/Furnitures/Trailer/Props/Toaster1.uasset" 4811
"C:/Users/1869771/Documents/GitHub/Martel_Ju_TP2_sans_lfs/Content/Game_ThePerfectDate/Meshes/Furnitures/Trailer/Props/Refrigerator_P.uasset" 4812
"C:/Users/1869771/Documents/GitHub/Martel_Ju_TP2_sans_lfs/Content/Game_ThePerfectDate/Meshes/Furnitures/Trailer/Props/Refrigerator1.uasset" 4813
"C:/Users/1869771/Documents/GitHub/Martel_Ju_TP2_sans_lfs/Content/Game_ThePerfectDate/Meshes/Furnitures/Trailer/Props/Table1.uasset" 4814
"C:/Users/1869771/Documents/GitHub/Martel_Ju_TP2_sans_lfs/Content/Game_ThePerfectDate/Meshes/Furnitures/Trailer/Props/olive_oil1.uasset" 4815
"C:/Users/1869771/Documents/GitHub/Martel_Ju_TP2_sans_lfs/Content/Game_ThePerfectDate/Meshes/Furnitures/Trailer/Materials/Refrigerator.uasset" 4816
"C:/Users/1869771/Documents/GitHub/Martel_Ju_TP2_sans_lfs/Content/Game_ThePerfectDate/Meshes/Furnitures/Trailer/Materials/knife__holder.uasset" 4817
"C:/Users/1869771/Documents/GitHub/Martel_Ju_TP2_sans_lfs/Content/Game_ThePerfectDate/Meshes/Furnitures/Trailer/Materials/Table.uasset" 4818
"C:/Users/1869771/Documents/GitHub/Martel_Ju_TP2_sans_lfs/Content/Game_ThePerfectDate/Meshes/Furnitures/Trailer/Materials/olive_oil.uasset" 4819
"C:/Users/1869771/Documents/GitHub/Martel_Ju_TP2_sans_lfs/Content/Game_ThePerfectDate/Meshes/Furnitures/Trailer/Materials/Toaster.uasset" 4820
"C:/Users/1869771/Documents/GitHub/Martel_Ju_TP2_sans_lfs/Content/Game_ThePerfectDate/Meshes/Furnitures/Trailer/Props/knife__holder1.uasset" 4821
"C:/Users/1869771/Documents/GitHub/Martel_Ju_TP2_sans_lfs/Content/Game_ThePerfectDate/Meshes/Furnitures/Trailer/Materials/Curtain_01.uasset" 4822
"C:/Users/1869771/Documents/GitHub/Martel_Ju_TP2_sans_lfs/Content/Game_ThePerfectDate/Meshes/Furnitures/Trailer/Props/Curtain1.uasset" 4823
"C:/Users/1869771/Documents/GitHub/Martel_Ju_TP2_sans_lfs/Content/Game_ThePerfectDate/Meshes/Furnitures/Trailer/Props/Curtain_011.uasset" 4824
"C:/Users/1869771/Documents/GitHub/Martel_Ju_TP2_sans_lfs/Content/Game_ThePerfectDate/Meshes/Furnitures/Trailer/Materials/Curtain.uasset" 4825
"/Game/Game_ThePerfectDate/Meshes/Furnitures/Trailer/Materials/Curtain_01" 4826
"/Game/Game_ThePerfectDate/Meshes/Furnitures/Trailer/Props/knife__holder1" 4827
"/Game/Game_ThePerfectDate/Meshes/Furnitures/Trailer/Props/olive_oil1" 4828
"/Game/Game_ThePerfectDate/Meshes/Furnitures/Trailer/Props/Refrigerator1" 4829
"/Game/Game_ThePerfectDate/Meshes/Furnitures/Trailer/Props/Refrigerator_P" 4830
"/Game/Game_ThePerfectDate/Meshes/Furnitures/Trailer/Props/Table1" 4831
"/Game/Game_ThePerfectDate/Meshes/Furnitures/Trailer/Props/Toaster1" 4832
"/Game/Game_ThePerfectDate/Meshes/Furnitures/Trailer/Props/Toilet1" 4833
"/Game/Game_ThePerfectDate/Meshes/Furnitures/Trailer/Props/toilet_paper1" 4834
"/Game/Game_ThePerfectDate/Meshes/Furnitures/Trailer/Props/washbasin_L" 4835
"/Game/Game_ThePerfectDate/Meshes/Furnitures/Trailer/Textures/Covered_Mat" 4836
"/Game/Game_ThePerfectDate/Meshes/Furnitures/Trailer/Textures/TilesSmall_Mat" 4837
"/Game/Game_ThePerfectDate/Meshes/Furnitures/Trailer/Trailer/cor_015" 4838
"/Game/Game_ThePerfectDate/Meshes/Furnitures/Trailer/Trailer/cutlery_holder_001" 4839
"/Game/Game_ThePerfectDate/Meshes/Furnitures/Trailer/Trailer/Frame_Door_06" 4840
"C:/Users/1869771/Documents/GitHub/Martel_Ju_TP2_sans_lfs/Content/Game_ThePerfectDate/Meshes/Furnitures/Trailer/Props/cor.uasset" 4841
"C:/Users/1869771/Documents/GitHub/Martel_Ju_TP2_sans_lfs/Content/Game_ThePerfectDate/Meshes/Furnitures/Trailer/Materials/Coffe.uasset" 4842
"C:/Users/1869771/Documents/GitHub/Martel_Ju_TP2_sans_lfs/Content/Game_ThePerfectDate/Meshes/Furnitures/Trailer/Props/Coffe_01.uasset" 4843
"C:/Users/1869771/Documents/GitHub/Martel_Ju_TP2_sans_lfs/Content/Game_ThePerfectDate/Meshes/Furnitures/Trailer/Materials/Coffee_maker.uasset" 4844
"C:/Users/1869771/Documents/GitHub/Martel_Ju_TP2_sans_lfs/Content/Game_ThePerfectDate/Meshes/Furnitures/Trailer/Materials/Books.uasset" 4845
"C:/Users/1869771/Documents/GitHub/Martel_Ju_TP2_sans_lfs/Content/Game_ThePerfectDate/Meshes/Furnitures/Trailer/Props/Book.uasset" 4846
"C:/Users/1869771/Documents/GitHub/Martel_Ju_TP2_sans_lfs/Content/Game_ThePerfectDate/Meshes/Furnitures/Trailer/Props/Book_03.uasset" 4847
"/Game/Game_ThePerfectDate/Meshes/Furnitures/Trailer/Props/Curtain1" 4848
"C:/Users/1869771/Documents/GitHub/Martel_Ju_TP2_sans_lfs/Content/Game_ThePerfectDate/Meshes/Furnitures/PSX2/Texture/Wood_10.uasset" 4849
"C:/Users/1869771/Documents/GitHub/Martel_Ju_TP2_sans_lfs/Content/Game_ThePerfectDate/Meshes/Furnitures/Trailer/Props/Book_01.uasset" 4850
"C:/Users/1869771/Documents/GitHub/Martel_Ju_TP2_sans_lfs/Content/Game_ThePerfectDate/Meshes/Furnitures/PSX2/Texture/Tiles_Mat.uasset" 4851
"C:/Users/1869771/Documents/GitHub/Martel_Ju_TP2_sans_lfs/Content/Game_ThePerfectDate/Meshes/Furnitures/Trailer/Props/Book_05.uasset" 4852
"C:/Users/1869771/Documents/GitHub/Martel_Ju_TP2_sans_lfs/Content/Game_ThePerfectDate/Meshes/Furnitures/PSX2/Texture/Wood_10_Mat.uasset" 4853
"C:/Users/1869771/Documents/GitHub/Martel_Ju_TP2_sans_lfs/Content/Game_ThePerfectDate/Meshes/Furnitures/PSX2/Materials/Door.uasset" 4854
"C:/Users/1869771/Documents/GitHub/Martel_Ju_TP2_sans_lfs/Content/Game_ThePerfectDate/Meshes/Furnitures/Trailer/Props/Coffee_maker1.uasset" 4855
"C:/Users/1869771/Documents/GitHub/Martel_Ju_TP2_sans_lfs/Content/Game_ThePerfectDate/Meshes/Furnitures/PSX2/Materials/Wood_10.uasset" 4856
"C:/Users/1869771/Documents/GitHub/Martel_Ju_TP2_sans_lfs/Content/Game_ThePerfectDate/Meshes/Furnitures/PSX2/Models/Techo.uasset" 4857
"C:/Users/1869771/Documents/GitHub/Martel_Ju_TP2_sans_lfs/Content/Game_ThePerfectDate/Meshes/Furnitures/PSX2/Models/Cube_001.uasset" 4858
"C:/Users/1869771/Documents/GitHub/Martel_Ju_TP2_sans_lfs/Content/Game_ThePerfectDate/Meshes/Furnitures/PSX2/Materials/Tiles_02.uasset" 4859
"C:/Users/1869771/Documents/GitHub/Martel_Ju_TP2_sans_lfs/Content/Game_ThePerfectDate/Meshes/Furnitures/PSX2/Materials/Wood_05.uasset" 4860
"C:/Users/1869771/Documents/GitHub/Martel_Ju_TP2_sans_lfs/Content/Game_ThePerfectDate/Meshes/Furnitures/PSX2/Materials/Material_053.uasset" 4861
"C:/Users/1869771/Documents/GitHub/Martel_Ju_TP2_sans_lfs/Content/Game_ThePerfectDate/Meshes/Furnitures/PSX2/Materials/Wood_09.uasset" 4862
"C:/Users/1869771/Documents/GitHub/Martel_Ju_TP2_sans_lfs/Content/Game_ThePerfectDate/Meshes/Furnitures/PSX/Washing_machine_d_03.uasset" 4863
"C:/Users/1869771/Documents/GitHub/Martel_Ju_TP2_sans_lfs/Content/Game_ThePerfectDate/Meshes/Furnitures/PSX2/Models/Casa.uasset" 4864
"C:/Users/1869771/Documents/GitHub/Martel_Ju_TP2_sans_lfs/Content/Game_ThePerfectDate/Meshes/Furnitures/PSX/Washing_machine_d_01.uasset" 4865
"C:/Users/1869771/Documents/GitHub/Martel_Ju_TP2_sans_lfs/Content/Game_ThePerfectDate/Meshes/Furnitures/PSX/Washing_machine_01.uasset" 4866
"C:/Users/1869771/Documents/GitHub/Martel_Ju_TP2_sans_lfs/Content/Game_ThePerfectDate/Meshes/Furnitures/PSX/Material/Metal_02.uasset" 4867
"C:/Users/1869771/Documents/GitHub/Martel_Ju_TP2_sans_lfs/Content/Game_ThePerfectDate/Meshes/Furnitures/PSX/Washing_machine_03.uasset" 4868
"C:/Users/1869771/Documents/GitHub/Martel_Ju_TP2_sans_lfs/Content/Game_ThePerfectDate/Meshes/Furnitures/PSX/Washbasin_06.uasset" 4869
"C:/Users/1869771/Documents/GitHub/Martel_Ju_TP2_sans_lfs/Content/Game_ThePerfectDate/Meshes/Furnitures/PSX2/Materials/Wood_08.uasset" 4870
"/Game/Game_ThePerfectDate/Meshes/Furnitures/Trailer/Props/Curtain_011" 4871
"C:/Users/1869771/Documents/GitHub/Martel_Ju_TP2_sans_lfs/Content/Game_ThePerfectDate/Meshes/Furnitures/PSX/Toothbrush_03.uasset" 4872
"C:/Users/1869771/Documents/GitHub/Martel_Ju_TP2_sans_lfs/Content/Game_ThePerfectDate/Meshes/Furnitures/PSX/Textures/Wire.uasset" 4873
"C:/Users/1869771/Documents/GitHub/Martel_Ju_TP2_sans_lfs/Content/Game_ThePerfectDate/Meshes/Furnitures/PSX/Video_player_01.uasset" 4874
"/Game/Game_ThePerfectDate/Meshes/Furnitures/PSX/Washbasin_06" 4875
"../../../../../../Users/1869771/Documents/GitHub/Martel_Ju_TP2_sans_lfs/Content/Game_ThePerfectDate/Meshes/Furnitures/PSX/Material/Metal_01.uasset" 4876
"../../../../../../Users/1869771/Documents/GitHub/Martel_Ju_TP2_sans_lfs/Content/Game_ThePerfectDate/Meshes/Furnitures/PSX/Material/Plastic_06.uasset" 4877
"/Game/Game_ThePerfectDate/Meshes/Furnitures/PSX/Washing_machine_01" 4878
"../../../../../../Users/1869771/Documents/GitHub/Martel_Ju_TP2_sans_lfs/Content/Game_ThePerfectDate/Meshes/Furnitures/PSX/Material/Hygiene.uasset" 4879
"/Game/Game_ThePerfectDate/Meshes/Furnitures/PSX/Washing_machine_03" 4880
"/Game/Game_ThePerfectDate/Meshes/Furnitures/PSX/Washing_machine_d_01" 4881
"../../../../../../Users/1869771/Documents/GitHub/Martel_Ju_TP2_sans_lfs/Content/Game_ThePerfectDate/Meshes/Furnitures/PSX/Material/Glass.uasset" 4882
"/Game/Game_ThePerfectDate/Meshes/Furnitures/PSX/Washing_machine_d_03" 4883
"/Game/Game_ThePerfectDate/Meshes/Furnitures/PSX2/Models/Casa" 4884
"/Game/Game_ThePerfectDate/Meshes/Furnitures/PSX2/Models/Cube_001" 4885
"/Game/Game_ThePerfectDate/Meshes/Furnitures/PSX2/Models/Techo" 4886
"/Game/Game_ThePerfectDate/Meshes/Furnitures/PSX2/Texture/Tiles_Mat" 4887
"../../../../../../Users/1869771/Documents/GitHub/Martel_Ju_TP2_sans_lfs/Content/Game_ThePerfectDate/Meshes/Furnitures/PSX2/Texture/Tiles.uasset" 4888
"/Game/Game_ThePerfectDate/Meshes/Furnitures/PSX2/Texture/Wood_10_Mat" 4889
"/Game/Game_ThePerfectDate/Meshes/Furnitures/Trailer/Props/Book" 4890
"/Game/Game_ThePerfectDate/Meshes/Furnitures/Trailer/Props/Book_01" 4891
"/Game/Game_ThePerfectDate/Meshes/Furnitures/Trailer/Props/Book_03" 4892
"/Game/Game_ThePerfectDate/Meshes/Furnitures/Trailer/Props/Book_05" 4893
"/Game/Game_ThePerfectDate/Meshes/Furnitures/Trailer/Props/Coffe_01" 4894
"/Game/Game_ThePerfectDate/Meshes/Furnitures/Trailer/Props/Coffee_maker1" 4895
"/Game/Game_ThePerfectDate/Meshes/Furnitures/Trailer/Props/cor" 4896
"/Game/Game_ThePerfectDate/Meshes/Furnitures/PSX/Textures/Wire" 4897
"/Game/Game_ThePerfectDate/Meshes/Furnitures/PSX/Toothbrush_03" 4898
"/Game/Game_ThePerfectDate/Meshes/Furnitures/PSX/Video_player_01" 4899
"../../../../../../Users/1869771/Documents/GitHub/Martel_Ju_TP2_sans_lfs/Content/Game_ThePerfectDate/Meshes/Furnitures/PSX/Material/Electronics.uasset" 4900
"C:/Users/1869771/Documents/GitHub/Martel_Ju_TP2_sans_lfs/Content/Game_ThePerfectDate/Meshes/Furnitures/PSX/Textures/Wire_Mat.uasset" 4901
"C:/Users/1869771/Documents/GitHub/Martel_Ju_TP2_sans_lfs/Content/Game_ThePerfectDate/Meshes/Furnitures/PSX/Textures/Metal_02.uasset" 4902
"C:/Users/1869771/Documents/GitHub/Martel_Ju_TP2_sans_lfs/Content/Game_ThePerfectDate/Meshes/Furnitures/PSX/Textures/Metal_02_Mat.uasset" 4903
"C:/Users/1869771/Documents/GitHub/Martel_Ju_TP2_sans_lfs/Content/Game_ThePerfectDate/Meshes/Furnitures/PSX/Textures/Metal_01.uasset" 4904
"C:/Users/1869771/Documents/GitHub/Martel_Ju_TP2_sans_lfs/Content/Game_ThePerfectDate/Meshes/Furnitures/PSX/Textures/Marble_02.uasset" 4905
"C:/Users/1869771/Documents/GitHub/Martel_Ju_TP2_sans_lfs/Content/Game_ThePerfectDate/Meshes/Furnitures/PSX/Textures/Metal_01_Mat.uasset" 4906
"C:/Users/1869771/Documents/GitHub/Martel_Ju_TP2_sans_lfs/Content/Game_ThePerfectDate/Meshes/Furnitures/PSX/Textures/Marble_02_Mat.uasset" 4907
"C:/Users/1869771/Documents/GitHub/Martel_Ju_TP2_sans_lfs/Content/Game_ThePerfectDate/Meshes/Furnitures/PSX/Textures/Foods.uasset" 4908
"C:/Users/1869771/Documents/GitHub/Martel_Ju_TP2_sans_lfs/Content/Game_ThePerfectDate/Meshes/Furnitures/PSX/Textures/Foods_Mat.uasset" 4909
"C:/Users/1869771/Documents/GitHub/Martel_Ju_TP2_sans_lfs/Content/Game_ThePerfectDate/Meshes/Furnitures/PSX/Textures/Foods_04.uasset" 4910
"C:/Users/1869771/Documents/GitHub/Martel_Ju_TP2_sans_lfs/Content/Game_ThePerfectDate/Meshes/Furnitures/PSX/Textures/Plants.uasset" 4911
"C:/Users/1869771/Documents/GitHub/Martel_Ju_TP2_sans_lfs/Content/Game_ThePerfectDate/Meshes/Furnitures/PSX/Textures/Foods_04_Mat.uasset" 4912
"C:/Users/1869771/Documents/GitHub/Martel_Ju_TP2_sans_lfs/Content/Game_ThePerfectDate/Meshes/Furnitures/PSX/Textures/Foods_03.uasset" 4913
"C:/Users/1869771/Documents/GitHub/Martel_Ju_TP2_sans_lfs/Content/Game_ThePerfectDate/Meshes/Furnitures/PSX/Textures/Plants_Mat.uasset" 4914
"C:/Users/1869771/Documents/GitHub/Martel_Ju_TP2_sans_lfs/Content/Game_ThePerfectDate/Meshes/Furnitures/PSX/Textures/Tiles_02_Mat.uasset" 4915
"/Game/Game_ThePerfectDate/Meshes/Furnitures/PSX/Textures/Metal_01_Mat" 4916
"C:/Users/1869771/Documents/GitHub/Martel_Ju_TP2_sans_lfs/Content/Game_ThePerfectDate/Meshes/Furnitures/PSX/Textures/Foods_01.uasset" 4917
"C:/Users/1869771/Documents/GitHub/Martel_Ju_TP2_sans_lfs/Content/Game_ThePerfectDate/Meshes/Furnitures/PSX/Textures/Entertainment.uasset" 4918
"C:/Users/1869771/Documents/GitHub/Martel_Ju_TP2_sans_lfs/Content/Game_ThePerfectDate/Meshes/Furnitures/PSX/Textures/Foods_01_Mat.uasset" 4919
"C:/Users/1869771/Documents/GitHub/Martel_Ju_TP2_sans_lfs/Content/Game_ThePerfectDate/Meshes/Furnitures/PSX/Textures/Entertainment_Mat.uasset" 4920
"C:/Users/1869771/Documents/GitHub/Martel_Ju_TP2_sans_lfs/Content/Game_ThePerfectDate/Meshes/Furnitures/PSX/Textures/Electronics_Mat.uasset" 4921
"C:/Users/1869771/Documents/GitHub/Martel_Ju_TP2_sans_lfs/Content/Game_ThePerfectDate/Meshes/Furnitures/PSX/Textures/Electronics.uasset" 4922
"C:/Users/1869771/Documents/GitHub/Martel_Ju_TP2_sans_lfs/Content/Game_ThePerfectDate/Meshes/Furnitures/PSX/Material/Wood_06.uasset" 4923
"C:/Users/1869771/Documents/GitHub/Martel_Ju_TP2_sans_lfs/Content/Game_ThePerfectDate/Meshes/Furnitures/PSX/Textures/Foods_03_Mat.uasset" 4924
"C:/Users/1869771/Documents/GitHub/Martel_Ju_TP2_sans_lfs/Content/Game_ThePerfectDate/Meshes/Furnitures/PSX/Table_21.uasset" 4925
"C:/Users/1869771/Documents/GitHub/Martel_Ju_TP2_sans_lfs/Content/Game_ThePerfectDate/Meshes/Furnitures/PSX/Stove.uasset" 4926
"C:/Users/1869771/Documents/GitHub/Martel_Ju_TP2_sans_lfs/Content/Game_ThePerfectDate/Meshes/Furnitures/PSX/Textures/Foods_07_Mat.uasset" 4927
"C:/Users/1869771/Documents/GitHub/Martel_Ju_TP2_sans_lfs/Content/Game_ThePerfectDate/Meshes/Furnitures/PSX/Soda_10.uasset" 4928
"C:/Users/1869771/Documents/GitHub/Martel_Ju_TP2_sans_lfs/Content/Game_ThePerfectDate/Meshes/Furnitures/PSX/Soap_holder.uasset" 4929
"C:/Users/1869771/Documents/GitHub/Martel_Ju_TP2_sans_lfs/Content/Game_ThePerfectDate/Meshes/Furnitures/PSX/Soap_01.uasset" 4930
"C:/Users/1869771/Documents/GitHub/Martel_Ju_TP2_sans_lfs/Content/Game_ThePerfectDate/Meshes/Furnitures/PSX/Material/Wire.uasset" 4931
"C:/Users/1869771/Documents/GitHub/Martel_Ju_TP2_sans_lfs/Content/Game_ThePerfectDate/Meshes/Furnitures/PSX/Shelf_06.uasset" 4932
"C:/Users/1869771/Documents/GitHub/Martel_Ju_TP2_sans_lfs/Content/Game_ThePerfectDate/Meshes/Furnitures/PSX/Material/Foods_01.uasset" 4933
"/Game/Game_ThePerfectDate/Meshes/Furnitures/PSX/Textures/Metal_02_Mat" 4934
"/Game/Game_ThePerfectDate/Meshes/Furnitures/PSX/Textures/Wire_Mat" 4935
"C:/Users/1869771/Documents/GitHub/Martel_Ju_TP2_sans_lfs/Content/Game_ThePerfectDate/Meshes/Furnitures/PSX/Raw_meat_01.uasset" 4936
"C:/Users/1869771/Documents/GitHub/Martel_Ju_TP2_sans_lfs/Content/Game_ThePerfectDate/Meshes/Furnitures/PSX/Sauce_03.uasset" 4937
"C:/Users/1869771/Documents/GitHub/Martel_Ju_TP2_sans_lfs/Content/Game_ThePerfectDate/Meshes/Furnitures/PSX/Material/Wood_08.uasset" 4938
"C:/Users/1869771/Documents/GitHub/Martel_Ju_TP2_sans_lfs/Content/Game_ThePerfectDate/Meshes/Furnitures/PSX/Shampoo_04.uasset" 4939
"/Game/Game_ThePerfectDate/Meshes/Furnitures/PSX/Material/Wire" 4940
"C:/Users/1869771/Documents/GitHub/Martel_Ju_TP2_sans_lfs/Content/Game_ThePerfectDate/Meshes/Furnitures/PSX/Shelf_01.uasset" 4941
"/Game/Game_ThePerfectDate/Meshes/Furnitures/PSX/Soap_01" 4942
"/Game/Game_ThePerfectDate/Meshes/Furnitures/PSX/Soap_holder" 4943
"/Game/Game_ThePerfectDate/Meshes/Furnitures/PSX/Soda_10" 4944
"/Game/Game_ThePerfectDate/Meshes/Furnitures/PSX/Stove" 4945
"../../../../../../Users/1869771/Documents/GitHub/Martel_Ju_TP2_sans_lfs/Content/Game_ThePerfectDate/Meshes/Furnitures/PSX/Material/Kitchen.uasset" 4946
"/Game/Game_ThePerfectDate/Meshes/Furnitures/PSX/Table_21" 4947
"/Game/Game_ThePerfectDate/Meshes/Furnitures/PSX/Textures/Electronics_Mat" 4948
"/Game/Game_ThePerfectDate/Meshes/Furnitures/PSX/Textures/Entertainment_Mat" 4949
"/Game/Game_ThePerfectDate/Meshes/Furnitures/PSX/Textures/Foods_01_Mat" 4950
"/Game/Game_ThePerfectDate/Meshes/Furnitures/PSX/Textures/Foods_03_Mat" 4951
"/Game/Game_ThePerfectDate/Meshes/Furnitures/PSX/Textures/Foods_04_Mat" 4952
"/Game/Game_ThePerfectDate/Meshes/Furnitures/PSX/Textures/Foods_07_Mat" 4953
"../../../../../../Users/1869771/Documents/GitHub/Martel_Ju_TP2_sans_lfs/Content/Game_ThePerfectDate/Meshes/Furnitures/PSX/Textures/Foods_07.uasset" 4954
"/Game/Game_ThePerfectDate/Meshes/Furnitures/PSX/Textures/Foods_Mat" 4955
"/Game/Game_ThePerfectDate/Meshes/Furnitures/PSX/Textures/Marble_02_Mat" 4956
"/Game/Game_ThePerfectDate/Meshes/Furnitures/PSX/Textures/Plants_Mat" 4957
"/Game/Game_ThePerfectDate/Meshes/Furnitures/PSX/Shelf_06" 4958
"../../../../../../Users/1869771/Documents/GitHub/Martel_Ju_TP2_sans_lfs/Content/Game_ThePerfectDate/Meshes/Furnitures/PSX/Material/Metal.uasset" 4959
"/Game/Game_ThePerfectDate/Meshes/Furnitures/PSX/Textures/Tiles_02_Mat" 4960
"C:/Users/1869771/Documents/GitHub/Martel_Ju_TP2_sans_lfs/Content/Game_ThePerfectDate/Meshes/Furnitures/PSX/Pillow_04.uasset" 4961
"C:/Users/1869771/Documents/GitHub/Martel_Ju_TP2_sans_lfs/Content/Game_ThePerfectDate/Meshes/Furnitures/PSX/Paintings_06.uasset" 4962
"C:/Users/1869771/Documents/GitHub/Martel_Ju_TP2_sans_lfs/Content/Game_ThePerfectDate/Meshes/Furnitures/PSX/Material/Plants.uasset" 4963
"C:/Users/1869771/Documents/GitHub/Martel_Ju_TP2_sans_lfs/Content/Game_ThePerfectDate/Meshes/Furnitures/PSX/Material/Plaster_02.uasset" 4964
"C:/Users/1869771/Documents/GitHub/Martel_Ju_TP2_sans_lfs/Content/Game_ThePerfectDate/Meshes/Furnitures/PSX/Paintings1.uasset" 4965
"C:/Users/1869771/Documents/GitHub/Martel_Ju_TP2_sans_lfs/Content/Game_ThePerfectDate/Meshes/Furnitures/PSX/Plants_05.uasset" 4966
"C:/Users/1869771/Documents/GitHub/Martel_Ju_TP2_sans_lfs/Content/Game_ThePerfectDate/Meshes/Furnitures/PSX/Paintings_02.uasset" 4967
"C:/Users/1869771/Documents/GitHub/Martel_Ju_TP2_sans_lfs/Content/Game_ThePerfectDate/Meshes/Furnitures/PSX/Material/Foods_04.uasset" 4968
"C:/Users/1869771/Documents/GitHub/Martel_Ju_TP2_sans_lfs/Content/Game_ThePerfectDate/Meshes/Furnitures/PSX/Milk_02.uasset" 4969
"C:/Users/1869771/Documents/GitHub/Martel_Ju_TP2_sans_lfs/Content/Game_ThePerfectDate/Meshes/Furnitures/PSX/Material/Foods.uasset" 4970
"C:/Users/1869771/Documents/GitHub/Martel_Ju_TP2_sans_lfs/Content/Game_ThePerfectDate/Meshes/Furnitures/PSX/Meshes/Nourriture/Banana.uasset" 4971
"C:/Users/1869771/Documents/GitHub/Martel_Ju_TP2_sans_lfs/Content/Game_ThePerfectDate/Meshes/Furnitures/PSX/Magazines.uasset" 4972
"C:/Users/1869771/Documents/GitHub/Martel_Ju_TP2_sans_lfs/Content/Game_ThePerfectDate/Meshes/Furnitures/PSX/Material/Entertainment.uasset" 4973
"/Game/Game_ThePerfectDate/Meshes/Furnitures/PSX/Raw_meat_01" 4974
"C:/Users/1869771/Documents/GitHub/Martel_Ju_TP2_sans_lfs/Content/Game_ThePerfectDate/Meshes/Furnitures/PSX/Lamps_02.uasset" 4975
"C:/Users/1869771/Documents/GitHub/Martel_Ju_TP2_sans_lfs/Content/Game_ThePerfectDate/Meshes/Furnitures/PSX/Hand_soap.uasset" 4976
"C:/Users/1869771/Documents/GitHub/Martel_Ju_TP2_sans_lfs/Content/Game_ThePerfectDate/Meshes/Furnitures/PSX/Fried_chicken.uasset" 4977
"C:/Users/1869771/Documents/GitHub/Martel_Ju_TP2_sans_lfs/Content/Game_ThePerfectDate/Meshes/Furnitures/PSX/Lamps_04.uasset" 4978
"C:/Users/1869771/Documents/GitHub/Martel_Ju_TP2_sans_lfs/Content/Game_ThePerfectDate/Meshes/Furnitures/PSX/Control_01.uasset" 4979
"C:/Users/1869771/Documents/GitHub/Martel_Ju_TP2_sans_lfs/Content/Game_ThePerfectDate/Meshes/Furnitures/PSX/Chemical_02.uasset" 4980
"C:/Users/1869771/Documents/GitHub/Martel_Ju_TP2_sans_lfs/Content/Game_ThePerfectDate/Meshes/Furnitures/PSX/Chemical.uasset" 4981
"C:/Users/1869771/Documents/GitHub/Martel_Ju_TP2_sans_lfs/Content/Game_ThePerfectDate/Meshes/Furnitures/PSX/Material/Paintings.uasset" 4982
"C:/Users/1869771/Documents/GitHub/Martel_Ju_TP2_sans_lfs/Content/Game_ThePerfectDate/Meshes/Furnitures/PSX/Material/Emissor_001.uasset" 4983
"C:/Users/1869771/Documents/GitHub/Martel_Ju_TP2_sans_lfs/Content/Game_ThePerfectDate/Meshes/Furnitures/PSX/Chair_09.uasset" 4984
"C:/Users/1869771/Documents/GitHub/Martel_Ju_TP2_sans_lfs/Content/Game_ThePerfectDate/Meshes/Furnitures/PSX/Material/Fabric_12.uasset" 4985
"C:/Users/1869771/Documents/GitHub/Martel_Ju_TP2_sans_lfs/Content/Game_ThePerfectDate/Meshes/Furnitures/PSX/Material/Leather_01.uasset" 4986
"C:/Users/1869771/Documents/GitHub/Martel_Ju_TP2_sans_lfs/Content/Game_ThePerfectDate/Meshes/Furnitures/PSX/Dish.uasset" 4987
"C:/Users/1869771/Documents/GitHub/Martel_Ju_TP2_sans_lfs/Content/Game_ThePerfectDate/Meshes/Furnitures/PSX/Chair_13.uasset" 4988
"../../../../../../Users/1869771/Documents/GitHub/Martel_Ju_TP2_sans_lfs/Content/Game_ThePerfectDate/Meshes/Furnitures/PSX/Material/Foods_07.uasset" 4989
"/Game/Game_ThePerfectDate/Meshes/Furnitures/PSX/Sauce_03" 4990
"/Game/Game_ThePerfectDate/Meshes/Furnitures/PSX/Shampoo_04" 4991
"/Game/Game_ThePerfectDate/Meshes/Furnitures/PSX/Shelf_01" 4992
"/Game/Game_ThePerfectDate/Meshes/Furnitures/PSX/Plants_05" 4993
"C:/Users/1869771/Documents/GitHub/Martel_Ju_TP2_sans_lfs/Content/Game_ThePerfectDate/Meshes/Furnitures/PSX/Canned_food_08.uasset" 4994
"C:/Users/1869771/Documents/GitHub/Martel_Ju_TP2_sans_lfs/Content/Game_ThePerfectDate/Meshes/Furnitures/PSX/Canned_food_04.uasset" 4995
"C:/Users/1869771/Documents/GitHub/Martel_Ju_TP2_sans_lfs/Content/Game_ThePerfectDate/Meshes/Furnitures/PSX/Canned_food_02.uasset" 4996
"C:/Users/1869771/Documents/GitHub/Martel_Ju_TP2_sans_lfs/Content/Game_ThePerfectDate/Meshes/Furnitures/PSX/Canned_food_07.uasset" 4997
"C:/Users/1869771/Documents/GitHub/Martel_Ju_TP2_sans_lfs/Content/Game_ThePerfectDate/Meshes/Furnitures/PSX/Material/Wood_07.uasset" 4998
"C:/Users/1869771/Documents/GitHub/Martel_Ju_TP2_sans_lfs/Content/Game_ThePerfectDate/Meshes/Furnitures/PSX/Material/Wood_02.uasset" 4999
"C:/Users/1869771/Documents/GitHub/Martel_Ju_TP2_sans_lfs/Content/Game_ThePerfectDate/Meshes/Furnitures/PSX/Canned_food.uasset" 5000
"C:/Users/1869771/Documents/GitHub/Martel_Ju_TP2_sans_lfs/Content/Game_ThePerfectDate/Meshes/Furnitures/PSX/Canned_food_06.uasset" 5001
"/Game/Game_ThePerfectDate/Meshes/Furnitures/PSX/Chemical" 5002
"/Game/Game_ThePerfectDate/Meshes/Furnitures/PSX/Chemical_02" 5003
"/Game/Game_ThePerfectDate/Meshes/Furnitures/PSX/Control_01" 5004
"/Game/Game_ThePerfectDate/Meshes/Furnitures/PSX/Dish" 5005
"/Game/Game_ThePerfectDate/Meshes/Furnitures/PSX/Fried_chicken" 5006
"/Game/Game_ThePerfectDate/Meshes/Furnitures/PSX/Hand_soap" 5007
"/Game/Game_ThePerfectDate/Meshes/Furnitures/PSX/Lamps_02" 5008
"/Game/Game_ThePerfectDate/Meshes/Furnitures/PSX/Lamps_04" 5009
"/Game/Game_ThePerfectDate/Meshes/Furnitures/PSX/Magazines" 5010
"/Game/Game_ThePerfectDate/Meshes/Furnitures/PSX/Meshes/Nourriture/Banana" 5011
"/Game/Game_ThePerfectDate/Meshes/Furnitures/PSX/Milk_02" 5012
"/Game/Game_ThePerfectDate/Meshes/Furnitures/PSX/Material/Paintings" 5013
"/Game/Game_ThePerfectDate/Meshes/Furnitures/PSX/Pillow_04" 5014
"/Game/Game_ThePerfectDate/Meshes/Furnitures/PSX/Chair_09" 5015
"../../../../../../Users/1869771/Documents/GitHub/Martel_Ju_TP2_sans_lfs/Content/Game_ThePerfectDate/Meshes/Furnitures/PSX/Material/Metal_03.uasset" 5016
"C:/Users/1869771/Documents/GitHub/Martel_Ju_TP2_sans_lfs/Content/Game_ThePerfectDate/Meshes/Furnitures/PSX/Cajonera.uasset" 5017
"C:/Users/1869771/Documents/GitHub/Martel_Ju_TP2_sans_lfs/Content/Game_ThePerfectDate/Meshes/Furnitures/PSX/Material/Foods_03.uasset" 5018
"C:/Users/1869771/Documents/GitHub/Martel_Ju_TP2_sans_lfs/Content/Game_ThePerfectDate/Meshes/Furnitures/PSX/Material/Fabric_19.uasset" 5019
"C:/Users/1869771/Documents/GitHub/Martel_Ju_TP2_sans_lfs/Content/Game_ThePerfectDate/Meshes/Furnitures/PSX/Material/Fabric.uasset" 5020
"C:/Users/1869771/Documents/GitHub/Martel_Ju_TP2_sans_lfs/Content/Game_ThePerfectDate/Meshes/Furnitures/PSX/Box_cookies_04.uasset" 5021
"C:/Users/1869771/Documents/GitHub/Martel_Ju_TP2_sans_lfs/Content/Game_ThePerfectDate/Meshes/Furnitures/PSX/bread_02.uasset" 5022
"C:/Users/1869771/Documents/GitHub/Martel_Ju_TP2_sans_lfs/Content/Game_ThePerfectDate/Meshes/Furnitures/PSX/Broom1.uasset" 5023
"C:/Users/1869771/Documents/GitHub/Martel_Ju_TP2_sans_lfs/Content/Game_ThePerfectDate/Meshes/Furnitures/PSX/Material/Metal_04.uasset" 5024
"/Game/Game_ThePerfectDate/Meshes/Furnitures/PSX/Paintings1" 5025
"C:/Users/1869771/Documents/GitHub/Martel_Ju_TP2_sans_lfs/Content/Game_ThePerfectDate/Meshes/Furnitures/PSX/Material/Broom.uasset" 5026
"C:/Users/1869771/Documents/GitHub/Martel_Ju_TP2_sans_lfs/Content/Game_ThePerfectDate/Meshes/Furnitures/Trailer/Textures/Lamp.uasset" 5027
"C:/Users/1869771/Documents/GitHub/Martel_Ju_TP2_sans_lfs/Content/Game_ThePerfectDate/Meshes/Furnitures/PSX2/Texture/Wood_05.uasset" 5028
"C:/Users/1869771/Documents/GitHub/Martel_Ju_TP2_sans_lfs/Content/Game_ThePerfectDate/Materials/Vertex_Snapping/Niveau1/MI_Vase.uasset" 5029
"C:/Users/1869771/Documents/GitHub/Martel_Ju_TP2_sans_lfs/Content/Game_ThePerfectDate/Meshes/Furnitures/Trailer/Textures/Covered1.uasset" 5030
"C:/Users/1869771/Documents/GitHub/Martel_Ju_TP2_sans_lfs/Content/Game_ThePerfectDate/Materials/Vertex_Snapping/Niveau1/MI_Ustensiles.uasset" 5031
"C:/Users/1869771/Documents/GitHub/Martel_Ju_TP2_sans_lfs/Content/Game_ThePerfectDate/Meshes/Furnitures/PSX/Material/Wood_15.uasset" 5032
"C:/Users/1869771/Documents/GitHub/Martel_Ju_TP2_sans_lfs/Content/Game_ThePerfectDate/Meshes/Furnitures/PSX/Bathroom_cabinet_door_01.uasset" 5033
"C:/Users/1869771/Documents/GitHub/Martel_Ju_TP2_sans_lfs/Content/Game_ThePerfectDate/Materials/Vertex_Snapping/Niveau1/MI_Wood_Petit.uasset" 5034
"C:/Users/1869771/Documents/GitHub/Martel_Ju_TP2_sans_lfs/Content/Game_ThePerfectDate/Meshes/Furnitures/PSX/Material/Fabric_09.uasset" 5035
"C:/Users/1869771/Documents/GitHub/Martel_Ju_TP2_sans_lfs/Content/Game_ThePerfectDate/Meshes/Furnitures/PSX2/Texture/TV_02.uasset" 5036
"C:/Users/1869771/Documents/GitHub/Martel_Ju_TP2_sans_lfs/Content/Game_ThePerfectDate/Meshes/Furnitures/PSX/Bed_04.uasset" 5037
"/Game/Game_ThePerfectDate/Meshes/Furnitures/PSX/Paintings_02" 5038
"/Game/Game_ThePerfectDate/Meshes/Furnitures/PSX/Paintings_06" 5039
"/Game/Game_ThePerfectDate/Meshes/Furnitures/PSX/Material/Wood_07" 5040
"/Game/Game_ThePerfectDate/Meshes/Furnitures/PSX/Canned_food" 5041
"/Game/Game_ThePerfectDate/Meshes/Furnitures/PSX/Canned_food_02" 5042
"/Game/Game_ThePerfectDate/Meshes/Furnitures/PSX/Chair_13" 5043
"/Game/Game_ThePerfectDate/Meshes/Furnitures/PSX/Canned_food_04" 5044
"/Game/Game_ThePerfectDate/Meshes/Furnitures/PSX/Canned_food_06" 5045
"/Game/Game_ThePerfectDate/Meshes/Furnitures/PSX/Canned_food_07" 5046
"/Game/Game_ThePerfectDate/Meshes/Furnitures/PSX/Canned_food_08" 5047
"C:/Users/1869771/Documents/GitHub/Martel_Ju_TP2_sans_lfs/Content/Game_ThePerfectDate/Materials/Vertex_Snapping/Niveau1/MI_Toilette_Petit.uasset" 5048
"C:/Users/1869771/Documents/GitHub/Martel_Ju_TP2_sans_lfs/Content/Game_ThePerfectDate/Meshes/Furnitures/Trailer/Textures/Toilet.uasset" 5049
"C:/Users/1869771/Documents/GitHub/Martel_Ju_TP2_sans_lfs/Content/Game_ThePerfectDate/Materials/Vertex_Snapping/Niveau1/MI_Table.uasset" 5050
"C:/Users/1869771/Documents/GitHub/Martel_Ju_TP2_sans_lfs/Content/Game_ThePerfectDate/Materials/Vertex_Snapping/Niveau1/MI_Sink_Cuisine.uasset" 5051
"C:/Users/1869771/Documents/GitHub/Martel_Ju_TP2_sans_lfs/Content/Game_ThePerfectDate/Meshes/Furnitures/PSX/Textures/Fabric_13.uasset" 5052
"C:/Users/1869771/Documents/GitHub/Martel_Ju_TP2_sans_lfs/Content/Game_ThePerfectDate/Materials/Vertex_Snapping/Niveau1/MI_Rideaux.uasset" 5053
"/Game/Game_ThePerfectDate/Materials/Vertex_Snapping/Niveau1/MI_Vase" 5054
"C:/Users/1869771/Documents/GitHub/Martel_Ju_TP2_sans_lfs/Content/Game_ThePerfectDate/Meshes/Furnitures/PSX2/Texture/Fabric.uasset" 5055
"C:/Users/1869771/Documents/GitHub/Martel_Ju_TP2_sans_lfs/Content/Game_ThePerfectDate/Materials/Vertex_Snapping/Niveau1/MI_Rideau_Douche.uasset" 5056
"C:/Users/1869771/Documents/GitHub/Martel_Ju_TP2_sans_lfs/Content/Game_ThePerfectDate/Materials/Vertex_Snapping/Niveau1/MI_TV.uasset" 5057
"C:/Users/1869771/Documents/GitHub/Martel_Ju_TP2_sans_lfs/Content/Game_ThePerfectDate/Meshes/Furnitures/Trailer/Textures/washbasin.uasset" 5058
"C:/Users/1869771/Documents/GitHub/Martel_Ju_TP2_sans_lfs/Content/Game_ThePerfectDate/Meshes/Furnitures/Trailer/Textures/Table.uasset" 5059
"C:/Users/1869771/Documents/GitHub/Martel_Ju_TP2_sans_lfs/Content/Game_ThePerfectDate/Materials/Vertex_Snapping/Niveau1/MI_Tiles.uasset" 5060
"/Game/Game_ThePerfectDate/Materials/Vertex_Snapping/Niveau1/MI_Wood_Petit" 5061
"/Game/Game_ThePerfectDate/Meshes/Furnitures/PSX2/Texture/TV_02" 5062
"/Game/Game_ThePerfectDate/Materials/Vertex_Snapping/Niveau1/MI_Ustensiles" 5063
"/Game/Game_ThePerfectDate/Meshes/Furnitures/PSX/Bathroom_cabinet_door_01" 5064
"/Game/Game_ThePerfectDate/Meshes/Furnitures/PSX/Bed_04" 5065
"/Game/Game_ThePerfectDate/Meshes/Furnitures/PSX/Box_cookies_04" 5066
"/Game/Game_ThePerfectDate/Meshes/Furnitures/PSX/bread_02" 5067
"/Game/Game_ThePerfectDate/Meshes/Furnitures/PSX/Broom1" 5068
"/Game/Game_ThePerfectDate/Meshes/Furnitures/PSX/Cajonera" 5069
"/Game/Game_ThePerfectDate/Materials/Vertex_Snapping/Niveau1/MI_Toilette_Petit" 5070
"C:/Users/1869771/Documents/GitHub/Martel_Ju_TP2_sans_lfs/Content/Game_ThePerfectDate/Meshes/Furnitures/PSX2/Texture/Door.uasset" 5071
"C:/Users/1869771/Documents/GitHub/Martel_Ju_TP2_sans_lfs/Content/Game_ThePerfectDate/Materials/Vertex_Snapping/Niveau1/MI_Porte.uasset" 5072
"C:/Users/1869771/Documents/GitHub/Martel_Ju_TP2_sans_lfs/Content/Game_ThePerfectDate/Materials/Vertex_Snapping/Niveau1/MI_Plancher.uasset" 5073
"C:/Users/1869771/Documents/GitHub/Martel_Ju_TP2_sans_lfs/Content/Game_ThePerfectDate/Meshes/Furnitures/PSX/Textures/Plaster_02.uasset" 5074
"C:/Users/1869771/Documents/GitHub/Martel_Ju_TP2_sans_lfs/Content/Game_ThePerfectDate/Meshes/Furnitures/Trailer/Textures/toilet_paper.uasset" 5075
"C:/Users/1869771/Documents/GitHub/Martel_Ju_TP2_sans_lfs/Content/Game_ThePerfectDate/Materials/Vertex_Snapping/Niveau1/MI_Maison_Petit.uasset" 5076
"C:/Users/1869771/Documents/GitHub/Martel_Ju_TP2_sans_lfs/Content/Game_ThePerfectDate/Meshes/Furnitures/PSX2/Texture/Wood_02.uasset" 5077
"C:/Users/1869771/Documents/GitHub/Martel_Ju_TP2_sans_lfs/Content/Game_ThePerfectDate/Materials/Vertex_Snapping/Niveau1/MI_Photo.uasset" 5078
"C:/Users/1869771/Documents/GitHub/Martel_Ju_TP2_sans_lfs/Content/Game_ThePerfectDate/Meshes/Furnitures/PSX/Textures/Fabric_10.uasset" 5079
"C:/Users/1869771/Documents/GitHub/Martel_Ju_TP2_sans_lfs/Content/Game_ThePerfectDate/Materials/Vertex_Snapping/Niveau1/MI_Lit3.uasset" 5080
"C:/Users/1869771/Documents/GitHub/Martel_Ju_TP2_sans_lfs/Content/Game_ThePerfectDate/Materials/Vertex_Snapping/Niveau1/MI_Lit2.uasset" 5081
"C:/Users/1869771/Documents/GitHub/Martel_Ju_TP2_sans_lfs/Content/Game_ThePerfectDate/Materials/Vertex_Snapping/Niveau1/MI_Plante.uasset" 5082
"C:/Users/1869771/Documents/GitHub/Martel_Ju_TP2_sans_lfs/Content/Game_ThePerfectDate/Meshes/Furnitures/PSX2/Texture/Fabric_01.uasset" 5083
"C:/Users/1869771/Documents/GitHub/Martel_Ju_TP2_sans_lfs/Content/Game_ThePerfectDate/Materials/Vertex_Snapping/Niveau1/MI_Papier_Toilette.uasset" 5084
"C:/Users/1869771/Documents/GitHub/Martel_Ju_TP2_sans_lfs/Content/Game_ThePerfectDate/Meshes/Furnitures/PSX/Textures/Fabric_20.uasset" 5085
"C:/Users/1869771/Documents/GitHub/Martel_Ju_TP2_sans_lfs/Content/Game_ThePerfectDate/Materials/Vertex_Snapping/Niveau1/MI_Laveuse_Secheuse_Petit.uasset" 5086
"/Game/Game_ThePerfectDate/Materials/Vertex_Snapping/Niveau1/MI_Rideau_Douche" 5087
"C:/Users/1869771/Documents/GitHub/Martel_Ju_TP2_sans_lfs/Content/Game_ThePerfectDate/Materials/Vertex_Snapping/Niveau1/MI_Lit.uasset" 5088
"C:/Users/1869771/Documents/GitHub/Martel_Ju_TP2_sans_lfs/Content/Game_ThePerfectDate/Meshes/Furnitures/Trailer/Textures/WoodPlanksClean.uasset" 5089
"C:/Users/1869771/Documents/GitHub/Martel_Ju_TP2_sans_lfs/Content/Game_ThePerfectDate/Materials/Vertex_Snapping/Niveau1/MI_Etagere.uasset" 5090
"C:/Users/1869771/Documents/GitHub/Martel_Ju_TP2_sans_lfs/Content/Game_ThePerfectDate/Materials/Vertex_Snapping/Niveau1/MI_Fenetres.uasset" 5091
"C:/Users/1869771/Documents/GitHub/Martel_Ju_TP2_sans_lfs/Content/Game_ThePerfectDate/Meshes/Furnitures/Trailer/Textures/Wood.uasset" 5092
"C:/Users/1869771/Documents/GitHub/Martel_Ju_TP2_sans_lfs/Content/Game_ThePerfectDate/Materials/Vertex_Snapping/Niveau1/MI_Kitchen.uasset" 5093
"/Game/Game_ThePerfectDate/Materials/Vertex_Snapping/Niveau1/MI_Rideaux" 5094
"/Game/Game_ThePerfectDate/Materials/Vertex_Snapping/Niveau1/MI_Sink_Cuisine" 5095
"/Game/Game_ThePerfectDate/Materials/Vertex_Snapping/Niveau1/MI_Table" 5096
"/Game/Game_ThePerfectDate/Materials/Vertex_Snapping/Niveau1/MI_Tiles" 5097
"/Game/Game_ThePerfectDate/Meshes/Furnitures/PSX/Textures/Plaster_02" 5098
"/Game/Game_ThePerfectDate/Materials/Vertex_Snapping/Niveau1/MI_Porte" 5099
"/Game/Game_ThePerfectDate/Materials/Vertex_Snapping/Niveau1/MI_TV" 5100
"C:/Users/1869771/Documents/GitHub/Martel_Ju_TP2_sans_lfs/Content/Game_ThePerfectDate/Materials/Vertex_Snapping/Niveau1/MI_Cigarettes.uasset" 5101
"C:/Users/1869771/Documents/GitHub/Martel_Ju_TP2_sans_lfs/Content/Game_ThePerfectDate/Meshes/Furnitures/Trailer/Textures/Books.uasset" 5102
"C:/Users/1869771/Documents/GitHub/Martel_Ju_TP2_sans_lfs/Content/Game_ThePerfectDate/Materials/Vertex_Snapping/Niveau1/MI_Books.uasset" 5103
"C:/Users/1869771/Documents/GitHub/Martel_Ju_TP2_sans_lfs/Content/Game_ThePerfectDate/Meshes/Furnitures/Trailer/Textures/cupboard_kitchen.uasset" 5104
"C:/Users/1869771/Documents/GitHub/Martel_Ju_TP2_sans_lfs/Content/Game_ThePerfectDate/Meshes/Vinyls/Texture/DefLeppard_T.uasset" 5105
"C:/Users/1869771/Documents/GitHub/Martel_Ju_TP2_sans_lfs/Content/Game_ThePerfectDate/Meshes/Furnitures/Trailer/Textures/knife__holder.uasset" 5106
"C:/Users/1869771/Documents/GitHub/Martel_Ju_TP2_sans_lfs/Content/Game_ThePerfectDate/Materials/Vertex_Snapping/Niveau1/MI_Cadre.uasset" 5107
"C:/Users/1869771/Documents/GitHub/Martel_Ju_TP2_sans_lfs/Content/Game_ThePerfectDate/Materials/Vertex_Snapping/Niveau1/MI_Couteaux.uasset" 5108
"C:/Users/1869771/Documents/GitHub/Martel_Ju_TP2_sans_lfs/Content/Game_ThePerfectDate/Materials/Vertex_Snapping/MI_Vinyls.uasset" 5109
"C:/Users/1869771/Documents/GitHub/Martel_Ju_TP2_sans_lfs/Content/Game_ThePerfectDate/Meshes/Furnitures/Trailer/Textures/Toaster.uasset" 5110
"C:/Users/1869771/Documents/GitHub/Martel_Ju_TP2_sans_lfs/Content/Game_ThePerfectDate/Materials/Vertex_Snapping/MI_Toaster.uasset" 5111
"/Game/Game_ThePerfectDate/Materials/Vertex_Snapping/Niveau1/MI_Etagere" 5112
"C:/Users/1869771/Documents/GitHub/Martel_Ju_TP2_sans_lfs/Content/Game_ThePerfectDate/Meshes/Furnitures/PSX/Textures/Paintings.uasset" 5113
"C:/Users/1869771/Documents/GitHub/Martel_Ju_TP2_sans_lfs/Content/Game_ThePerfectDate/Materials/Vertex_Snapping/Niveau1/MI_Armoire.uasset" 5114
"/Game/Game_ThePerfectDate/Materials/Vertex_Snapping/Niveau1/MI_Fenetres" 5115
"/Game/Game_ThePerfectDate/Materials/Vertex_Snapping/Niveau1/MI_Kitchen" 5116
"../../../../../../Users/1869771/Documents/GitHub/Martel_Ju_TP2_sans_lfs/Content/Game_ThePerfectDate/Meshes/Furnitures/PSX/Textures/Kitchen.uasset" 5117
"/Game/Game_ThePerfectDate/Materials/Vertex_Snapping/Niveau1/MI_Laveuse_Secheuse_Petit" 5118
"../../../../../../Users/1869771/Documents/GitHub/Martel_Ju_TP2_sans_lfs/Content/Game_ThePerfectDate/Meshes/Furnitures/PSX/Textures/Hygiene.uasset" 5119
"/Game/Game_ThePerfectDate/Materials/Vertex_Snapping/Niveau1/MI_Lit" 5120
"/Game/Game_ThePerfectDate/Materials/Vertex_Snapping/Niveau1/MI_Lit2" 5121
"/Game/Game_ThePerfectDate/Materials/Vertex_Snapping/Niveau1/MI_Lit3" 5122
"/Game/Game_ThePerfectDate/Materials/Vertex_Snapping/Niveau1/MI_Maison_Petit" 5123
"/Game/Game_ThePerfectDate/Materials/Vertex_Snapping/Niveau1/MI_Papier_Toilette" 5124
"/Game/Game_ThePerfectDate/Materials/Vertex_Snapping/Niveau1/MI_Photo" 5125
"../../../../../../Users/1869771/Documents/GitHub/Martel_Ju_TP2_sans_lfs/Content/Game_ThePerfectDate/Meshes/Furnitures/Trailer/Textures/Photo_frame.uasset" 5126
"/Game/Game_ThePerfectDate/Materials/Vertex_Snapping/Niveau1/MI_Plancher" 5127
"/Game/Game_ThePerfectDate/Materials/Vertex_Snapping/Niveau1/MI_Plante" 5128
"/Game/Game_ThePerfectDate/Materials/Vertex_Snapping/Niveau1/MI_Cigarettes" 5129
"C:/Users/1869771/Documents/GitHub/Martel_Ju_TP2_sans_lfs/Content/Game_ThePerfectDate/Meshes/Furnitures/PSX/Textures/Plastic_06.uasset" 5130
"C:/Users/1869771/Documents/GitHub/Martel_Ju_TP2_sans_lfs/Content/Game_ThePerfectDate/Materials/Vertex_Snapping/MI_Savon.uasset" 5131
"/Game/Game_ThePerfectDate/Materials/Vertex_Snapping/MI_Toaster" 5132
"C:/Users/1869771/Documents/GitHub/Martel_Ju_TP2_sans_lfs/Content/Game_ThePerfectDate/Meshes/Furnitures/Trailer/Textures/olive_oil.uasset" 5133
"C:/Users/1869771/Documents/GitHub/Martel_Ju_TP2_sans_lfs/Content/Game_ThePerfectDate/Materials/Vertex_Snapping/MI_LedZ.uasset" 5134
"C:/Users/1869771/Documents/GitHub/Martel_Ju_TP2_sans_lfs/Content/Game_ThePerfectDate/Materials/Vertex_Snapping/MI_Hygiene_petit.uasset" 5135
"C:/Users/1869771/Documents/GitHub/Martel_Ju_TP2_sans_lfs/Content/Game_ThePerfectDate/Meshes/Vinyls/Texture/LedZeppelin_T.uasset" 5136
"C:/Users/1869771/Documents/GitHub/Martel_Ju_TP2_sans_lfs/Content/Game_ThePerfectDate/Materials/Vertex_Snapping/MI_Hygiene.uasset" 5137
"C:/Users/1869771/Documents/GitHub/Martel_Ju_TP2_sans_lfs/Content/Game_ThePerfectDate/Materials/Vertex_Snapping/MI_Fleetwood.uasset" 5138
"C:/Users/1869771/Documents/GitHub/Martel_Ju_TP2_sans_lfs/Content/Game_ThePerfectDate/Meshes/Vinyls/Texture/FleetwoodMac_T.uasset" 5139
"C:/Users/1869771/Documents/GitHub/Martel_Ju_TP2_sans_lfs/Content/Game_ThePerfectDate/Meshes/Furnitures/Trailer/Textures/Watering_can.uasset" 5140
"C:/Users/1869771/Documents/GitHub/Martel_Ju_TP2_sans_lfs/Content/Game_ThePerfectDate/Materials/Vertex_Snapping/MI_GraineCafe.uasset" 5141
"C:/Users/1869771/Documents/GitHub/Martel_Ju_TP2_sans_lfs/Content/Game_ThePerfectDate/Meshes/Vinyls/Texture/Bowie_T.uasset" 5142
"C:/Users/1869771/Documents/GitHub/Martel_Ju_TP2_sans_lfs/Content/Game_ThePerfectDate/Meshes/Furnitures/Trailer/Textures/Coffee_maker.uasset" 5143
"C:/Users/1869771/Documents/GitHub/Martel_Ju_TP2_sans_lfs/Content/Game_ThePerfectDate/Materials/Vertex_Snapping/MI_David.uasset" 5144
"C:/Users/1869771/Documents/GitHub/Martel_Ju_TP2_sans_lfs/Content/Game_ThePerfectDate/Materials/Vertex_Snapping/MI_Douche.uasset" 5145
"C:/Users/1869771/Documents/GitHub/Martel_Ju_TP2_sans_lfs/Content/Game_ThePerfectDate/Meshes/Furnitures/PSX/Textures/Broom.uasset" 5146
"C:/Users/1869771/Documents/GitHub/Martel_Ju_TP2_sans_lfs/Content/Game_ThePerfectDate/Meshes/Vinyls/Texture/Aerosmith_T.uasset" 5147
"C:/Users/1869771/Documents/GitHub/Martel_Ju_TP2_sans_lfs/Content/Game_ThePerfectDate/Materials/Vertex_Snapping/MI_Broom.uasset" 5148
"C:/Users/1869771/Documents/GitHub/Martel_Ju_TP2_sans_lfs/Content/Game_ThePerfectDate/Materials/Vertex_Snapping/MI_CafeAppart.uasset" 5149
"C:/Users/1869771/Documents/GitHub/Martel_Ju_TP2_sans_lfs/Content/Game_ThePerfectDate/Materials/Vertex_Snapping/MI_Olive.uasset" 5150
"/Game/Game_ThePerfectDate/Materials/Vertex_Snapping/MI_Vinyls" 5151
"/Game/Game_ThePerfectDate/Materials/Vertex_Snapping/Niveau1/MI_Armoire" 5152
"/Game/Game_ThePerfectDate/Materials/Vertex_Snapping/Niveau1/MI_Books" 5153
"/Game/Game_ThePerfectDate/Materials/Vertex_Snapping/Niveau1/MI_Cadre" 5154
"/Game/Game_ThePerfectDate/Meshes/Furnitures/PSX/Textures/Plastic_06" 5155
"/Game/Game_ThePerfectDate/Materials/Vertex_Snapping/Niveau1/MI_Couteaux" 5156
"C:/Users/1869771/Documents/GitHub/Martel_Ju_TP2_sans_lfs/Content/Game_ThePerfectDate/Images/Texto/iphone-lcfX1.uasset" 5157
"C:/Users/1869771/Documents/GitHub/Martel_Ju_TP2_sans_lfs/Content/Game_ThePerfectDate/Images/Texto/Texto1__2_.uasset" 5158
"C:/Users/1869771/Documents/GitHub/Martel_Ju_TP2_sans_lfs/Content/Game_ThePerfectDate/SFX/Divers/textkeyboard.uasset" 5159
"C:/Users/1869771/Documents/GitHub/Martel_Ju_TP2_sans_lfs/Content/Game_ThePerfectDate/Images/Texto/Phone_1.uasset" 5160
"C:/Users/1869771/Documents/GitHub/Martel_Ju_TP2_sans_lfs/Content/Game_ThePerfectDate/Meshes/Vinyls/Texture/AC-DC_T.uasset" 5161
"C:/Users/1869771/Documents/GitHub/Martel_Ju_TP2_sans_lfs/Content/Game_ThePerfectDate/Images/Texto/Texto2__2_.uasset" 5162
"C:/Users/1869771/Documents/GitHub/Martel_Ju_TP2_sans_lfs/Content/Game_ThePerfectDate/Bluprints/Phone/WBP_Phone.uasset" 5163
"C:/Users/1869771/Documents/GitHub/Martel_Ju_TP2_sans_lfs/Content/Game_ThePerfectDate/Images/Skybox/lilienstein_8k.uasset" 5164
"C:/Users/1869771/Documents/GitHub/Martel_Ju_TP2_sans_lfs/Content/Game_ThePerfectDate/Bluprints/BP_TriggerBox_PorteSortie.uasset" 5165
"C:/Users/1869771/Documents/GitHub/Martel_Ju_TP2_sans_lfs/Content/Game_ThePerfectDate/Bluprints/Phone/WBP_Phone1.uasset" 5166
"/Game/Game_ThePerfectDate/Meshes/Vinyls/Texture/Aerosmith_T" 5167
"C:/Users/1869771/Documents/GitHub/Martel_Ju_TP2_sans_lfs/Content/Game_ThePerfectDate/Images/Texto/dsads.uasset" 5168
"C:/Users/1869771/Documents/GitHub/Martel_Ju_TP2_sans_lfs/Content/Game_ThePerfectDate/Materials/Vertex_Snapping/MI_ACDC.uasset" 5169
"C:/Users/1869771/Documents/GitHub/Martel_Ju_TP2_sans_lfs/Content/Game_ThePerfectDate/Materials/Vertex_Snapping/MI_Aeorsmith.uasset" 5170
"/Game/Game_ThePerfectDate/Materials/Vertex_Snapping/MI_Broom" 5171
"/Game/Game_ThePerfectDate/Materials/Vertex_Snapping/MI_CafeAppart" 5172
"/Game/Game_ThePerfectDate/Materials/Vertex_Snapping/MI_David" 5173
"/Game/Game_ThePerfectDate/Materials/Vertex_Snapping/MI_Douche" 5174
"/Game/Game_ThePerfectDate/Materials/Vertex_Snapping/MI_Fleetwood" 5175
"/Game/Game_ThePerfectDate/Materials/Vertex_Snapping/MI_GraineCafe" 5176
"/Game/Game_ThePerfectDate/Materials/Vertex_Snapping/MI_Hygiene" 5177
"/Game/Game_ThePerfectDate/Materials/Vertex_Snapping/MI_Hygiene_petit" 5178
"/Game/Game_ThePerfectDate/Materials/Vertex_Snapping/MI_LedZ" 5179
"/Game/Game_ThePerfectDate/Materials/Vertex_Snapping/MI_Olive" 5180
"/Game/Game_ThePerfectDate/Images/Texto/iphone-lcfX1" 5181
"/Game/Game_ThePerfectDate/Materials/Vertex_Snapping/MI_Savon" 5182
"C:/Users/1869771/Documents/GitHub/Martel_Ju_TP2_sans_lfs/Content/Game_ThePerfectDate/SFX/Divers/eat.uasset" 5183
"C:/Users/1869771/Documents/GitHub/Martel_Ju_TP2_sans_lfs/Content/Game_ThePerfectDate/Materials/Vertex_Snapping/Niveau1/MI_Food_Petit.uasset" 5184
"C:/Users/1869771/Documents/GitHub/Martel_Ju_TP2_sans_lfs/Content/Game_ThePerfectDate/Bluprints/BP_TB_Douche.uasset" 5185
"C:/Users/1869771/Documents/GitHub/Martel_Ju_TP2_sans_lfs/Content/Game_ThePerfectDate/Meshes/Furnitures/PSX/Textures/Plastic_03.uasset" 5186
"C:/Users/1869771/Documents/GitHub/Martel_Ju_TP2_sans_lfs/Content/Game_ThePerfectDate/SFX/Divers/shower_2.uasset" 5187
"C:/Users/1869771/Documents/GitHub/Martel_Ju_TP2_sans_lfs/Content/Game_ThePerfectDate/Bluprints/BP_Poulet.uasset" 5188
"C:/Users/1869771/Documents/GitHub/Martel_Ju_TP2_sans_lfs/Content/Game_ThePerfectDate/Meshes/Furnitures/PSX/Textures/Plastic_11.uasset" 5189
"C:/Users/1869771/Documents/GitHub/Martel_Ju_TP2_sans_lfs/Content/Game_ThePerfectDate/Meshes/Furnitures/PSX/Fried_chicken_01.uasset" 5190
"C:/Users/1869771/Documents/GitHub/Martel_Ju_TP2_sans_lfs/Content/Game_ThePerfectDate/Meshes/Furnitures/PSX/Material/Plastic_11.uasset" 5191
"/Game/Game_ThePerfectDate/Bluprints/BP_TriggerBox_PorteSortie" 5192
"C:/Users/1869771/Documents/GitHub/Martel_Ju_TP2_sans_lfs/Content/Game_ThePerfectDate/Meshes/Furnitures/PSX/Textures/Plastic_03_Mat.uasset" 5193
"C:/Users/1869771/Documents/GitHub/Martel_Ju_TP2_sans_lfs/Content/Game_ThePerfectDate/Bluprints/BP_Poubelle.uasset" 5194
"C:/Users/1869771/Documents/GitHub/Martel_Ju_TP2_sans_lfs/Content/Game_ThePerfectDate/Meshes/Furnitures/PSX2/Texture/Door_01.uasset" 5195
"C:/Users/1869771/Documents/GitHub/Martel_Ju_TP2_sans_lfs/Content/Game_ThePerfectDate/SFX/Door/door_open_11.uasset" 5196
"C:/Users/1869771/Documents/GitHub/Martel_Ju_TP2_sans_lfs/Content/Game_ThePerfectDate/Meshes/Furnitures/Trailer/Trailer/Door1.uasset" 5197
"C:/Users/1869771/Documents/GitHub/Martel_Ju_TP2_sans_lfs/Content/Game_ThePerfectDate/SFX/Door/door_close_10.uasset" 5198
"C:/Users/1869771/Documents/GitHub/Martel_Ju_TP2_sans_lfs/Content/Game_ThePerfectDate/Materials/Vertex_Snapping/MI_Door.uasset" 5199
"C:/Users/1869771/Documents/GitHub/Martel_Ju_TP2_sans_lfs/Content/Game_ThePerfectDate/Meshes/Furnitures/PSX/Textures/Plastic_11_Mat.uasset" 5200
"C:/Users/1869771/Documents/GitHub/Martel_Ju_TP2_sans_lfs/Content/Game_ThePerfectDate/Meshes/Furnitures/Trailer/Trailer/Door.uasset" 5201
"C:/Users/1869771/Documents/GitHub/Martel_Ju_TP2_sans_lfs/Content/Game_ThePerfectDate/Meshes/Furnitures/PSX/Trash_can_01.uasset" 5202
"C:/Users/1869771/Documents/GitHub/Martel_Ju_TP2_sans_lfs/Content/Game_ThePerfectDate/Meshes/Furnitures/PSX/Material/Plastic_03.uasset" 5203
"/Game/Game_ThePerfectDate/Bluprints/Phone/WBP_Phone" 5204
"/Game/Game_ThePerfectDate/Images/Skybox/lilienstein_8k" 5205
"/Game/Game_ThePerfectDate/Materials/Vertex_Snapping/MI_ACDC" 5206
"/Game/Game_ThePerfectDate/Materials/Vertex_Snapping/MI_Aeorsmith" 5207
"C:/Users/1869771/Documents/GitHub/Martel_Ju_TP2_sans_lfs/Content/Game_ThePerfectDate/Bluprints/BP_PorteToilette.uasset" 5208
"C:/Users/1869771/Documents/GitHub/Martel_Ju_TP2_sans_lfs/Content/Game_ThePerfectDate/Bluprints/BP_Frigo.uasset" 5209
"C:/Users/1869771/Documents/GitHub/Martel_Ju_TP2_sans_lfs/Content/Game_ThePerfectDate/Meshes/Furnitures/PSX/Textures/Kitchen_Mat.uasset" 5210
"C:/Users/1869771/Documents/GitHub/Martel_Ju_TP2_sans_lfs/Content/Game_ThePerfectDate/Meshes/Furnitures/Trailer/Props/Refrigerator_P_01.uasset" 5211
"C:/Users/1869771/Documents/GitHub/Martel_Ju_TP2_sans_lfs/Content/Game_ThePerfectDate/Meshes/Furnitures/Trailer/Materials/Dishes.uasset" 5212
"C:/Users/1869771/Documents/GitHub/Martel_Ju_TP2_sans_lfs/Content/Game_ThePerfectDate/Materials/Vertex_Snapping/Niveau1/MI_Refregirateur.uasset" 5213
"C:/Users/1869771/Documents/GitHub/Martel_Ju_TP2_sans_lfs/Content/Game_ThePerfectDate/Meshes/Furnitures/PSX/Stove_door.uasset" 5214
"C:/Users/1869771/Documents/GitHub/Martel_Ju_TP2_sans_lfs/Content/Game_ThePerfectDate/Bluprints/BP_Photo.uasset" 5215
"C:/Users/1869771/Documents/GitHub/Martel_Ju_TP2_sans_lfs/Content/Game_ThePerfectDate/Meshes/Furnitures/Trailer/Props/Dishes_01.uasset" 5216
"C:/Users/1869771/Documents/GitHub/Martel_Ju_TP2_sans_lfs/Content/Game_ThePerfectDate/Meshes/Furnitures/Trailer/Textures/Dishes.uasset" 5217
"C:/Users/1869771/Documents/GitHub/Martel_Ju_TP2_sans_lfs/Content/Game_ThePerfectDate/Bluprints/BP_Four.uasset" 5218
"C:/Users/1869771/Documents/GitHub/Martel_Ju_TP2_sans_lfs/Content/Game_ThePerfectDate/Meshes/Furnitures/Trailer/Textures/Refrigerator.uasset" 5219
"/Game/Game_ThePerfectDate/SFX/Door/door_close_10" 5220
"/Game/Game_ThePerfectDate/Meshes/Furnitures/Trailer/Trailer/Door1" 5221
"/Game/Game_ThePerfectDate/Materials/Vertex_Snapping/MI_Door" 5222
"/Game/Game_ThePerfectDate/Bluprints/BP_Poubelle" 5223
"/Game/Game_ThePerfectDate/SFX/Door/door_open_11" 5224
"/Game/Game_ThePerfectDate/Bluprints/BP_Poulet" 5225
"/Game/Game_ThePerfectDate/Meshes/Furnitures/PSX/Textures/Kitchen_Mat" 5226
"/Game/Game_ThePerfectDate/Bluprints/BP_TB_Douche" 5227
"/Game/Game_ThePerfectDate/Bluprints/BP_PorteToilette" 5228
"C:/Users/1869771/Documents/GitHub/Martel_Ju_TP2_sans_lfs/Content/Game_ThePerfectDate/Bluprints/BP_Fouiller_Bol.uasset" 5229
"C:/Users/1869771/Documents/GitHub/Martel_Ju_TP2_sans_lfs/Content/Game_ThePerfectDate/Meshes/Furnitures/Trailer/Trailer/Couch.uasset" 5230
"C:/Users/1869771/Documents/GitHub/Martel_Ju_TP2_sans_lfs/Content/Game_ThePerfectDate/Meshes/Furnitures/Trailer/Textures/Couch.uasset" 5231
"C:/Users/1869771/Documents/GitHub/Martel_Ju_TP2_sans_lfs/Content/Game_ThePerfectDate/Meshes/Furnitures/PSX/Textures/Wood_13.uasset" 5232
"C:/Users/1869771/Documents/GitHub/Martel_Ju_TP2_sans_lfs/Content/Game_ThePerfectDate/Materials/Vertex_Snapping/Niveau1/MI_Couch.uasset" 5233
"C:/Users/1869771/Documents/GitHub/Martel_Ju_TP2_sans_lfs/Content/Game_ThePerfectDate/Meshes/Furnitures/Trailer/Trailer/Couch_001.uasset" 5234
"C:/Users/1869771/Documents/GitHub/Martel_Ju_TP2_sans_lfs/Content/Game_ThePerfectDate/SFX/Divers/big_shelves_rotated_2.uasset" 5235
"C:/Users/1869771/Documents/GitHub/Martel_Ju_TP2_sans_lfs/Content/Game_ThePerfectDate/Materials/Vertex_Snapping/Niveau1/MI_Wood_Lit.uasset" 5236
"C:/Users/1869771/Documents/GitHub/Martel_Ju_TP2_sans_lfs/Content/Game_ThePerfectDate/Bluprints/BP_Divan.uasset" 5237
"C:/Users/1869771/Documents/GitHub/Martel_Ju_TP2_sans_lfs/Content/Game_ThePerfectDate/Meshes/Cle/key_low/Textures/key_low_metallic_png-key_low_roughness_png.uasset" 5238
"/Game/Game_ThePerfectDate/Meshes/Furnitures/Trailer/Textures/Dishes" 5239
"C:/Users/1869771/Documents/GitHub/Martel_Ju_TP2_sans_lfs/Content/Game_ThePerfectDate/Meshes/Cle/key_low/Materials/key_low.uasset" 5240
"C:/Users/1869771/Documents/GitHub/Martel_Ju_TP2_sans_lfs/Content/Game_ThePerfectDate/Meshes/Cle/key_low/Textures/key_low_normal.uasset" 5241
"C:/Users/1869771/Documents/GitHub/Martel_Ju_TP2_sans_lfs/Content/Game_ThePerfectDate/Meshes/Cle/key_low/StaticMeshes/key_low.uasset" 5242
"C:/Users/1869771/Documents/GitHub/Martel_Ju_TP2_sans_lfs/Content/Game_ThePerfectDate/Bluprints/BP_Cle.uasset" 5243
"C:/Users/1869771/Documents/GitHub/Martel_Ju_TP2_sans_lfs/Content/Game_ThePerfectDate/Meshes/Cigarettes/Materials/Material_059.uasset" 5244
"C:/Users/1869771/Documents/GitHub/Martel_Ju_TP2_sans_lfs/Content/Game_ThePerfectDate/Meshes/Cle/key_low/Textures/key_low_color.uasset" 5245
"C:/Users/1869771/Documents/GitHub/Martel_Ju_TP2_sans_lfs/Content/Game_ThePerfectDate/Meshes/Cigarettes/Materials/Material_060.uasset" 5246
"C:/Users/1869771/Documents/GitHub/Martel_Ju_TP2_sans_lfs/Content/Game_ThePerfectDate/Meshes/Cigarettes/PackCigaretteStandardOpenCigPulled.uasset" 5247
"C:/Users/1869771/Documents/GitHub/Martel_Ju_TP2_sans_lfs/Content/Game_ThePerfectDate/Meshes/Furnitures/Trailer/Textures/Dishes_Mat.uasset" 5248
"C:/Users/1869771/Documents/GitHub/Martel_Ju_TP2_sans_lfs/Content/Game_ThePerfectDate/Meshes/Cigarettes/Textures/CigaretteTexture.uasset" 5249
"C:/Users/1869771/Documents/GitHub/Martel_Ju_TP2_sans_lfs/Content/Game_ThePerfectDate/Meshes/Cigarettes/Textures/CigaretteTexture_Mat.uasset" 5250
"C:/Users/1869771/Documents/GitHub/Martel_Ju_TP2_sans_lfs/Content/Game_ThePerfectDate/Bluprints/BP_Cigarettes.uasset" 5251
"/Game/Game_ThePerfectDate/Meshes/Furnitures/Trailer/Props/Dishes_01" 5252
"/Game/Game_ThePerfectDate/Bluprints/BP_Four" 5253
"/Game/Game_ThePerfectDate/Bluprints/BP_Frigo" 5254
"/Game/Game_ThePerfectDate/Meshes/Furnitures/Trailer/Trailer/Couch" 5255
"/Game/Game_ThePerfectDate/Bluprints/BP_Photo" 5256
"../../../../../../Users/1869771/Documents/GitHub/Martel_Ju_TP2_sans_lfs/Content/Game_ThePerfectDate/Materials/M_Outline.uasset" 5257
"../../../../../../Users/1869771/Documents/GitHub/Martel_Ju_TP2_sans_lfs/Content/Game_ThePerfectDate/Meshes/Furnitures/Trailer/Textures/Photo_frame_Mat.uasset" 5258
"../../../../../../Users/1869771/Documents/GitHub/Martel_Ju_TP2_sans_lfs/Content/Game_ThePerfectDate/Meshes/Furnitures/Trailer/Props/Photo_frame1.uasset" 5259
"../../../../../../Users/1869771/Documents/GitHub/Martel_Ju_TP2_sans_lfs/Content/Game_ThePerfectDate/Meshes/Furnitures/Trailer/Materials/Photo_frame.uasset" 5260
"C:/Users/1869771/Documents/GitHub/Martel_Ju_TP2_sans_lfs/Content/Game_ThePerfectDate/Meshes/Furnitures/PSX2/Models/Cube_168.uasset" 5261
"C:/Users/1869771/Documents/GitHub/Martel_Ju_TP2_sans_lfs/Content/Game_ThePerfectDate/Materials/grass_02_Mat.uasset" 5262
"C:/Users/1869771/Documents/GitHub/Martel_Ju_TP2_sans_lfs/Content/Game_ThePerfectDate/Meshes/Phone/MasterMaterial_001.uasset" 5263
"C:/Users/1869771/Documents/GitHub/Martel_Ju_TP2_sans_lfs/Content/Game_ThePerfectDate/SFX/Divers/pick_up_wood_1.uasset" 5264
"C:/Users/1869771/Documents/GitHub/Martel_Ju_TP2_sans_lfs/Content/Game_ThePerfectDate/Sequences/SEQ_CutsceneDebut.uasset" 5265
"C:/Users/1869771/Documents/GitHub/Martel_Ju_TP2_sans_lfs/Content/Game_ThePerfectDate/Materials/grass_02.uasset" 5266
"C:/Users/1869771/Documents/GitHub/Martel_Ju_TP2_sans_lfs/Content/Game_ThePerfectDate/Meshes/Phone/Mesh_Phone_Mobile_04.uasset" 5267
"C:/Users/1869771/Documents/GitHub/Martel_Ju_TP2_sans_lfs/Content/Game_ThePerfectDate/Sequences/Asset/PSX_First_Person_Arms_Anim_arms_armature_Collect_something.uasset" 5268
"C:/Users/1869771/Documents/GitHub/Martel_Ju_TP2_sans_lfs/Content/Game_ThePerfectDate/Meshes/Furnitures/PSX2/Materials/TV_06.uasset" 5269
"C:/Users/1869771/Documents/GitHub/Martel_Ju_TP2_sans_lfs/Content/Game_ThePerfectDate/UI/Photo/Image_Photo.uasset" 5270
"C:/Users/1869771/Documents/GitHub/Martel_Ju_TP2_sans_lfs/Content/Game_ThePerfectDate/Sequences/SEQ_Menu.uasset" 5271
"/Game/Game_ThePerfectDate/Bluprints/BP_Cigarettes" 5272
"/Game/Game_ThePerfectDate/Bluprints/BP_Cle" 5273
"/Game/Game_ThePerfectDate/Bluprints/BP_Divan" 5274
"/Game/Game_ThePerfectDate/Meshes/Phone/MasterMaterial_001" 5275
"/Game/Game_ThePerfectDate/Materials/grass_02_Mat" 5276
"/Game/Game_ThePerfectDate/Bluprints/BP_Fouiller_Bol" 5277
"C:/Users/1869771/Documents/GitHub/Martel_Ju_TP2_sans_lfs/Content/Game_ThePerfectDate/Maps/LVL_Niveau1.umap" 5278
"C:/Users/1869771/Documents/GitHub/Martel_Ju_TP2_sans_lfs/Content/Game_ThePerfectDate/Maps/LVL_Menu.umap" 5279
"../../../Engine/Content/EngineSounds/Submixes/MasterReverbEffectPreset.uasset" 5280
"../../../Engine/Content/EngineSounds/Submixes/MasterReverbSubmixDefault.uasset" 5281
"../../../Engine/Content/EngineSounds/Submixes/MasterSubmixDefault.uasset" 5282
"C:/Users/1869771/Documents/GitHub/Martel_Ju_TP2_sans_lfs/Content/Movies/LVL_Niveau1_EDITED.uasset" 5283
"../../../Engine/Content/EngineSounds/Submixes/MasterEQEffectPreset.uasset" 5284
"C:/Users/1869771/Documents/GitHub/Martel_Ju_TP2_sans_lfs/Content/Game_ThePerfectDate/UI/Photo/BP_Image_Photo.uasset" 5285
"../../../Engine/Content/MapTemplates/SM_Template_Map_Floor.uasset" 5286
"../../../Engine/Content/EngineSounds/Submixes/MasterEQSubmixDefault.uasset" 5287
"/Engine/EditorResources/EmptyActor" 5288
"../../../Engine/Content/EditorResources/EmptyActor.uasset" 5289
"/Engine/EditorResources/LightIcons/S_LightError" 5290
"../../../Engine/Content/EditorResources/LightIcons/S_LightError.uasset" 5291
"/Engine/EditorResources/AudioIcons/S_AudioComponent" 5292
"../../../Engine/Content/EditorResources/AudioIcons/S_AudioComponent.uasset" 5293
"/Engine/EditorResources/AudioIcons/S_AudioComponent_AutoActivate" 5294
"../../../Engine/Content/EditorResources/AudioIcons/S_AudioComponent_AutoActivate.uasset" 5295
"../../../Engine/Plugins/Interchange/Assets/Shaders/ThinFilmFunctions.usf" 5296
